 Image intellicareai-web Building 
#1 [internal] load local bake definitions
#1 reading from stdin 526B done
#1 DONE 0.0s

#2 [internal] load build definition from Dockerfile
#2 transferring dockerfile: 460B done
#2 DONE 0.0s

#3 [internal] load metadata for docker.io/library/python:3.12-slim
#3 DONE 1.9s

#4 [internal] load .dockerignore
#4 transferring context: 434B done
#4 DONE 0.0s

#5 [1/6] FROM docker.io/library/python:3.12-slim@sha256:229a2c5bfa27522db7815ea81f9bed70af17ccb9de9fc7ad142b1877b5830d36
#5 resolve docker.io/library/python:3.12-slim@sha256:229a2c5bfa27522db7815ea81f9bed70af17ccb9de9fc7ad142b1877b5830d36 0.0s done
#5 DONE 0.0s

#6 [internal] load build context
#6 transferring context: 41.54kB 0.1s done
#6 DONE 0.1s

#7 [2/6] WORKDIR /app
#7 CACHED

#8 [3/6] RUN apt-get update && apt-get install -y     default-libmysqlclient-dev     gcc     pkg-config     && rm -rf /var/lib/apt/lists/*
#8 CACHED

#9 [4/6] COPY requirements.txt .
#9 CACHED

#10 [5/6] RUN pip install --upgrade pip &&     pip install --no-cache-dir -r requirements.txt
#10 CACHED

#11 [6/6] COPY . .
#11 DONE 1.4s

#12 exporting to image
#12 exporting layers
#12 exporting layers 4.0s done
#12 exporting manifest sha256:649e4a1fb72b8dca68139ab2a55a0aa7d4b17f6848d1db36e8a9a469f0e5b3cd done
#12 exporting config sha256:4b0c595b2978875fef837fbd54662c24b704e026b2ad8e4c06f3ea97e675bf23 done
#12 exporting attestation manifest sha256:45debec7faa20030447b7e4803dc35636528760f7099db3cc4e03a924564364a done
#12 exporting manifest list sha256:6a89f37d646b15fbdd19d2e479de9926dab7e92f7025990826f422571e8fa04e done
#12 naming to docker.io/library/intellicareai-web:latest done
#12 unpacking to docker.io/library/intellicareai-web:latest
#12 unpacking to docker.io/library/intellicareai-web:latest 1.2s done
#12 DONE 5.2s

#13 resolving provenance for metadata file
#13 DONE 0.0s
 Image intellicareai-web Built 
 Container intellicareai-db-1 Running 
 Container intellicareai-web-1 Recreate 
 Container intellicareai-web-1 Recreated 
Attaching to db-1, web-1
 Container intellicareai-web-1 Starting 
 Container intellicareai-web-1 Started 
web-1  | INFO Watching for file changes with StatReloader
web-1  | Performing system checks...
web-1  | 
web-1  | WARNING:absl:Compiled the loaded model, but the compiled metrics have yet to be built. `model.compile_metrics` will be empty until you train or evaluate the model.
web-1  | System check identified no issues (0 silenced).
web-1  | August 11, 2026 - 10:14:42
web-1  | Django version 5.1.2, using settings 'docspot.settings'
web-1  | Starting development server at http://0.0.0.0:8000/
web-1  | Quit the server with CONTROL-C.
web-1  | 
web-1  | INFO "GET / HTTP/1.1" 200 30471
web-1  | INFO:django.server:"GET / HTTP/1.1" 200 30471
web-1  | INFO "GET /static/css/base.css HTTP/1.1" 304 0
web-1  | INFO:django.server:"GET /static/css/base.css HTTP/1.1" 304 0
web-1  | INFO "GET /static/css/components/sidebar.css HTTP/1.1" 304 0
web-1  | INFO:django.server:"GET /static/css/components/sidebar.css HTTP/1.1" 304 0
web-1  | INFO "GET /static/css/landing/modules.css HTTP/1.1" 304 0
web-1  | INFO:django.server:"GET /static/css/landing/modules.css HTTP/1.1" 304 0
web-1  | INFO "GET /static/css/production.css HTTP/1.1" 304 0
web-1  | INFO:django.server:"GET /static/css/production.css HTTP/1.1" 304 0
web-1  | INFO "GET /static/css/landing/technology.css HTTP/1.1" 304 0
web-1  | INFO:django.server:"GET /static/css/landing/technology.css HTTP/1.1" 304 0
web-1  | INFO "GET /static/css/components/topbar.css HTTP/1.1" 304 0
web-1  | INFO:django.server:"GET /static/css/components/topbar.css HTTP/1.1" 304 0
web-1  | INFO "GET /static/css/landing/dashboard-preview.css HTTP/1.1" 304 0
web-1  | INFO:django.server:"GET /static/css/landing/dashboard-preview.css HTTP/1.1" 304 0
web-1  | INFO "GET /static/css/landing/analytics.css HTTP/1.1" 304 0
web-1  | INFO:django.server:"GET /static/css/landing/analytics.css HTTP/1.1" 304 0
web-1  | INFO "GET /static/css/landing/footer.css HTTP/1.1" 304 0
web-1  | INFO:django.server:"GET /static/css/landing/footer.css HTTP/1.1" 304 0
web-1  | INFO "GET /static/css/landing/stats.css HTTP/1.1" 304 0
web-1  | INFO:django.server:"GET /static/css/landing/stats.css HTTP/1.1" 304 0
web-1  | INFO "GET /static/images/hero/hero.png HTTP/1.1" 304 0
web-1  | INFO:django.server:"GET /static/images/hero/hero.png HTTP/1.1" 304 0
web-1  | INFO "GET /static/images/dashboard/dashboard-preview.png HTTP/1.1" 304 0
web-1  | INFO "GET /static/css/landing/hero.css HTTP/1.1" 304 0
web-1  | INFO:django.server:"GET /static/images/dashboard/dashboard-preview.png HTTP/1.1" 304 0
web-1  | INFO:django.server:"GET /static/css/landing/hero.css HTTP/1.1" 304 0
web-1  | INFO "GET /static/js/main.js HTTP/1.1" 304 0
web-1  | INFO:django.server:"GET /static/js/main.js HTTP/1.1" 304 0
web-1  | INFO "GET /static/css/animation.css HTTP/1.1" 304 0
web-1  | INFO:django.server:"GET /static/css/animation.css HTTP/1.1" 304 0
web-1  | INFO "GET /static/css/typography.css HTTP/1.1" 304 0
web-1  | INFO:django.server:"GET /static/css/typography.css HTTP/1.1" 304 0
web-1  | INFO "GET /static/css/variables.css HTTP/1.1" 304 0
web-1  | INFO:django.server:"GET /static/css/variables.css HTTP/1.1" 304 0
web-1  | WARNING "GET /static/images/logo.png HTTP/1.1" 404 1859
web-1  | WARNING:django.server:"GET /static/images/logo.png HTTP/1.1" 404 1859
web-1  | INFO "GET /static/css/components/cards.css HTTP/1.1" 304 0
web-1  | INFO:django.server:"GET /static/css/components/cards.css HTTP/1.1" 304 0
web-1  | INFO "GET /static/css/utilities.css HTTP/1.1" 304 0
web-1  | INFO:django.server:"GET /static/css/utilities.css HTTP/1.1" 304 0
web-1  | INFO "GET /static/css/components/buttons.css HTTP/1.1" 304 0
web-1  | INFO:django.server:"GET /static/css/components/buttons.css HTTP/1.1" 304 0
web-1  | INFO "GET /static/css/components/forms.css HTTP/1.1" 304 0
web-1  | INFO:django.server:"GET /static/css/components/forms.css HTTP/1.1" 304 0
web-1  | INFO "GET /static/css/components/footer.css HTTP/1.1" 304 0
web-1  | INFO:django.server:"GET /static/css/components/footer.css HTTP/1.1" 304 0
web-1  | INFO "GET /static/css/components/charts.css HTTP/1.1" 304 0
web-1  | INFO:django.server:"GET /static/css/components/charts.css HTTP/1.1" 304 0
web-1  | INFO "GET /static/css/components/navigation.css HTTP/1.1" 304 0
web-1  | INFO:django.server:"GET /static/css/components/navigation.css HTTP/1.1" 304 0
web-1  | INFO "GET /static/css/components/page_header.css HTTP/1.1" 304 0
web-1  | INFO:django.server:"GET /static/css/components/page_header.css HTTP/1.1" 304 0
web-1  | DEBUG Vitals Data: Vitals for Patient 12002
web-1  | === ENTERED TRY BLOCK ===
web-1  | /app/pancreas/views.py:93: FutureWarning: Downcasting object dtype arrays on .fillna, .ffill, .bfill is deprecated and will change in a future version. Call result.infer_objects(copy=False) instead. To opt-in to the future behavior, set `pd.set_option('future.no_silent_downcasting', True)`
web-1  |   df = df.fillna(0)
web-1  | DEBUG Diabetes prediction input:
web-1  |    age  urea  creatinine  hba1c  cholesterol  ...  HDL  LDL  VLDL    BMI  sex
web-1  | 0   44     0           0    6.0          100  ...    0    0     0  28.31    F
web-1  | 
web-1  | [1 rows x 11 columns]
web-1  | === ABOUT TO RENDER RESULT ===
web-1  | <class 'str'>
web-1  | urea, creatinine, triglycerides, HDL, LDL, VLDL
web-1  | MODEL_INFO FILE: dict_keys(['heart', 'liver', 'kidney', 'pancreas', 'lungs', 'lung_cancer', 'fitness'])
web-1  | PANCREAS EXISTS: True
web-1  | MODEL_INFO ID: 281473284038272
web-1  | INFO "POST /pancreas/predict/ HTTP/1.1" 200 13657
web-1  | INFO:django.server:"POST /pancreas/predict/ HTTP/1.1" 200 13657
web-1  | DEBUG Vitals Data: Vitals for Patient 12002
web-1  | === ENTERED TRY BLOCK ===
web-1  | /app/pancreas/views.py:93: FutureWarning: Downcasting object dtype arrays on .fillna, .ffill, .bfill is deprecated and will change in a future version. Call result.infer_objects(copy=False) instead. To opt-in to the future behavior, set `pd.set_option('future.no_silent_downcasting', True)`
web-1  |   df = df.fillna(0)
web-1  | DEBUG Diabetes prediction input:
web-1  |    age  urea  creatinine  hba1c  cholesterol  ...  HDL  LDL  VLDL    BMI  sex
web-1  | 0   44     0           0    6.0          100  ...    0    0     0  28.31    F
web-1  | 
web-1  | [1 rows x 11 columns]
web-1  | === ABOUT TO RENDER RESULT ===
web-1  | <class 'str'>
web-1  | urea, creatinine, triglycerides, HDL, LDL, VLDL
web-1  | MODEL_INFO FILE: dict_keys(['heart', 'liver', 'kidney', 'pancreas', 'lungs', 'lung_cancer', 'fitness'])
web-1  | PANCREAS EXISTS: True
web-1  | MODEL_INFO ID: 281473284038272
web-1  | INFO "POST /pancreas/predict/ HTTP/1.1" 200 11495
web-1  | INFO:django.server:"POST /pancreas/predict/ HTTP/1.1" 200 11495
web-1  | INFO /app/main_page/models.py changed, reloading.
web-1  | INFO:django.utils.autoreload:/app/main_page/models.py changed, reloading.
web-1  | INFO Watching for file changes with StatReloader
web-1  | Exception in thread django-main-thread:
web-1  | Traceback (most recent call last):
web-1  |   File "/usr/local/lib/python3.12/threading.py", line 1075, in _bootstrap_inner
web-1  |     self.run()
web-1  |   File "/usr/local/lib/python3.12/threading.py", line 1012, in run
web-1  |     self._target(*self._args, **self._kwargs)
web-1  |   File "/usr/local/lib/python3.12/site-packages/django/utils/autoreload.py", line 64, in wrapper
web-1  |     fn(*args, **kwargs)
web-1  |   File "/usr/local/lib/python3.12/site-packages/django/core/management/commands/runserver.py", line 126, in inner_run
web-1  |     autoreload.raise_last_exception()
web-1  |   File "/usr/local/lib/python3.12/site-packages/django/utils/autoreload.py", line 87, in raise_last_exception
web-1  |     raise _exception[1]
web-1  |   File "/usr/local/lib/python3.12/site-packages/django/core/management/__init__.py", line 394, in execute
web-1  |     autoreload.check_errors(django.setup)()
web-1  |   File "/usr/local/lib/python3.12/site-packages/django/utils/autoreload.py", line 64, in wrapper
web-1  |     fn(*args, **kwargs)
web-1  |   File "/usr/local/lib/python3.12/site-packages/django/__init__.py", line 24, in setup
web-1  |     apps.populate(settings.INSTALLED_APPS)
web-1  |   File "/usr/local/lib/python3.12/site-packages/django/apps/registry.py", line 116, in populate
web-1  |     app_config.import_models()
web-1  |   File "/usr/local/lib/python3.12/site-packages/django/apps/config.py", line 269, in import_models
web-1  |     self.models_module = import_module(models_module_name)
web-1  |                          ^^^^^^^^^^^^^^^^^^^^^^^^^^^^^^^^^
web-1  |   File "/usr/local/lib/python3.12/importlib/__init__.py", line 90, in import_module
web-1  |     return _bootstrap._gcd_import(name[level:], package, level)
web-1  |            ^^^^^^^^^^^^^^^^^^^^^^^^^^^^^^^^^^^^^^^^^^^^^^^^^^^^
web-1  |   File "<frozen importlib._bootstrap>", line 1387, in _gcd_import
web-1  |   File "<frozen importlib._bootstrap>", line 1360, in _find_and_load
web-1  |   File "<frozen importlib._bootstrap>", line 1331, in _find_and_load_unlocked
web-1  |   File "<frozen importlib._bootstrap>", line 935, in _load_unlocked
web-1  |   File "<frozen importlib._bootstrap_external>", line 995, in exec_module
web-1  |   File "<frozen importlib._bootstrap_external>", line 1133, in get_code
web-1  |   File "<frozen importlib._bootstrap_external>", line 1063, in source_to_code
web-1  |   File "<frozen importlib._bootstrap>", line 488, in _call_with_frames_removed
web-1  |   File "/app/main_page/models.py", line 307
web-1  |     def missing_features_list(self):
web-1  | IndentationError: unexpected unindent
web-1  | INFO /app/main_page/models.py changed, reloading.
web-1  | INFO Watching for file changes with StatReloader
web-1  | Exception in thread django-main-thread:
web-1  | Traceback (most recent call last):
web-1  |   File "/usr/local/lib/python3.12/threading.py", line 1075, in _bootstrap_inner
web-1  |     self.run()
web-1  |   File "/usr/local/lib/python3.12/threading.py", line 1012, in run
web-1  |     self._target(*self._args, **self._kwargs)
web-1  |   File "/usr/local/lib/python3.12/site-packages/django/utils/autoreload.py", line 64, in wrapper
web-1  |     fn(*args, **kwargs)
web-1  |   File "/usr/local/lib/python3.12/site-packages/django/core/management/commands/runserver.py", line 126, in inner_run
web-1  |     autoreload.raise_last_exception()
web-1  |   File "/usr/local/lib/python3.12/site-packages/django/utils/autoreload.py", line 87, in raise_last_exception
web-1  |     raise _exception[1]
web-1  |   File "/usr/local/lib/python3.12/site-packages/django/core/management/__init__.py", line 394, in execute
web-1  |     autoreload.check_errors(django.setup)()
web-1  |   File "/usr/local/lib/python3.12/site-packages/django/utils/autoreload.py", line 64, in wrapper
web-1  |     fn(*args, **kwargs)
web-1  |   File "/usr/local/lib/python3.12/site-packages/django/__init__.py", line 24, in setup
web-1  |     apps.populate(settings.INSTALLED_APPS)
web-1  |   File "/usr/local/lib/python3.12/site-packages/django/apps/registry.py", line 116, in populate
web-1  |     app_config.import_models()
web-1  |   File "/usr/local/lib/python3.12/site-packages/django/apps/config.py", line 269, in import_models
web-1  |     self.models_module = import_module(models_module_name)
web-1  |                          ^^^^^^^^^^^^^^^^^^^^^^^^^^^^^^^^^
web-1  |   File "/usr/local/lib/python3.12/importlib/__init__.py", line 90, in import_module
web-1  |     return _bootstrap._gcd_import(name[level:], package, level)
web-1  |            ^^^^^^^^^^^^^^^^^^^^^^^^^^^^^^^^^^^^^^^^^^^^^^^^^^^^
web-1  |   File "<frozen importlib._bootstrap>", line 1387, in _gcd_import
web-1  |   File "<frozen importlib._bootstrap>", line 1360, in _find_and_load
web-1  |   File "<frozen importlib._bootstrap>", line 1331, in _find_and_load_unlocked
web-1  |   File "<frozen importlib._bootstrap>", line 935, in _load_unlocked
web-1  |   File "<frozen importlib._bootstrap_external>", line 995, in exec_module
web-1  |   File "<frozen importlib._bootstrap_external>", line 1133, in get_code
web-1  |   File "<frozen importlib._bootstrap_external>", line 1063, in source_to_code
web-1  |   File "<frozen importlib._bootstrap>", line 488, in _call_with_frames_removed
web-1  |   File "/app/main_page/models.py", line 308
web-1  |     if not self.missing_features:
web-1  |     ^^
web-1  | IndentationError: expected an indented block after function definition on line 307
web-1  | INFO /app/main_page/models.py changed, reloading.
web-1  | INFO Watching for file changes with StatReloader
web-1  | Exception in thread django-main-thread:
web-1  | Traceback (most recent call last):
web-1  |   File "/usr/local/lib/python3.12/threading.py", line 1075, in _bootstrap_inner
web-1  |     self.run()
web-1  |   File "/usr/local/lib/python3.12/threading.py", line 1012, in run
web-1  |     self._target(*self._args, **self._kwargs)
web-1  |   File "/usr/local/lib/python3.12/site-packages/django/utils/autoreload.py", line 64, in wrapper
web-1  |     fn(*args, **kwargs)
web-1  |   File "/usr/local/lib/python3.12/site-packages/django/core/management/commands/runserver.py", line 126, in inner_run
web-1  |     autoreload.raise_last_exception()
web-1  |   File "/usr/local/lib/python3.12/site-packages/django/utils/autoreload.py", line 87, in raise_last_exception
web-1  |     raise _exception[1]
web-1  |   File "/usr/local/lib/python3.12/site-packages/django/core/management/__init__.py", line 394, in execute
web-1  |     autoreload.check_errors(django.setup)()
web-1  |   File "/usr/local/lib/python3.12/site-packages/django/utils/autoreload.py", line 64, in wrapper
web-1  |     fn(*args, **kwargs)
web-1  |   File "/usr/local/lib/python3.12/site-packages/django/__init__.py", line 24, in setup
web-1  |     apps.populate(settings.INSTALLED_APPS)
web-1  |   File "/usr/local/lib/python3.12/site-packages/django/apps/registry.py", line 116, in populate
web-1  |     app_config.import_models()
web-1  |   File "/usr/local/lib/python3.12/site-packages/django/apps/config.py", line 269, in import_models
web-1  |     self.models_module = import_module(models_module_name)
web-1  |                          ^^^^^^^^^^^^^^^^^^^^^^^^^^^^^^^^^
web-1  |   File "/usr/local/lib/python3.12/importlib/__init__.py", line 90, in import_module
web-1  |     return _bootstrap._gcd_import(name[level:], package, level)
web-1  |            ^^^^^^^^^^^^^^^^^^^^^^^^^^^^^^^^^^^^^^^^^^^^^^^^^^^^
web-1  |   File "<frozen importlib._bootstrap>", line 1387, in _gcd_import
web-1  |   File "<frozen importlib._bootstrap>", line 1360, in _find_and_load
web-1  |   File "<frozen importlib._bootstrap>", line 1331, in _find_and_load_unlocked
web-1  |   File "<frozen importlib._bootstrap>", line 935, in _load_unlocked
web-1  |   File "<frozen importlib._bootstrap_external>", line 995, in exec_module
web-1  |   File "<frozen importlib._bootstrap_external>", line 1133, in get_code
web-1  |   File "<frozen importlib._bootstrap_external>", line 1063, in source_to_code
web-1  |   File "<frozen importlib._bootstrap>", line 488, in _call_with_frames_removed
web-1  |   File "/app/main_page/models.py", line 309
web-1  |     return []
web-1  |     ^^^^^^
web-1  | IndentationError: expected an indented block after 'if' statement on line 308
web-1  | INFO /app/main_page/models.py changed, reloading.
web-1  | INFO Watching for file changes with StatReloader
web-1  | Exception in thread django-main-thread:
web-1  | Traceback (most recent call last):
web-1  |   File "/usr/local/lib/python3.12/threading.py", line 1075, in _bootstrap_inner
web-1  |     self.run()
web-1  |   File "/usr/local/lib/python3.12/threading.py", line 1012, in run
web-1  |     self._target(*self._args, **self._kwargs)
web-1  |   File "/usr/local/lib/python3.12/site-packages/django/utils/autoreload.py", line 64, in wrapper
web-1  |     fn(*args, **kwargs)
web-1  |   File "/usr/local/lib/python3.12/site-packages/django/core/management/commands/runserver.py", line 126, in inner_run
web-1  |     autoreload.raise_last_exception()
web-1  |   File "/usr/local/lib/python3.12/site-packages/django/utils/autoreload.py", line 87, in raise_last_exception
web-1  |     raise _exception[1]
web-1  |   File "/usr/local/lib/python3.12/site-packages/django/core/management/__init__.py", line 394, in execute
web-1  |     autoreload.check_errors(django.setup)()
web-1  |   File "/usr/local/lib/python3.12/site-packages/django/utils/autoreload.py", line 64, in wrapper
web-1  |     fn(*args, **kwargs)
web-1  |   File "/usr/local/lib/python3.12/site-packages/django/__init__.py", line 24, in setup
web-1  |     apps.populate(settings.INSTALLED_APPS)
web-1  |   File "/usr/local/lib/python3.12/site-packages/django/apps/registry.py", line 116, in populate
web-1  |     app_config.import_models()
web-1  |   File "/usr/local/lib/python3.12/site-packages/django/apps/config.py", line 269, in import_models
web-1  |     self.models_module = import_module(models_module_name)
web-1  |                          ^^^^^^^^^^^^^^^^^^^^^^^^^^^^^^^^^
web-1  |   File "/usr/local/lib/python3.12/importlib/__init__.py", line 90, in import_module
web-1  |     return _bootstrap._gcd_import(name[level:], package, level)
web-1  |            ^^^^^^^^^^^^^^^^^^^^^^^^^^^^^^^^^^^^^^^^^^^^^^^^^^^^
web-1  |   File "<frozen importlib._bootstrap>", line 1387, in _gcd_import
web-1  |   File "<frozen importlib._bootstrap>", line 1360, in _find_and_load
web-1  |   File "<frozen importlib._bootstrap>", line 1331, in _find_and_load_unlocked
web-1  |   File "<frozen importlib._bootstrap>", line 935, in _load_unlocked
web-1  |   File "<frozen importlib._bootstrap_external>", line 995, in exec_module
web-1  |   File "<frozen importlib._bootstrap_external>", line 1133, in get_code
web-1  |   File "<frozen importlib._bootstrap_external>", line 1063, in source_to_code
web-1  |   File "<frozen importlib._bootstrap>", line 488, in _call_with_frames_removed
web-1  |   File "/app/main_page/models.py", line 311
web-1  |     return [
web-1  |     ^^^^^^^^
web-1  | SyntaxError: 'return' outside function
web-1  | INFO /app/main_page/models.py changed, reloading.
web-1  | INFO Watching for file changes with StatReloader
web-1  | Performing system checks...
web-1  | 
web-1  | WARNING:absl:Compiled the loaded model, but the compiled metrics have yet to be built. `model.compile_metrics` will be empty until you train or evaluate the model.
web-1  | System check identified no issues (0 silenced).
web-1  | August 11, 2026 - 10:34:47
web-1  | Django version 5.1.2, using settings 'docspot.settings'
web-1  | Starting development server at http://0.0.0.0:8000/
web-1  | Quit the server with CONTROL-C.
web-1  | 
web-1  | INFO /app/main_page/models.py changed, reloading.
web-1  | INFO:django.utils.autoreload:/app/main_page/models.py changed, reloading.
web-1  | INFO Watching for file changes with StatReloader
web-1  | Performing system checks...
web-1  | 
web-1  | WARNING:absl:Compiled the loaded model, but the compiled metrics have yet to be built. `model.compile_metrics` will be empty until you train or evaluate the model.
web-1  | System check identified no issues (0 silenced).
web-1  | August 11, 2026 - 10:34:53
web-1  | Django version 5.1.2, using settings 'docspot.settings'
web-1  | Starting development server at http://0.0.0.0:8000/
web-1  | Quit the server with CONTROL-C.
web-1  | 
web-1  | DEBUG Vitals Data: Vitals for Patient 12002
web-1  | === ENTERED TRY BLOCK ===
web-1  | /app/pancreas/views.py:93: FutureWarning: Downcasting object dtype arrays on .fillna, .ffill, .bfill is deprecated and will change in a future version. Call result.infer_objects(copy=False) instead. To opt-in to the future behavior, set `pd.set_option('future.no_silent_downcasting', True)`
web-1  |   df = df.fillna(0)
web-1  | DEBUG Diabetes prediction input:
web-1  |    age  urea  creatinine  hba1c  cholesterol  ...  HDL  LDL  VLDL    BMI  sex
web-1  | 0   44     0           0    6.0          100  ...    0    0     0  28.31    F
web-1  | 
web-1  | [1 rows x 11 columns]
web-1  | === ABOUT TO RENDER RESULT ===
web-1  | <class 'str'>
web-1  | urea, creatinine, triglycerides, HDL, LDL, VLDL
web-1  | MODEL_INFO FILE: dict_keys(['heart', 'liver', 'kidney', 'pancreas', 'lungs', 'lung_cancer', 'fitness'])
web-1  | PANCREAS EXISTS: True
web-1  | MODEL_INFO ID: 281472983564224
web-1  | INFO "POST /pancreas/predict/ HTTP/1.1" 200 13657
web-1  | INFO:django.server:"POST /pancreas/predict/ HTTP/1.1" 200 13657
web-1  | DEBUG Vitals Data: Vitals for Patient 12002
web-1  | === ENTERED TRY BLOCK ===
web-1  | /app/pancreas/views.py:93: FutureWarning: Downcasting object dtype arrays on .fillna, .ffill, .bfill is deprecated and will change in a future version. Call result.infer_objects(copy=False) instead. To opt-in to the future behavior, set `pd.set_option('future.no_silent_downcasting', True)`
web-1  |   df = df.fillna(0)
web-1  | DEBUG Diabetes prediction input:
web-1  |    age  urea  creatinine  hba1c  cholesterol  ...  HDL  LDL  VLDL    BMI  sex
web-1  | 0   44     0           0    6.0          100  ...    0    0     0  28.31    F
web-1  | 
web-1  | [1 rows x 11 columns]
web-1  | === ABOUT TO RENDER RESULT ===
web-1  | <class 'str'>
web-1  | urea, creatinine, triglycerides, HDL, LDL, VLDL
web-1  | MODEL_INFO FILE: dict_keys(['heart', 'liver', 'kidney', 'pancreas', 'lungs', 'lung_cancer', 'fitness'])
web-1  | PANCREAS EXISTS: True
web-1  | MODEL_INFO ID: 281472983564224
web-1  | INFO "POST /pancreas/predict/ HTTP/1.1" 200 13657
web-1  | INFO:django.server:"POST /pancreas/predict/ HTTP/1.1" 200 13657
web-1  | INFO "GET /static/css/base.css HTTP/1.1" 200 516
web-1  | INFO:django.server:"GET /static/css/base.css HTTP/1.1" 200 516
web-1  | INFO "GET /static/css/pages/result.css HTTP/1.1" 200 3591
web-1  | INFO:django.server:"GET /static/css/pages/result.css HTTP/1.1" 200 3591
web-1  | INFO "GET /static/css/components/sidebar.css HTTP/1.1" 200 2031
web-1  | INFO:django.server:"GET /static/css/components/sidebar.css HTTP/1.1" 200 2031
web-1  | INFO "GET /static/css/production.css HTTP/1.1" 200 7851
web-1  | INFO:django.server:"GET /static/css/production.css HTTP/1.1" 200 7851
web-1  | INFO "GET /static/css/components/topbar.css HTTP/1.1" 200 2215
web-1  | INFO:django.server:"GET /static/css/components/topbar.css HTTP/1.1" 200 2215
web-1  | INFO "GET /static/css/typography.css HTTP/1.1" 200 282
web-1  | INFO:django.server:"GET /static/css/typography.css HTTP/1.1" 200 282
web-1  | INFO "GET /static/js/main.js HTTP/1.1" 200 175
web-1  | INFO "GET /static/css/variables.css HTTP/1.1" 200 722
web-1  | INFO:django.server:"GET /static/js/main.js HTTP/1.1" 200 175
web-1  | INFO:django.server:"GET /static/css/variables.css HTTP/1.1" 200 722
web-1  | INFO "GET /static/css/pages/prediction.css HTTP/1.1" 200 10524
web-1  | INFO:django.server:"GET /static/css/pages/prediction.css HTTP/1.1" 200 10524
web-1  | INFO "GET /static/css/utilities.css HTTP/1.1" 200 1179
web-1  | INFO:django.server:"GET /static/css/utilities.css HTTP/1.1" 200 1179
web-1  | INFO "GET /static/css/components/forms.css HTTP/1.1" 200 0
web-1  | INFO:django.server:"GET /static/css/components/forms.css HTTP/1.1" 200 0
web-1  | INFO "GET /static/css/components/cards.css HTTP/1.1" 200 7828
web-1  | INFO:django.server:"GET /static/css/components/cards.css HTTP/1.1" 200 7828
web-1  | INFO "GET /static/css/animation.css HTTP/1.1" 200 532
web-1  | INFO "GET /static/css/components/navigation.css HTTP/1.1" 200 0
web-1  | INFO:django.server:"GET /static/css/animation.css HTTP/1.1" 200 532
web-1  | INFO "GET /static/css/components/buttons.css HTTP/1.1" 200 1325
web-1  | INFO "GET /static/css/components/charts.css HTTP/1.1" 200 1940
web-1  | INFO:django.server:"GET /static/css/components/navigation.css HTTP/1.1" 200 0
web-1  | INFO:django.server:"GET /static/css/components/buttons.css HTTP/1.1" 200 1325
web-1  | INFO "GET /static/css/components/page_header.css HTTP/1.1" 200 564
web-1  | INFO:django.server:"GET /static/css/components/charts.css HTTP/1.1" 200 1940
web-1  | INFO:django.server:"GET /static/css/components/page_header.css HTTP/1.1" 200 564
web-1  | INFO "GET /static/css/components/footer.css HTTP/1.1" 200 188
web-1  | INFO:django.server:"GET /static/css/components/footer.css HTTP/1.1" 200 188
web-1  | WARNING Not Found: /favicon.ico
web-1  | WARNING:django.request:Not Found: /favicon.ico
web-1  | WARNING "GET /favicon.ico HTTP/1.1" 404 7901
web-1  | WARNING:django.server:"GET /favicon.ico HTTP/1.1" 404 7901
web-1  | DEBUG Vitals Data: Vitals for Patient 12002
web-1  | === ENTERED TRY BLOCK ===
web-1  | /app/pancreas/views.py:93: FutureWarning: Downcasting object dtype arrays on .fillna, .ffill, .bfill is deprecated and will change in a future version. Call result.infer_objects(copy=False) instead. To opt-in to the future behavior, set `pd.set_option('future.no_silent_downcasting', True)`
web-1  |   df = df.fillna(0)
web-1  | DEBUG Diabetes prediction input:
web-1  |    age  urea  creatinine  hba1c  cholesterol  ...  HDL  LDL  VLDL    BMI  sex
web-1  | 0   44     0           0    6.0          100  ...    0    0     0  28.31    F
web-1  | 
web-1  | [1 rows x 11 columns]
web-1  | === ABOUT TO RENDER RESULT ===
web-1  | <class 'str'>
web-1  | urea, creatinine, triglycerides, HDL, LDL, VLDL
web-1  | MODEL_INFO FILE: dict_keys(['heart', 'liver', 'kidney', 'pancreas', 'lungs', 'lung_cancer', 'fitness'])
web-1  | PANCREAS EXISTS: True
web-1  | MODEL_INFO ID: 281472983564224
web-1  | INFO "POST /pancreas/predict/ HTTP/1.1" 200 11802
web-1  | INFO:django.server:"POST /pancreas/predict/ HTTP/1.1" 200 11802
web-1  | INFO /app/pancreas/views.py changed, reloading.
web-1  | INFO:django.utils.autoreload:/app/pancreas/views.py changed, reloading.
web-1  | INFO Watching for file changes with StatReloader
web-1  | Performing system checks...
web-1  | 
web-1  | WARNING:absl:Compiled the loaded model, but the compiled metrics have yet to be built. `model.compile_metrics` will be empty until you train or evaluate the model.
web-1  | System check identified no issues (0 silenced).
web-1  | August 11, 2026 - 10:41:14
web-1  | Django version 5.1.2, using settings 'docspot.settings'
web-1  | Starting development server at http://0.0.0.0:8000/
web-1  | Quit the server with CONTROL-C.
web-1  | 
web-1  | INFO "GET / HTTP/1.1" 200 30480
web-1  | INFO:django.server:"GET / HTTP/1.1" 200 30480
web-1  | INFO "GET /static/css/landing/hero.css HTTP/1.1" 200 3057
web-1  | INFO:django.server:"GET /static/css/landing/hero.css HTTP/1.1" 200 3057
web-1  | INFO "GET /static/css/landing/footer.css HTTP/1.1" 200 3845
web-1  | INFO:django.server:"GET /static/css/landing/footer.css HTTP/1.1" 200 3845
web-1  | INFO "GET /static/css/landing/stats.css HTTP/1.1" 200 2744
web-1  | INFO:django.server:"GET /static/css/landing/stats.css HTTP/1.1" 200 2744
web-1  | INFO "GET /static/css/landing/dashboard-preview.css HTTP/1.1" 200 4219
web-1  | INFO:django.server:"GET /static/css/landing/dashboard-preview.css HTTP/1.1" 200 4219
web-1  | INFO "GET /static/css/landing/analytics.css HTTP/1.1" 200 2545
web-1  | INFO:django.server:"GET /static/css/landing/analytics.css HTTP/1.1" 200 2545
web-1  | INFO "GET /static/css/landing/modules.css HTTP/1.1" 200 6408
web-1  | INFO:django.server:"GET /static/css/landing/modules.css HTTP/1.1" 200 6408
web-1  | INFO "GET /static/css/landing/technology.css HTTP/1.1" 200 3493
web-1  | INFO:django.server:"GET /static/css/landing/technology.css HTTP/1.1" 200 3493
web-1  | INFO "GET /static/images/hero/hero.png HTTP/1.1" 200 1713216
web-1  | INFO:django.server:"GET /static/images/hero/hero.png HTTP/1.1" 200 1713216
web-1  | INFO "GET /static/images/dashboard/dashboard-preview.png HTTP/1.1" 200 1793438
web-1  | INFO:django.server:"GET /static/images/dashboard/dashboard-preview.png HTTP/1.1" 200 1793438
web-1  | INFO "GET /login/ HTTP/1.1" 200 4027
web-1  | INFO:django.server:"GET /login/ HTTP/1.1" 200 4027
web-1  | INFO "GET /static/css/pages/login.css HTTP/1.1" 200 1020
web-1  | INFO:django.server:"GET /static/css/pages/login.css HTTP/1.1" 200 1020
web-1  | WARNING "GET /static/images/hero.png HTTP/1.1" 404 1859
web-1  | WARNING:django.server:"GET /static/images/hero.png HTTP/1.1" 404 1859
web-1  | INFO "POST /login/ HTTP/1.1" 302 0
web-1  | INFO:django.server:"POST /login/ HTTP/1.1" 302 0
web-1  | DEBUG Dashboard Metrics: {'count_green': 0, 'count_yellow': 1, 'count_red': 2, 'total_predictions': 3, 'health_score': 0.5, 'health_percentage': 17, 'health_status': 'High Risk', 'status_color': 'danger'}
web-1  | INFO "GET /home/ HTTP/1.1" 200 35348
web-1  | INFO:django.server:"GET /home/ HTTP/1.1" 200 35348
web-1  | INFO "GET /static/css/pages/dashboard.css HTTP/1.1" 200 12000
web-1  | INFO:django.server:"GET /static/css/pages/dashboard.css HTTP/1.1" 200 12000
web-1  | INFO "GET /static/css/pages/analytics.css HTTP/1.1" 200 7569
web-1  | INFO:django.server:"GET /static/css/pages/analytics.css HTTP/1.1" 200 7569
web-1  | INFO "GET /static/js/analytics.js HTTP/1.1" 200 5159
web-1  | INFO:django.server:"GET /static/js/analytics.js HTTP/1.1" 200 5159
web-1  | WARNING Not Found: /apple-touch-icon-precomposed.png
web-1  | WARNING:django.request:Not Found: /apple-touch-icon-precomposed.png
web-1  | WARNING Not Found: /apple-touch-icon.png
web-1  | WARNING:django.request:Not Found: /apple-touch-icon.png
web-1  | WARNING "GET /apple-touch-icon-precomposed.png HTTP/1.1" 404 7964
web-1  | WARNING:django.server:"GET /apple-touch-icon-precomposed.png HTTP/1.1" 404 7964
web-1  | WARNING "GET /apple-touch-icon.png HTTP/1.1" 404 7928
web-1  | WARNING:django.server:"GET /apple-touch-icon.png HTTP/1.1" 404 7928
web-1  | WARNING Not Found: /favicon.ico
web-1  | WARNING:django.request:Not Found: /favicon.ico
web-1  | WARNING "GET /favicon.ico HTTP/1.1" 404 7901
web-1  | WARNING:django.server:"GET /favicon.ico HTTP/1.1" 404 7901
web-1  | DEBUG Vitals Data: Vitals for Patient 12002
web-1  | === RENDERING PREDICTION FORM ===
web-1  | INFO "GET /pancreas/predict/ HTTP/1.1" 200 10548
web-1  | INFO:django.server:"GET /pancreas/predict/ HTTP/1.1" 200 10548
web-1  | DEBUG Vitals Data: Vitals for Patient 12002
web-1  | === ENTERED TRY BLOCK ===
web-1  | /app/pancreas/views.py:93: FutureWarning: Downcasting object dtype arrays on .fillna, .ffill, .bfill is deprecated and will change in a future version. Call result.infer_objects(copy=False) instead. To opt-in to the future behavior, set `pd.set_option('future.no_silent_downcasting', True)`
web-1  |   df = df.fillna(0)
web-1  | DEBUG Diabetes prediction input:
web-1  |    age  urea  creatinine  hba1c  cholesterol  ...  HDL  LDL  VLDL    BMI  sex
web-1  | 0   44     0           0    4.0            0  ...    0    0     0  28.31    F
web-1  | 
web-1  | [1 rows x 11 columns]
web-1  | === ABOUT TO RENDER RESULT ===
web-1  | <class 'str'>
web-1  | urea, creatinine, cholesterol, triglycerides, HDL, LDL, VLDL
web-1  | MODEL_INFO FILE: dict_keys(['heart', 'liver', 'kidney', 'pancreas', 'lungs', 'lung_cancer', 'fitness'])
web-1  | PANCREAS EXISTS: True
web-1  | MODEL_INFO ID: 281472768335232
web-1  | INFO "POST /pancreas/predict/ HTTP/1.1" 200 11660
web-1  | INFO:django.server:"POST /pancreas/predict/ HTTP/1.1" 200 11660
web-1  | DEBUG Dashboard Metrics: {'count_green': 0, 'count_yellow': 1, 'count_red': 2, 'total_predictions': 3, 'health_score': 0.5, 'health_percentage': 17, 'health_status': 'High Risk', 'status_color': 'danger'}
web-1  | INFO "GET /home/ HTTP/1.1" 200 35342
web-1  | INFO:django.server:"GET /home/ HTTP/1.1" 200 35342
web-1  | === RENDERING PREDICTION FORM ===
web-1  | INFO "GET /heart/predict/ HTTP/1.1" 200 15466
web-1  | INFO:django.server:"GET /heart/predict/ HTTP/1.1" 200 15466
web-1  | === POST RECEIVED ===
web-1  | === FORM VALID ===
web-1  | === ENTERED TRY BLOCK ===
web-1  | /app/heart/views.py:86: FutureWarning: Downcasting object dtype arrays on .fillna, .ffill, .bfill is deprecated and will change in a future version. Call result.infer_objects(copy=False) instead. To opt-in to the future behavior, set `pd.set_option('future.no_silent_downcasting', True)`
web-1  |   df = df.fillna(0)
web-1  | === ABOUT TO RENDER RESULT ===
web-1  | INFO "POST /heart/predict/ HTTP/1.1" 200 10151
web-1  | INFO:django.server:"POST /heart/predict/ HTTP/1.1" 200 10151
web-1  | INFO /app/heart/views.py changed, reloading.
web-1  | INFO:django.utils.autoreload:/app/heart/views.py changed, reloading.
web-1  | Performing system checks...
web-1  | 
web-1  | INFO Watching for file changes with StatReloader
web-1  | WARNING:absl:Compiled the loaded model, but the compiled metrics have yet to be built. `model.compile_metrics` will be empty until you train or evaluate the model.
web-1  | System check identified no issues (0 silenced).
web-1  | August 11, 2026 - 10:43:13
web-1  | Django version 5.1.2, using settings 'docspot.settings'
web-1  | Starting development server at http://0.0.0.0:8000/
web-1  | Quit the server with CONTROL-C.
web-1  | 
web-1  | === POST RECEIVED ===
web-1  | === FORM VALID ===
web-1  | === ENTERED TRY BLOCK ===
web-1  | /app/heart/views.py:86: FutureWarning: Downcasting object dtype arrays on .fillna, .ffill, .bfill is deprecated and will change in a future version. Call result.infer_objects(copy=False) instead. To opt-in to the future behavior, set `pd.set_option('future.no_silent_downcasting', True)`
web-1  |   df = df.fillna(0)
web-1  | === ABOUT TO RENDER RESULT ===
web-1  | INFO "POST /heart/predict/ HTTP/1.1" 200 10138
web-1  | INFO:django.server:"POST /heart/predict/ HTTP/1.1" 200 10138
intellicareai-web-run-bf3f5fa3fe85  | Python 3.12.13 (main, Aug  5 2026, 01:16:26) [GCC 14.2.0] on linux
intellicareai-web-run-bf3f5fa3fe85  | Type "help", "copyright", "credits" or "license" for more information.
intellicareai-web-run-bf3f5fa3fe85  | (InteractiveConsole)
intellicareai-web-run-bf3f5fa3fe85  | >>> from heart.views import get_diagnosis_model
intellicareai-web-run-bf3f5fa3fe85  | >>> 
intellicareai-web-run-bf3f5fa3fe85  | >>> model = get_diagnosis_model()
intellicareai-web-run-bf3f5fa3fe85  | >>> 
intellicareai-web-run-bf3f5fa3fe85  | >>> print(model.classes_)
intellicareai-web-run-bf3f5fa3fe85  | ['Angina Symptoms Detected' 'Arrhythmia' 'Congestive Heart Failure'
intellicareai-web-run-bf3f5fa3fe85  |  'High Risk of Heart Disease' 'Normal' 'Possible Exercise-Induced Angina']
intellicareai-web-run-bf3f5fa3fe85  | >>>     from heart.views import get_diagnosis_model, process_heart_data
intellicareai-web-run-bf3f5fa3fe85  |   File "<console>", line 1
intellicareai-web-run-bf3f5fa3fe85  |     	from heart.views import get_diagnosis_model, process_heart_data
intellicareai-web-run-bf3f5fa3fe85  |     ^
intellicareai-web-run-bf3f5fa3fe85  | IndentationError: unexpected indent
intellicareai-web-run-bf3f5fa3fe85  | >>> 
intellicareai-web-run-bf3f5fa3fe85  | >>> model = get_diagnosis_model()
intellicareai-web-run-bf3f5fa3fe85  | >>> 
intellicareai-web-run-bf3f5fa3fe85  | >>> for age in [25,40,60,80]:
intellicareai-web-run-bf3f5fa3fe85  | ...     sample = {
intellicareai-web-run-bf3f5fa3fe85  | ...         "age": age,
intellicareai-web-run-bf3f5fa3fe85  | ...         "sex":"1",
intellicareai-web-run-bf3f5fa3fe85  | ...         "chestpain":"0",
intellicareai-web-run-bf3f5fa3fe85  | ...         "restingBP":120,
intellicareai-web-run-bf3f5fa3fe85  | ...         "cholesterol":180,
intellicareai-web-run-bf3f5fa3fe85  | ...         "fastingbloodsugar":"0",
intellicareai-web-run-bf3f5fa3fe85  | ...         "restingrelectro":"0",
intellicareai-web-run-bf3f5fa3fe85  | ...         "maxheartrate":170,
intellicareai-web-run-bf3f5fa3fe85  | ...         "exerciseangia":"0",
intellicareai-web-run-bf3f5fa3fe85  | ...         "oldpeak":0,
intellicareai-web-run-bf3f5fa3fe85  | ...         "slope":"2",
intellicareai-web-run-bf3f5fa3fe85  | ...         "noofmajorvessels":"0",
intellicareai-web-run-bf3f5fa3fe85  | ...     }
intellicareai-web-run-bf3f5fa3fe85  | ... 
intellicareai-web-run-bf3f5fa3fe85  | >>>     x = process_heart_data(sample)
intellicareai-web-run-bf3f5fa3fe85  |   File "<console>", line 1
intellicareai-web-run-bf3f5fa3fe85  |     x = process_heart_data(sample)
intellicareai-web-run-bf3f5fa3fe85  | IndentationError: unexpected indent
intellicareai-web-run-bf3f5fa3fe85  | >>> 
intellicareai-web-run-bf3f5fa3fe85  | >>>     print(model.predict(x))
intellicareai-web-run-bf3f5fa3fe85  |   File "<console>", line 1
intellicareai-web-run-bf3f5fa3fe85  |     print(model.predict(x))
intellicareai-web-run-bf3f5fa3fe85  | IndentationError: unexpected indent
intellicareai-web-run-bf3f5fa3fe85  | >>> from heart.views import get_diagnosis_model, process_heart_data
intellicareai-web-run-bf3f5fa3fe85  | >>> 
intellicareai-web-run-bf3f5fa3fe85  | >>> model = get_diagnosis_model()
intellicareai-web-run-bf3f5fa3fe85  | >>> 
intellicareai-web-run-bf3f5fa3fe85  | >>> for age in [25,40,60,80]:
intellicareai-web-run-bf3f5fa3fe85  | ...     sample = {
intellicareai-web-run-bf3f5fa3fe85  | ...         "age": age,
intellicareai-web-run-bf3f5fa3fe85  | ...         "sex":"1",
intellicareai-web-run-bf3f5fa3fe85  | ...         "chestpain":"0",
intellicareai-web-run-bf3f5fa3fe85  | ...         "restingBP":120,
intellicareai-web-run-bf3f5fa3fe85  | ...         "cholesterol":180,
intellicareai-web-run-bf3f5fa3fe85  | ...         "fastingbloodsugar":"0",
intellicareai-web-run-bf3f5fa3fe85  | ...         "restingrelectro":"0",
intellicareai-web-run-bf3f5fa3fe85  | ...         "maxheartrate":170,
intellicareai-web-run-bf3f5fa3fe85  | ...         "exerciseangia":"0",
intellicareai-web-run-bf3f5fa3fe85  | ...         "oldpeak":0,
intellicareai-web-run-bf3f5fa3fe85  | ...         "slope":"2",
intellicareai-web-run-bf3f5fa3fe85  | ...         "noofmajorvessels":"0",
intellicareai-web-run-bf3f5fa3fe85  | ...     }
intellicareai-web-run-bf3f5fa3fe85  | ... 
intellicareai-web-run-bf3f5fa3fe85  | >>>     x = process_heart_data(sample)
intellicareai-web-run-bf3f5fa3fe85  |   File "<console>", line 1
intellicareai-web-run-bf3f5fa3fe85  |     x = process_heart_data(sample)
intellicareai-web-run-bf3f5fa3fe85  | IndentationError: unexpected indent
intellicareai-web-run-bf3f5fa3fe85  | >>> 
intellicareai-web-run-bf3f5fa3fe85  | >>>     print(model.predict(x))
intellicareai-web-run-bf3f5fa3fe85  |   File "<console>", line 1
intellicareai-web-run-bf3f5fa3fe85  |     print(model.predict(x))
intellicareai-web-run-bf3f5fa3fe85  | IndentationError: unexpected indent
intellicareai-web-run-bf3f5fa3fe85  | >>> from heart.views import get_diagnosis_model, process_heart_data
intellicareai-web-run-bf3f5fa3fe85  | >>> 
intellicareai-web-run-bf3f5fa3fe85  | >>> model = get_diagnosis_model()
intellicareai-web-run-bf3f5fa3fe85  | >>> 
intellicareai-web-run-bf3f5fa3fe85  | >>> for age in [25,40,60,80]:
intellicareai-web-run-bf3f5fa3fe85  | ...     sample = {
intellicareai-web-run-bf3f5fa3fe85  | ...         "age": age,
intellicareai-web-run-bf3f5fa3fe85  | ...         "sex":"1",
intellicareai-web-run-bf3f5fa3fe85  | ...         "chestpain":"0",
intellicareai-web-run-bf3f5fa3fe85  | ...         "restingBP":120,
intellicareai-web-run-bf3f5fa3fe85  | ...         "cholesterol":180,
intellicareai-web-run-bf3f5fa3fe85  | ...         "fastingbloodsugar":"0",
intellicareai-web-run-bf3f5fa3fe85  | ...         "restingrelectro":"0",
intellicareai-web-run-bf3f5fa3fe85  | ...         "maxheartrate":170,
intellicareai-web-run-bf3f5fa3fe85  | ...         "exerciseangia":"0",
intellicareai-web-run-bf3f5fa3fe85  | ...         "oldpeak":0,
intellicareai-web-run-bf3f5fa3fe85  | ...         "slope":"2",
intellicareai-web-run-bf3f5fa3fe85  | ...         "noofmajorvessels":"0",
intellicareai-web-run-bf3f5fa3fe85  | ...     }
intellicareai-web-run-bf3f5fa3fe85  | ... 
intellicareai-web-run-bf3f5fa3fe85  | >>>     x = process_heart_data(sample)
intellicareai-web-run-bf3f5fa3fe85  |   File "<console>", line 1
intellicareai-web-run-bf3f5fa3fe85  |     x = process_heart_data(sample)
intellicareai-web-run-bf3f5fa3fe85  | IndentationError: unexpected indent
intellicareai-web-run-bf3f5fa3fe85  | >>> 
intellicareai-web-run-bf3f5fa3fe85  | >>>     print(model.predict(x))
intellicareai-web-run-bf3f5fa3fe85  |   File "<console>", line 1
intellicareai-web-run-bf3f5fa3fe85  |     print(model.predict(x))
intellicareai-web-run-bf3f5fa3fe85  | IndentationError: unexpected indent
intellicareai-web-run-bf3f5fa3fe85  | >>> from heart.views import get_diagnosis_model, process_heart_data
intellicareai-web-run-bf3f5fa3fe85  | >>> 
intellicareai-web-run-bf3f5fa3fe85  | >>> model = get_diagnosis_model()
intellicareai-web-run-bf3f5fa3fe85  | >>> 
intellicareai-web-run-bf3f5fa3fe85  | >>> for age in [25, 40, 60, 80]:
intellicareai-web-run-bf3f5fa3fe85  | ...     sample = {
intellicareai-web-run-bf3f5fa3fe85  | ...         "age": age,
intellicareai-web-run-bf3f5fa3fe85  | ...         "sex": "1",
intellicareai-web-run-bf3f5fa3fe85  | ...         "chestpain": "0",
intellicareai-web-run-bf3f5fa3fe85  | ...         "restingBP": 120,
intellicareai-web-run-bf3f5fa3fe85  | ...         "cholesterol": 180,
intellicareai-web-run-bf3f5fa3fe85  | ...         "fastingbloodsugar": "0",
intellicareai-web-run-bf3f5fa3fe85  | ...         "restingrelectro": "0",
intellicareai-web-run-bf3f5fa3fe85  | ...         "maxheartrate": 170,
intellicareai-web-run-bf3f5fa3fe85  | ...         "exerciseangia": "0",
intellicareai-web-run-bf3f5fa3fe85  | ...         "oldpeak": 0,
intellicareai-web-run-bf3f5fa3fe85  | ...         "slope": "2",
intellicareai-web-run-bf3f5fa3fe85  | ...         "noofmajorvessels": "0",
intellicareai-web-run-bf3f5fa3fe85  | ...     }
intellicareai-web-run-bf3f5fa3fe85  | ... 
intellicareai-web-run-bf3f5fa3fe85  | >>>     x = process_heart_data(sample)
intellicareai-web-run-bf3f5fa3fe85  |   File "<console>", line 1
intellicareai-web-run-bf3f5fa3fe85  |     x = process_heart_data(sample)
intellicareai-web-run-bf3f5fa3fe85  | IndentationError: unexpected indent
intellicareai-web-run-bf3f5fa3fe85  | >>> 
intellicareai-web-run-bf3f5fa3fe85  | >>>     print(
intellicareai-web-run-bf3f5fa3fe85  |   File "<console>", line 1
intellicareai-web-run-bf3f5fa3fe85  |     print(
intellicareai-web-run-bf3f5fa3fe85  | IndentationError: unexpected indent
intellicareai-web-run-bf3f5fa3fe85  | >>>         age,
intellicareai-web-run-bf3f5fa3fe85  |   File "<console>", line 1
intellicareai-web-run-bf3f5fa3fe85  |     age,
intellicareai-web-run-bf3f5fa3fe85  | IndentationError: unexpected indent
intellicareai-web-run-bf3f5fa3fe85  | >>>         model.predict(x)[0],
intellicareai-web-run-bf3f5fa3fe85  |   File "<console>", line 1
intellicareai-web-run-bf3f5fa3fe85  |     model.predict(x)[0],
intellicareai-web-run-bf3f5fa3fe85  | IndentationError: unexpected indent
intellicareai-web-run-bf3f5fa3fe85  | >>>         model.predict_proba(x).max()
intellicareai-web-run-bf3f5fa3fe85  |   File "<console>", line 1
intellicareai-web-run-bf3f5fa3fe85  |     model.predict_proba(x).max()
intellicareai-web-run-bf3f5fa3fe85  | IndentationError: unexpected indent
intellicareai-web-run-bf3f5fa3fe85  | >>>     )
intellicareai-web-run-bf3f5fa3fe85  |   File "<console>", line 1
intellicareai-web-run-bf3f5fa3fe85  |     )
intellicareai-web-run-bf3f5fa3fe85  | IndentationError: unexpected indent
intellicareai-web-run-bf3f5fa3fe85  | >>> from heart.views import get_diagnosis_model, process_heart_data
intellicareai-web-run-bf3f5fa3fe85  | >>> 
intellicareai-web-run-bf3f5fa3fe85  | >>> model = get_diagnosis_model()
intellicareai-web-run-bf3f5fa3fe85  | >>> 
intellicareai-web-run-bf3f5fa3fe85  | >>> for age in [25, 40, 60, 80]:
intellicareai-web-run-bf3f5fa3fe85  | ...     sample = {
intellicareai-web-run-bf3f5fa3fe85  | ...         "age": age,
intellicareai-web-run-bf3f5fa3fe85  | ...         "sex": "1",
intellicareai-web-run-bf3f5fa3fe85  | ...         "chestpain": "0",
intellicareai-web-run-bf3f5fa3fe85  | ...         "restingBP": 120,
intellicareai-web-run-bf3f5fa3fe85  | ...         "cholesterol": 180,
intellicareai-web-run-bf3f5fa3fe85  | ...         "fastingbloodsugar": "0",
intellicareai-web-run-bf3f5fa3fe85  | ...         "restingrelectro": "0",
intellicareai-web-run-bf3f5fa3fe85  | ...         "maxheartrate": 170,
intellicareai-web-run-bf3f5fa3fe85  | ...         "exerciseangia": "0",
intellicareai-web-run-bf3f5fa3fe85  | ...         "oldpeak": 0,
intellicareai-web-run-bf3f5fa3fe85  | ...         "slope": "2",
intellicareai-web-run-bf3f5fa3fe85  | ...         "noofmajorvessels": "0",
intellicareai-web-run-bf3f5fa3fe85  | ...     }
intellicareai-web-run-bf3f5fa3fe85  | ... 
intellicareai-web-run-bf3f5fa3fe85  | >>>     x = process_heart_data(sample)
intellicareai-web-run-bf3f5fa3fe85  |   File "<console>", line 1
intellicareai-web-run-bf3f5fa3fe85  |     x = process_heart_data(sample)
intellicareai-web-run-bf3f5fa3fe85  | IndentationError: unexpected indent
intellicareai-web-run-bf3f5fa3fe85  | >>> 
intellicareai-web-run-bf3f5fa3fe85  | >>>     print(
intellicareai-web-run-bf3f5fa3fe85  |   File "<console>", line 1
intellicareai-web-run-bf3f5fa3fe85  |     print(
intellicareai-web-run-bf3f5fa3fe85  | IndentationError: unexpected indent
intellicareai-web-run-bf3f5fa3fe85  | >>>         age,
intellicareai-web-run-bf3f5fa3fe85  |   File "<console>", line 1
intellicareai-web-run-bf3f5fa3fe85  |     age,
intellicareai-web-run-bf3f5fa3fe85  | IndentationError: unexpected indent
intellicareai-web-run-bf3f5fa3fe85  | >>>         model.predict(x)[0],
intellicareai-web-run-bf3f5fa3fe85  |   File "<console>", line 1
intellicareai-web-run-bf3f5fa3fe85  |     model.predict(x)[0],
intellicareai-web-run-bf3f5fa3fe85  | IndentationError: unexpected indent
intellicareai-web-run-bf3f5fa3fe85  | >>>         model.predict_proba(x).max()
intellicareai-web-run-bf3f5fa3fe85  |   File "<console>", line 1
intellicareai-web-run-bf3f5fa3fe85  |     model.predict_proba(x).max()
intellicareai-web-run-bf3f5fa3fe85  | IndentationError: unexpected indent
intellicareai-web-run-bf3f5fa3fe85  | >>>     )
intellicareai-web-run-bf3f5fa3fe85  |   File "<console>", line 1
intellicareai-web-run-bf3f5fa3fe85  |     )
intellicareai-web-run-bf3f5fa3fe85  | IndentationError: unexpected indent
intellicareai-web-run-bf3f5fa3fe85  | >>> from heart.views import get_diagnosis_model, process_heart_data
intellicareai-web-run-bf3f5fa3fe85  | >>> 
intellicareai-web-run-bf3f5fa3fe85  | >>> model = get_diagnosis_model()
intellicareai-web-run-bf3f5fa3fe85  | >>> 
intellicareai-web-run-bf3f5fa3fe85  | >>> for age in [25, 40, 60, 80]:
intellicareai-web-run-bf3f5fa3fe85  | ...     sample = {
intellicareai-web-run-bf3f5fa3fe85  | ...         "age": age,
intellicareai-web-run-bf3f5fa3fe85  | ...         "sex": "1",
intellicareai-web-run-bf3f5fa3fe85  | ...         "chestpain": "0",
intellicareai-web-run-bf3f5fa3fe85  | ...         "restingBP": 120,
intellicareai-web-run-bf3f5fa3fe85  | ...         "cholesterol": 180,
intellicareai-web-run-bf3f5fa3fe85  | ...         "fastingbloodsugar": "0",
intellicareai-web-run-bf3f5fa3fe85  | ...         "restingrelectro": "0",
intellicareai-web-run-bf3f5fa3fe85  | ...         "maxheartrate": 170,
intellicareai-web-run-bf3f5fa3fe85  | ...         "exerciseangia": "0",
intellicareai-web-run-bf3f5fa3fe85  | ...         "oldpeak": 0,
intellicareai-web-run-bf3f5fa3fe85  | ...         "slope": "2",
intellicareai-web-run-bf3f5fa3fe85  | ...         "noofmajorvessels": "0",
intellicareai-web-run-bf3f5fa3fe85  | ...     }
intellicareai-web-run-bf3f5fa3fe85  | ... 
intellicareai-web-run-bf3f5fa3fe85  | >>>     x = process_heart_data(sample)
intellicareai-web-run-bf3f5fa3fe85  |   File "<console>", line 1
intellicareai-web-run-bf3f5fa3fe85  |     x = process_heart_data(sample)
intellicareai-web-run-bf3f5fa3fe85  | IndentationError: unexpected indent
intellicareai-web-run-bf3f5fa3fe85  | >>> 
intellicareai-web-run-bf3f5fa3fe85  | >>>     print(
intellicareai-web-run-bf3f5fa3fe85  |   File "<console>", line 1
intellicareai-web-run-bf3f5fa3fe85  |     print(
intellicareai-web-run-bf3f5fa3fe85  | IndentationError: unexpected indent
intellicareai-web-run-bf3f5fa3fe85  | >>>         age,
intellicareai-web-run-bf3f5fa3fe85  |   File "<console>", line 1
intellicareai-web-run-bf3f5fa3fe85  |     age,
intellicareai-web-run-bf3f5fa3fe85  | IndentationError: unexpected indent
intellicareai-web-run-bf3f5fa3fe85  | >>>         model.predict(x)[0],
intellicareai-web-run-bf3f5fa3fe85  |   File "<console>", line 1
intellicareai-web-run-bf3f5fa3fe85  |     model.predict(x)[0],
intellicareai-web-run-bf3f5fa3fe85  | IndentationError: unexpected indent
intellicareai-web-run-bf3f5fa3fe85  | >>>         model.predict_proba(x).max()
intellicareai-web-run-bf3f5fa3fe85  |   File "<console>", line 1
intellicareai-web-run-bf3f5fa3fe85  |     model.predict_proba(x).max()
intellicareai-web-run-bf3f5fa3fe85  | IndentationError: unexpected indent
intellicareai-web-run-bf3f5fa3fe85  | >>>     )[K[K[K[K[K
intellicareai-web-run-bf3f5fa3fe85  | >>> from heart.views import get_diagnosis_model, process_heart_data
intellicareai-web-run-bf3f5fa3fe85  | >>> 
intellicareai-web-run-bf3f5fa3fe85  | >>> model = get_diagnosis_model()
intellicareai-web-run-bf3f5fa3fe85  | >>> 
intellicareai-web-run-bf3f5fa3fe85  | >>> sample = {
intellicareai-web-run-bf3f5fa3fe85  | ...     "age": 25,
intellicareai-web-run-bf3f5fa3fe85  | ...     "sex": "1",
intellicareai-web-run-bf3f5fa3fe85  | ...     "chestpain": "0",
intellicareai-web-run-bf3f5fa3fe85  | ...     "restingBP": 120,
intellicareai-web-run-bf3f5fa3fe85  | ...     "cholesterol": 180,
intellicareai-web-run-bf3f5fa3fe85  | ...     "fastingbloodsugar": "0",
intellicareai-web-run-bf3f5fa3fe85  | ...     "restingrelectro": "0",
intellicareai-web-run-bf3f5fa3fe85  | ...     "maxheartrate": 170,
intellicareai-web-run-bf3f5fa3fe85  | ...     "exerciseangia": "0",
intellicareai-web-run-bf3f5fa3fe85  | ...     "oldpeak": 0,
intellicareai-web-run-bf3f5fa3fe85  | ...     "slope": "2",
intellicareai-web-run-bf3f5fa3fe85  | ...     "noofmajorvessels": "0",
intellicareai-web-run-bf3f5fa3fe85  | ... }
intellicareai-web-run-bf3f5fa3fe85  | >>> 
intellicareai-web-run-bf3f5fa3fe85  | >>> x = process_heart_data(sample)
intellicareai-web-run-bf3f5fa3fe85  | >>> 
intellicareai-web-run-bf3f5fa3fe85  | >>> print(model.predict(x))
intellicareai-web-run-bf3f5fa3fe85  | ['Angina Symptoms Detected']
intellicareai-web-run-bf3f5fa3fe85  | >>> print(model.predict_proba(x))
intellicareai-web-run-bf3f5fa3fe85  | [[9.29941461e-01 1.83273701e-02 5.39757586e-06 8.01379801e-05
intellicareai-web-run-bf3f5fa3fe85  |   3.16957246e-02 1.99499089e-02]]
intellicareai-web-run-bf3f5fa3fe85  | >>> from heart.views import get_diagnosis_model, process_heart_data
intellicareai-web-run-bf3f5fa3fe85  | >>> 
intellicareai-web-run-bf3f5fa3fe85  | >>> model = get_diagnosis_model()
intellicareai-web-run-bf3f5fa3fe85  | >>> 
intellicareai-web-run-bf3f5fa3fe85  | >>> sample = {
intellicareai-web-run-bf3f5fa3fe85  | ...     "age": 25,
intellicareai-web-run-bf3f5fa3fe85  | ...     "sex": "1",
intellicareai-web-run-bf3f5fa3fe85  | ...     "chestpain": "0",
intellicareai-web-run-bf3f5fa3fe85  | ...     "restingBP": 120,
intellicareai-web-run-bf3f5fa3fe85  | ...     "cholesterol": 180,
intellicareai-web-run-bf3f5fa3fe85  | ...     "fastingbloodsugar": "0",
intellicareai-web-run-bf3f5fa3fe85  | ...     "restingrelectro": "0",
intellicareai-web-run-bf3f5fa3fe85  | ...     "maxheartrate": 170,
intellicareai-web-run-bf3f5fa3fe85  | ...     "exerciseangia": "0",
intellicareai-web-run-bf3f5fa3fe85  | ...     "oldpeak": 0,
intellicareai-web-run-bf3f5fa3fe85  | ...     "slope": "2",
intellicareai-web-run-bf3f5fa3fe85  | ...     "noofmajorvessels": "0",
intellicareai-web-run-bf3f5fa3fe85  | ... }
intellicareai-web-run-bf3f5fa3fe85  | >>> 
intellicareai-web-run-bf3f5fa3fe85  | >>> x = process_heart_data(sample)
intellicareai-web-run-bf3f5fa3fe85  | >>> 
intellicareai-web-run-bf3f5fa3fe85  | >>> print(model.predict(x))
intellicareai-web-run-bf3f5fa3fe85  | ['Angina Symptoms Detected']
intellicareai-web-run-bf3f5fa3fe85  | >>> print(model.predict_proba(x))[6P(x))[C[C[C[Cx = process_heart_data(sample)[C[C[C[C}[K    "noofmajorvessels": "0",[C[C[C[C[C[C[C[C[C[11Pslope": "2",[C[C[C[C[C[C[C[C[Coldpeak": 0,[C[C[C[C[C[C[C[C[Cexerciseangia": "0",[K[K[K[K[K[K[K[K[K[K[K[K[K[K[K[K[K[K[K[K[K[K[K[K[K
intellicareai-web-run-bf3f5fa3fe85  | >>> from heart.views import get_diagnosis_model, process_heart_data
intellicareai-web-run-bf3f5fa3fe85  | >>> 
intellicareai-web-run-bf3f5fa3fe85  | >>> model = get_diagnosis_model()
intellicareai-web-run-bf3f5fa3fe85  | >>> 
intellicareai-web-run-bf3f5fa3fe85  | >>> for age in [25, 40, 60, 80]:
intellicareai-web-run-bf3f5fa3fe85  | ...     sample = {
intellicareai-web-run-bf3f5fa3fe85  | ...         "age": age,
intellicareai-web-run-bf3f5fa3fe85  | ...         "sex": "1",
intellicareai-web-run-bf3f5fa3fe85  | ...         "chestpain": "0",
intellicareai-web-run-bf3f5fa3fe85  | ...         "restingBP": 120,
intellicareai-web-run-bf3f5fa3fe85  | ...         "cholesterol": 180,
intellicareai-web-run-bf3f5fa3fe85  | ...         "fastingbloodsugar": "0",
intellicareai-web-run-bf3f5fa3fe85  | ...         "restingrelectro": "0",
intellicareai-web-run-bf3f5fa3fe85  | ...         "maxheartrate": 170,
intellicareai-web-run-bf3f5fa3fe85  | ...         "exerciseangia": "0",
intellicareai-web-run-bf3f5fa3fe85  | ...         "oldpeak": 0,
intellicareai-web-run-bf3f5fa3fe85  | ...         "slope": "2",
intellicareai-web-run-bf3f5fa3fe85  | ...         "noofmajorvessels": "0",
intellicareai-web-run-bf3f5fa3fe85  | ...     }
intellicareai-web-run-bf3f5fa3fe85  | ... 
intellicareai-web-run-bf3f5fa3fe85  | >>>     x = process_heart_data(sample)
intellicareai-web-run-bf3f5fa3fe85  |   File "<console>", line 1
intellicareai-web-run-bf3f5fa3fe85  |     x = process_heart_data(sample)
intellicareai-web-run-bf3f5fa3fe85  | IndentationError: unexpected indent
intellicareai-web-run-bf3f5fa3fe85  | >>>     print(age, model.predict(x)[0], model.predict_proba(x).max())
intellicareai-web-run-bf3f5fa3fe85  |   File "<console>", line 1
intellicareai-web-run-bf3f5fa3fe85  |     print(age, model.predict(x)[0], model.predict_proba(x).max())
intellicareai-web-run-bf3f5fa3fe85  | IndentationError: unexpected indent
intellicareai-web-run-bf3f5fa3fe85  | >>> from heart.views import get_diagnosis_model, process_heart_data
intellicareai-web-run-bf3f5fa3fe85  | >>> 
intellicareai-web-run-bf3f5fa3fe85  | >>> model = get_diagnosis_model()
intellicareai-web-run-bf3f5fa3fe85  | >>> 
intellicareai-web-run-bf3f5fa3fe85  | >>> for age in [25, 40, 60, 80]:
intellicareai-web-run-bf3f5fa3fe85  | ...     sample = {
intellicareai-web-run-bf3f5fa3fe85  | ...         "age": age,
intellicareai-web-run-bf3f5fa3fe85  | ...         "sex": "1",
intellicareai-web-run-bf3f5fa3fe85  | ...         "chestpain": "0",
intellicareai-web-run-bf3f5fa3fe85  | ...         "restingBP": 120,
intellicareai-web-run-bf3f5fa3fe85  | ...         "cholesterol": 180,
intellicareai-web-run-bf3f5fa3fe85  | ...         "fastingbloodsugar": "0",
intellicareai-web-run-bf3f5fa3fe85  | ...         "restingrelectro": "0",
intellicareai-web-run-bf3f5fa3fe85  | ...         "maxheartrate": 170,
intellicareai-web-run-bf3f5fa3fe85  | ...         "exerciseangia": "0",
intellicareai-web-run-bf3f5fa3fe85  | ...         "oldpeak": 0,
intellicareai-web-run-bf3f5fa3fe85  | ...         "slope": "2",
intellicareai-web-run-bf3f5fa3fe85  | ...         "noofmajorvessels": "0",
intellicareai-web-run-bf3f5fa3fe85  | ...     }
intellicareai-web-run-bf3f5fa3fe85  | ... 
intellicareai-web-run-bf3f5fa3fe85  | >>>     x = process_heart_data(sample)
intellicareai-web-run-bf3f5fa3fe85  |   File "<console>", line 1
intellicareai-web-run-bf3f5fa3fe85  |     x = process_heart_data(sample)
intellicareai-web-run-bf3f5fa3fe85  | IndentationError: unexpected indent
intellicareai-web-run-bf3f5fa3fe85  | >>>     print(age, model.predict(x)[0], model.predict_proba(x).max())
intellicareai-web-run-bf3f5fa3fe85  |   File "<console>", line 1
intellicareai-web-run-bf3f5fa3fe85  |     print(age, model.predict(x)[0], model.predict_proba(x).max())
intellicareai-web-run-bf3f5fa3fe85  | IndentationError: unexpected indent
intellicareai-web-run-bf3f5fa3fe85  | >>> exit()
[Kintellicareai-web-run-bf3f5fa3fe85 exited with code 0
intellicareai-web-run-164967de096b  | Python 3.12.13 (main, Aug  5 2026, 01:16:26) [GCC 14.2.0] on linux
intellicareai-web-run-164967de096b  | Type "help", "copyright", "credits" or "license" for more information.
intellicareai-web-run-164967de096b  | (InteractiveConsole)
intellicareai-web-run-164967de096b  | >>> from heart.views import get_diagnosis_model, process_heart_data
intellicareai-web-run-164967de096b  | >>> 
intellicareai-web-run-164967de096b  | >>> model = get_diagnosis_model()
intellicareai-web-run-164967de096b  | >>> 
intellicareai-web-run-164967de096b  | >>> sample = {
intellicareai-web-run-164967de096b  | ...     "age": 40,
intellicareai-web-run-164967de096b  | ...     "sex": "1",
intellicareai-web-run-164967de096b  | ...     "chestpain": "0",
intellicareai-web-run-164967de096b  | ...     "restingBP": 120,
intellicareai-web-run-164967de096b  | ...     "cholesterol": 180,
intellicareai-web-run-164967de096b  | ...     "fastingbloodsugar": "0",
intellicareai-web-run-164967de096b  | ...     "restingrelectro": "0",
intellicareai-web-run-164967de096b  | ...     "maxheartrate": 170,
intellicareai-web-run-164967de096b  | ...     "exerciseangia": "0",
intellicareai-web-run-164967de096b  | ...     "oldpeak": 0,
intellicareai-web-run-164967de096b  | ...     "slope": "2",
intellicareai-web-run-164967de096b  | ...     "noofmajorvessels": "0",
intellicareai-web-run-164967de096b  | ... }
intellicareai-web-run-164967de096b  | >>> 
intellicareai-web-run-164967de096b  | >>> x = process_heart_data(sample)
intellicareai-web-run-164967de096b  | >>> 
intellicareai-web-run-164967de096b  | >>> print(model.predict(x))
intellicareai-web-run-164967de096b  | ['Angina Symptoms Detected']
intellicareai-web-run-164967de096b  | >>> print(model.predict_proba(x))
intellicareai-web-run-164967de096b  | [[9.29794961e-01 1.95687010e-02 1.07682788e-05 7.60890753e-05
intellicareai-web-run-164967de096b  |   3.14567370e-02 1.90927436e-02]]
intellicareai-web-run-164967de096b  | >>> from heart.views import get_diagnosis_model, process_heart_data
intellicareai-web-run-164967de096b  | >>> 
intellicareai-web-run-164967de096b  | >>> model = get_diagnosis_model()
intellicareai-web-run-164967de096b  | >>> 
intellicareai-web-run-164967de096b  | >>> sample = {
intellicareai-web-run-164967de096b  | ...     "age": 60,
intellicareai-web-run-164967de096b  | ...     "sex": "1",
intellicareai-web-run-164967de096b  | ...     "chestpain": "0",
intellicareai-web-run-164967de096b  | ...     "restingBP": 120,
intellicareai-web-run-164967de096b  | ...     "cholesterol": 180,
intellicareai-web-run-164967de096b  | ...     "fastingbloodsugar": "0",
intellicareai-web-run-164967de096b  | ...     "restingrelectro": "0",
intellicareai-web-run-164967de096b  | ...     "maxheartrate": 170,
intellicareai-web-run-164967de096b  | ...     "exerciseangia": "0",
intellicareai-web-run-164967de096b  | ...     "oldpeak": 0,
intellicareai-web-run-164967de096b  | ...     "slope": "2",
intellicareai-web-run-164967de096b  | ...     "noofmajorvessels": "0",
intellicareai-web-run-164967de096b  | ... }
intellicareai-web-run-164967de096b  | >>> 
intellicareai-web-run-164967de096b  | >>> x = process_heart_data(sample)
intellicareai-web-run-164967de096b  | >>> 
intellicareai-web-run-164967de096b  | >>> print(model.predict(x))
intellicareai-web-run-164967de096b  | ['Angina Symptoms Detected']
intellicareai-web-run-164967de096b  | >>> print(model.predict_proba(x))
intellicareai-web-run-164967de096b  | [[9.29412814e-01 2.13512755e-02 2.70389010e-05 7.09926775e-05
intellicareai-web-run-164967de096b  |   3.11346282e-02 1.80032510e-02]]
intellicareai-web-run-164967de096b  | >>> from heart.views import get_diagnosis_model, process_heart_data
intellicareai-web-run-164967de096b  | >>> 
intellicareai-web-run-164967de096b  | >>> model = get_diagnosis_model()
intellicareai-web-run-164967de096b  | >>> 
intellicareai-web-run-164967de096b  | >>> sample = {
intellicareai-web-run-164967de096b  | ...     "age": 80,
intellicareai-web-run-164967de096b  | ...     "sex": "1",
intellicareai-web-run-164967de096b  | ...     "chestpain": "0",
intellicareai-web-run-164967de096b  | ...     "restingBP": 120,
intellicareai-web-run-164967de096b  | ...     "cholesterol": 180,
intellicareai-web-run-164967de096b  | ...     "fastingbloodsugar": "0",
intellicareai-web-run-164967de096b  | ...     "restingrelectro": "0",
intellicareai-web-run-164967de096b  | ...     "maxheartrate": 170,
intellicareai-web-run-164967de096b  | ...     "exerciseangia": "0",
intellicareai-web-run-164967de096b  | ...     "oldpeak": 0,
intellicareai-web-run-164967de096b  | ...     "slope": "2",
intellicareai-web-run-164967de096b  | ...     "noofmajorvessels": "0",
intellicareai-web-run-164967de096b  | ... }
intellicareai-web-run-164967de096b  | >>> 
intellicareai-web-run-164967de096b  | >>> x = process_heart_data(sample)
intellicareai-web-run-164967de096b  | >>> 
intellicareai-web-run-164967de096b  | >>> print(model.predict(x))
intellicareai-web-run-164967de096b  | ['Angina Symptoms Detected']
intellicareai-web-run-164967de096b  | >>> print(model.predict_proba(x))
intellicareai-web-run-164967de096b  | [[9.28795902e-01 2.32903395e-02 6.78768919e-05 6.62208839e-05
intellicareai-web-run-164967de096b  |   3.08080254e-02 1.69716356e-02]]
intellicareai-web-run-164967de096b  | >>> from heart.views import get_diagnosis_model, process_heart_data
intellicareai-web-run-164967de096b  | >>> 
intellicareai-web-run-164967de096b  | >>> model = get_diagnosis_model()
intellicareai-web-run-164967de096b  | >>> 
intellicareai-web-run-164967de096b  | >>> sample = {
intellicareai-web-run-164967de096b  | ...     "age": 80,
intellicareai-web-run-164967de096b  | ...     "sex": “2”,
intellicareai-web-run-164967de096b  |   File "<console>", line 3
intellicareai-web-run-164967de096b  |     "sex": “2”,
intellicareai-web-run-164967de096b  |            ^
intellicareai-web-run-164967de096b  | SyntaxError: invalid character '“' (U+201C)
intellicareai-web-run-164967de096b  | >>>     "chestpain": "0",
intellicareai-web-run-164967de096b  |   File "<console>", line 1
intellicareai-web-run-164967de096b  |     "chestpain": "0",
intellicareai-web-run-164967de096b  | IndentationError: unexpected indent
intellicareai-web-run-164967de096b  | >>>     "restingBP": 120,
intellicareai-web-run-164967de096b  |   File "<console>", line 1
intellicareai-web-run-164967de096b  |     "restingBP": 120,
intellicareai-web-run-164967de096b  | IndentationError: unexpected indent
intellicareai-web-run-164967de096b  | >>>     "cholesterol": 180,
intellicareai-web-run-164967de096b  |   File "<console>", line 1
intellicareai-web-run-164967de096b  |     "cholesterol": 180,
intellicareai-web-run-164967de096b  | IndentationError: unexpected indent
intellicareai-web-run-164967de096b  | >>>     "fastingbloodsugar": "0",
intellicareai-web-run-164967de096b  |   File "<console>", line 1
intellicareai-web-run-164967de096b  |     "fastingbloodsugar": "0",
intellicareai-web-run-164967de096b  | IndentationError: unexpected indent
intellicareai-web-run-164967de096b  | >>>     "restingrelectro": "0",
intellicareai-web-run-164967de096b  |   File "<console>", line 1
intellicareai-web-run-164967de096b  |     "restingrelectro": "0",
intellicareai-web-run-164967de096b  | IndentationError: unexpected indent
intellicareai-web-run-164967de096b  | >>>     "maxheartrate": 170,
intellicareai-web-run-164967de096b  |   File "<console>", line 1
intellicareai-web-run-164967de096b  |     "maxheartrate": 170,
intellicareai-web-run-164967de096b  | IndentationError: unexpected indent
intellicareai-web-run-164967de096b  | >>>     "exerciseangia": "0",
intellicareai-web-run-164967de096b  |   File "<console>", line 1
intellicareai-web-run-164967de096b  |     "exerciseangia": "0",
intellicareai-web-run-164967de096b  | IndentationError: unexpected indent
intellicareai-web-run-164967de096b  | >>>     "oldpeak": 0,
intellicareai-web-run-164967de096b  |   File "<console>", line 1
intellicareai-web-run-164967de096b  |     "oldpeak": 0,
intellicareai-web-run-164967de096b  | IndentationError: unexpected indent
intellicareai-web-run-164967de096b  | >>>     "slope": "2",
intellicareai-web-run-164967de096b  |   File "<console>", line 1
intellicareai-web-run-164967de096b  |     "slope": "2",
intellicareai-web-run-164967de096b  | IndentationError: unexpected indent
intellicareai-web-run-164967de096b  | >>>     "noofmajorvessels": "0",
intellicareai-web-run-164967de096b  |   File "<console>", line 1
intellicareai-web-run-164967de096b  |     "noofmajorvessels": "0",
intellicareai-web-run-164967de096b  | IndentationError: unexpected indent
intellicareai-web-run-164967de096b  | >>> }
intellicareai-web-run-164967de096b  |   File "<console>", line 1
intellicareai-web-run-164967de096b  |     }
intellicareai-web-run-164967de096b  |     ^
intellicareai-web-run-164967de096b  | SyntaxError: unmatched '}'
intellicareai-web-run-164967de096b  | >>> 
intellicareai-web-run-164967de096b  | >>> x = process_heart_data(sample)
intellicareai-web-run-164967de096b  | >>> 
intellicareai-web-run-164967de096b  | >>> print(model.predict(x))
intellicareai-web-run-164967de096b  | ['Angina Symptoms Detected']
intellicareai-web-run-164967de096b  | >>> print(model.predict_proba(x))
intellicareai-web-run-164967de096b  | [[9.28795902e-01 2.32903395e-02 6.78768919e-05 6.62208839e-05
intellicareai-web-run-164967de096b  |   3.08080254e-02 1.69716356e-02]]
web-1                               | INFO /app/heart/views.py changed, reloading.
web-1                               | INFO:django.utils.autoreload:/app/heart/views.py changed, reloading.
web-1                               | INFO Watching for file changes with StatReloader
web-1                               | Performing system checks...
web-1                               | 
web-1                               | Exception in thread django-main-thread:
web-1                               | Traceback (most recent call last):
web-1                               |   File "/usr/local/lib/python3.12/threading.py", line 1075, in _bootstrap_inner
web-1                               |     self.run()
web-1                               |   File "/usr/local/lib/python3.12/threading.py", line 1012, in run
web-1                               |     self._target(*self._args, **self._kwargs)
web-1                               |   File "/usr/local/lib/python3.12/site-packages/django/utils/autoreload.py", line 64, in wrapper
web-1                               |     fn(*args, **kwargs)
web-1                               |   File "/usr/local/lib/python3.12/site-packages/django/core/management/commands/runserver.py", line 134, in inner_run
web-1                               |     self.check(display_num_errors=True)
web-1                               |   File "/usr/local/lib/python3.12/site-packages/django/core/management/base.py", line 486, in check
web-1                               |     all_issues = checks.run_checks(
web-1                               |                  ^^^^^^^^^^^^^^^^^^
web-1                               |   File "/usr/local/lib/python3.12/site-packages/django/core/checks/registry.py", line 88, in run_checks
web-1                               |     new_errors = check(app_configs=app_configs, databases=databases)
web-1                               |                  ^^^^^^^^^^^^^^^^^^^^^^^^^^^^^^^^^^^^^^^^^^^^^^^^^^^
web-1                               |   File "/usr/local/lib/python3.12/site-packages/django/core/checks/urls.py", line 44, in check_url_namespaces_unique
web-1                               |     all_namespaces = _load_all_namespaces(resolver)
web-1                               |                      ^^^^^^^^^^^^^^^^^^^^^^^^^^^^^^
web-1                               |   File "/usr/local/lib/python3.12/site-packages/django/core/checks/urls.py", line 63, in _load_all_namespaces
web-1                               |     url_patterns = getattr(resolver, "url_patterns", [])
web-1                               |                    ^^^^^^^^^^^^^^^^^^^^^^^^^^^^^^^^^^^^^
web-1                               |   File "/usr/local/lib/python3.12/site-packages/django/utils/functional.py", line 47, in __get__
web-1                               |     res = instance.__dict__[self.name] = self.func(instance)
web-1                               |                                          ^^^^^^^^^^^^^^^^^^^
web-1                               |   File "/usr/local/lib/python3.12/site-packages/django/urls/resolvers.py", line 718, in url_patterns
web-1                               |     patterns = getattr(self.urlconf_module, "urlpatterns", self.urlconf_module)
web-1                               |                        ^^^^^^^^^^^^^^^^^^^
web-1                               |   File "/usr/local/lib/python3.12/site-packages/django/utils/functional.py", line 47, in __get__
web-1                               |     res = instance.__dict__[self.name] = self.func(instance)
web-1                               |                                          ^^^^^^^^^^^^^^^^^^^
web-1                               |   File "/usr/local/lib/python3.12/site-packages/django/urls/resolvers.py", line 711, in urlconf_module
web-1                               |     return import_module(self.urlconf_name)
web-1                               |            ^^^^^^^^^^^^^^^^^^^^^^^^^^^^^^^^
web-1                               |   File "/usr/local/lib/python3.12/importlib/__init__.py", line 90, in import_module
web-1                               |     return _bootstrap._gcd_import(name[level:], package, level)
web-1                               |            ^^^^^^^^^^^^^^^^^^^^^^^^^^^^^^^^^^^^^^^^^^^^^^^^^^^^
web-1                               |   File "<frozen importlib._bootstrap>", line 1387, in _gcd_import
web-1                               |   File "<frozen importlib._bootstrap>", line 1360, in _find_and_load
web-1                               |   File "<frozen importlib._bootstrap>", line 1331, in _find_and_load_unlocked
web-1                               |   File "<frozen importlib._bootstrap>", line 935, in _load_unlocked
web-1                               |   File "<frozen importlib._bootstrap_external>", line 999, in exec_module
web-1                               |   File "<frozen importlib._bootstrap>", line 488, in _call_with_frames_removed
web-1                               |   File "/app/docspot/urls.py", line 36, in <module>
web-1                               |     path("heart/", include("heart.urls")),
web-1                               |                    ^^^^^^^^^^^^^^^^^^^^^
web-1                               |   File "/usr/local/lib/python3.12/site-packages/django/urls/conf.py", line 39, in include
web-1                               |     urlconf_module = import_module(urlconf_module)
web-1                               |                      ^^^^^^^^^^^^^^^^^^^^^^^^^^^^^
web-1                               |   File "/usr/local/lib/python3.12/importlib/__init__.py", line 90, in import_module
web-1                               |     return _bootstrap._gcd_import(name[level:], package, level)
web-1                               |            ^^^^^^^^^^^^^^^^^^^^^^^^^^^^^^^^^^^^^^^^^^^^^^^^^^^^
web-1                               |   File "<frozen importlib._bootstrap>", line 1387, in _gcd_import
web-1                               |   File "<frozen importlib._bootstrap>", line 1360, in _find_and_load
web-1                               |   File "<frozen importlib._bootstrap>", line 1331, in _find_and_load_unlocked
web-1                               |   File "<frozen importlib._bootstrap>", line 935, in _load_unlocked
web-1                               |   File "<frozen importlib._bootstrap_external>", line 999, in exec_module
web-1                               |   File "<frozen importlib._bootstrap>", line 488, in _call_with_frames_removed
web-1                               |   File "/app/heart/urls.py", line 2, in <module>
web-1                               |     from . import views
web-1                               |   File "/app/heart/views.py", line 196
web-1                               |     for cls, prob in zip(diagnosis_model.classes_, probs):
web-1                               | SyntaxError: expected 'except' or 'finally' block
web-1                               | INFO /app/heart/views.py changed, reloading.
web-1                               | INFO Watching for file changes with StatReloader
web-1                               | Performing system checks...
web-1                               | 
web-1                               | Exception in thread django-main-thread:
web-1                               | Traceback (most recent call last):
web-1                               |   File "/usr/local/lib/python3.12/threading.py", line 1075, in _bootstrap_inner
web-1                               |     self.run()
web-1                               |   File "/usr/local/lib/python3.12/threading.py", line 1012, in run
web-1                               |     self._target(*self._args, **self._kwargs)
web-1                               |   File "/usr/local/lib/python3.12/site-packages/django/utils/autoreload.py", line 64, in wrapper
web-1                               |     fn(*args, **kwargs)
web-1                               |   File "/usr/local/lib/python3.12/site-packages/django/core/management/commands/runserver.py", line 134, in inner_run
web-1                               |     self.check(display_num_errors=True)
web-1                               |   File "/usr/local/lib/python3.12/site-packages/django/core/management/base.py", line 486, in check
web-1                               |     all_issues = checks.run_checks(
web-1                               |                  ^^^^^^^^^^^^^^^^^^
web-1                               |   File "/usr/local/lib/python3.12/site-packages/django/core/checks/registry.py", line 88, in run_checks
web-1                               |     new_errors = check(app_configs=app_configs, databases=databases)
web-1                               |                  ^^^^^^^^^^^^^^^^^^^^^^^^^^^^^^^^^^^^^^^^^^^^^^^^^^^
web-1                               |   File "/usr/local/lib/python3.12/site-packages/django/core/checks/urls.py", line 44, in check_url_namespaces_unique
web-1                               |     all_namespaces = _load_all_namespaces(resolver)
web-1                               |                      ^^^^^^^^^^^^^^^^^^^^^^^^^^^^^^
web-1                               |   File "/usr/local/lib/python3.12/site-packages/django/core/checks/urls.py", line 63, in _load_all_namespaces
web-1                               |     url_patterns = getattr(resolver, "url_patterns", [])
web-1                               |                    ^^^^^^^^^^^^^^^^^^^^^^^^^^^^^^^^^^^^^
web-1                               |   File "/usr/local/lib/python3.12/site-packages/django/utils/functional.py", line 47, in __get__
web-1                               |     res = instance.__dict__[self.name] = self.func(instance)
web-1                               |                                          ^^^^^^^^^^^^^^^^^^^
web-1                               |   File "/usr/local/lib/python3.12/site-packages/django/urls/resolvers.py", line 718, in url_patterns
web-1                               |     patterns = getattr(self.urlconf_module, "urlpatterns", self.urlconf_module)
web-1                               |                        ^^^^^^^^^^^^^^^^^^^
web-1                               |   File "/usr/local/lib/python3.12/site-packages/django/utils/functional.py", line 47, in __get__
web-1                               |     res = instance.__dict__[self.name] = self.func(instance)
web-1                               |                                          ^^^^^^^^^^^^^^^^^^^
web-1                               |   File "/usr/local/lib/python3.12/site-packages/django/urls/resolvers.py", line 711, in urlconf_module
web-1                               |     return import_module(self.urlconf_name)
web-1                               |            ^^^^^^^^^^^^^^^^^^^^^^^^^^^^^^^^
web-1                               |   File "/usr/local/lib/python3.12/importlib/__init__.py", line 90, in import_module
web-1                               |     return _bootstrap._gcd_import(name[level:], package, level)
web-1                               |            ^^^^^^^^^^^^^^^^^^^^^^^^^^^^^^^^^^^^^^^^^^^^^^^^^^^^
web-1                               |   File "<frozen importlib._bootstrap>", line 1387, in _gcd_import
web-1                               |   File "<frozen importlib._bootstrap>", line 1360, in _find_and_load
web-1                               |   File "<frozen importlib._bootstrap>", line 1331, in _find_and_load_unlocked
web-1                               |   File "<frozen importlib._bootstrap>", line 935, in _load_unlocked
web-1                               |   File "<frozen importlib._bootstrap_external>", line 999, in exec_module
web-1                               |   File "<frozen importlib._bootstrap>", line 488, in _call_with_frames_removed
web-1                               |   File "/app/docspot/urls.py", line 36, in <module>
web-1                               |     path("heart/", include("heart.urls")),
web-1                               |                    ^^^^^^^^^^^^^^^^^^^^^
web-1                               |   File "/usr/local/lib/python3.12/site-packages/django/urls/conf.py", line 39, in include
web-1                               |     urlconf_module = import_module(urlconf_module)
web-1                               |                      ^^^^^^^^^^^^^^^^^^^^^^^^^^^^^
web-1                               |   File "/usr/local/lib/python3.12/importlib/__init__.py", line 90, in import_module
web-1                               |     return _bootstrap._gcd_import(name[level:], package, level)
web-1                               |            ^^^^^^^^^^^^^^^^^^^^^^^^^^^^^^^^^^^^^^^^^^^^^^^^^^^^
web-1                               |   File "<frozen importlib._bootstrap>", line 1387, in _gcd_import
web-1                               |   File "<frozen importlib._bootstrap>", line 1360, in _find_and_load
web-1                               |   File "<frozen importlib._bootstrap>", line 1331, in _find_and_load_unlocked
web-1                               |   File "<frozen importlib._bootstrap>", line 935, in _load_unlocked
web-1                               |   File "<frozen importlib._bootstrap_external>", line 999, in exec_module
web-1                               |   File "<frozen importlib._bootstrap>", line 488, in _call_with_frames_removed
web-1                               |   File "/app/heart/urls.py", line 2, in <module>
web-1                               |     from . import views
web-1                               |   File "/app/heart/views.py", line 197
web-1                               |     print(f"{cls}: {prob:.3f}")
web-1                               | IndentationError: expected an indented block after 'for' statement on line 196
web-1                               | INFO /app/heart/views.py changed, reloading.
web-1                               | INFO Watching for file changes with StatReloader
web-1                               | Performing system checks...
web-1                               | 
web-1                               | WARNING:absl:Compiled the loaded model, but the compiled metrics have yet to be built. `model.compile_metrics` will be empty until you train or evaluate the model.
web-1                               | System check identified no issues (0 silenced).
web-1                               | August 11, 2026 - 10:54:50
web-1                               | Django version 5.1.2, using settings 'docspot.settings'
web-1                               | Starting development server at http://0.0.0.0:8000/
web-1                               | Quit the server with CONTROL-C.
web-1                               | 
web-1                               | INFO /app/heart/views.py changed, reloading.
web-1                               | INFO:django.utils.autoreload:/app/heart/views.py changed, reloading.
web-1                               | INFO Watching for file changes with StatReloader
web-1                               | Performing system checks...
web-1                               | 
web-1                               | WARNING:absl:Compiled the loaded model, but the compiled metrics have yet to be built. `model.compile_metrics` will be empty until you train or evaluate the model.
web-1                               | System check identified no issues (0 silenced).
web-1                               | August 11, 2026 - 10:55:36
web-1                               | Django version 5.1.2, using settings 'docspot.settings'
web-1                               | Starting development server at http://0.0.0.0:8000/
web-1                               | Quit the server with CONTROL-C.
web-1                               | 
web-1                               | INFO /app/heart/views.py changed, reloading.
web-1                               | INFO:django.utils.autoreload:/app/heart/views.py changed, reloading.
web-1                               | INFO Watching for file changes with StatReloader
web-1                               | Performing system checks...
web-1                               | 
web-1                               | WARNING:absl:Compiled the loaded model, but the compiled metrics have yet to be built. `model.compile_metrics` will be empty until you train or evaluate the model.
web-1                               | System check identified no issues (0 silenced).
web-1                               | August 11, 2026 - 10:55:45
web-1                               | Django version 5.1.2, using settings 'docspot.settings'
web-1                               | Starting development server at http://0.0.0.0:8000/
web-1                               | Quit the server with CONTROL-C.
web-1                               | 
web-1                               | INFO /app/heart/views.py changed, reloading.
web-1                               | INFO:django.utils.autoreload:/app/heart/views.py changed, reloading.
web-1                               | INFO Watching for file changes with StatReloader
web-1                               | Performing system checks...
web-1                               | 
web-1                               | WARNING:absl:Compiled the loaded model, but the compiled metrics have yet to be built. `model.compile_metrics` will be empty until you train or evaluate the model.
web-1                               | System check identified no issues (0 silenced).
web-1                               | August 11, 2026 - 10:55:52
web-1                               | Django version 5.1.2, using settings 'docspot.settings'
web-1                               | Starting development server at http://0.0.0.0:8000/
web-1                               | Quit the server with CONTROL-C.
web-1                               | 
web-1                               | INFO /app/heart/views.py changed, reloading.
web-1                               | INFO:django.utils.autoreload:/app/heart/views.py changed, reloading.
web-1                               | INFO Watching for file changes with StatReloader
web-1                               | Performing system checks...
web-1                               | 
web-1                               | WARNING:absl:Compiled the loaded model, but the compiled metrics have yet to be built. `model.compile_metrics` will be empty until you train or evaluate the model.
web-1                               | System check identified no issues (0 silenced).
web-1                               | August 11, 2026 - 10:56:06
web-1                               | Django version 5.1.2, using settings 'docspot.settings'
web-1                               | Starting development server at http://0.0.0.0:8000/
web-1                               | Quit the server with CONTROL-C.
web-1                               | 
web-1                               | INFO /app/heart/views.py changed, reloading.
web-1                               | INFO:django.utils.autoreload:/app/heart/views.py changed, reloading.
web-1                               | INFO Watching for file changes with StatReloader
web-1                               | Performing system checks...
web-1                               | 
web-1                               | WARNING:absl:Compiled the loaded model, but the compiled metrics have yet to be built. `model.compile_metrics` will be empty until you train or evaluate the model.
web-1                               | System check identified no issues (0 silenced).
web-1                               | August 11, 2026 - 10:56:14
web-1                               | Django version 5.1.2, using settings 'docspot.settings'
web-1                               | Starting development server at http://0.0.0.0:8000/
web-1                               | Quit the server with CONTROL-C.
web-1                               | 
web-1                               | INFO /app/heart/views.py changed, reloading.
web-1                               | INFO:django.utils.autoreload:/app/heart/views.py changed, reloading.
web-1                               | INFO Watching for file changes with StatReloader
web-1                               | Performing system checks...
web-1                               | 
web-1                               | WARNING:absl:Compiled the loaded model, but the compiled metrics have yet to be built. `model.compile_metrics` will be empty until you train or evaluate the model.
web-1                               | System check identified no issues (0 silenced).
web-1                               | August 11, 2026 - 10:56:42
web-1                               | Django version 5.1.2, using settings 'docspot.settings'
web-1                               | Starting development server at http://0.0.0.0:8000/
web-1                               | Quit the server with CONTROL-C.
web-1                               | 
web-1                               | INFO /app/heart/views.py changed, reloading.
web-1                               | INFO:django.utils.autoreload:/app/heart/views.py changed, reloading.
web-1                               | INFO Watching for file changes with StatReloader
web-1                               | Performing system checks...
web-1                               | 
web-1                               | WARNING:absl:Compiled the loaded model, but the compiled metrics have yet to be built. `model.compile_metrics` will be empty until you train or evaluate the model.
web-1                               | System check identified no issues (0 silenced).
web-1                               | August 11, 2026 - 10:56:49
web-1                               | Django version 5.1.2, using settings 'docspot.settings'
web-1                               | Starting development server at http://0.0.0.0:8000/
web-1                               | Quit the server with CONTROL-C.
web-1                               | 
web-1                               | INFO /app/heart/views.py changed, reloading.
web-1                               | INFO:django.utils.autoreload:/app/heart/views.py changed, reloading.
web-1                               | INFO Watching for file changes with StatReloader
web-1                               | Performing system checks...
web-1                               | 
web-1                               | WARNING:absl:Compiled the loaded model, but the compiled metrics have yet to be built. `model.compile_metrics` will be empty until you train or evaluate the model.
web-1                               | System check identified no issues (0 silenced).
web-1                               | August 11, 2026 - 10:56:53
web-1                               | Django version 5.1.2, using settings 'docspot.settings'
web-1                               | Starting development server at http://0.0.0.0:8000/
web-1                               | Quit the server with CONTROL-C.
web-1                               | 
web-1                               | INFO /app/heart/views.py changed, reloading.
web-1                               | INFO:django.utils.autoreload:/app/heart/views.py changed, reloading.
web-1                               | INFO Watching for file changes with StatReloader
web-1                               | Performing system checks...
web-1                               | 
web-1                               | WARNING:absl:Compiled the loaded model, but the compiled metrics have yet to be built. `model.compile_metrics` will be empty until you train or evaluate the model.
web-1                               | System check identified no issues (0 silenced).
web-1                               | August 11, 2026 - 10:57:34
web-1                               | Django version 5.1.2, using settings 'docspot.settings'
web-1                               | Starting development server at http://0.0.0.0:8000/
web-1                               | Quit the server with CONTROL-C.
web-1                               | 
web-1                               | INFO /app/heart/views.py changed, reloading.
web-1                               | INFO:django.utils.autoreload:/app/heart/views.py changed, reloading.
web-1                               | INFO Watching for file changes with StatReloader
web-1                               | Performing system checks...
web-1                               | 
web-1                               | WARNING:absl:Compiled the loaded model, but the compiled metrics have yet to be built. `model.compile_metrics` will be empty until you train or evaluate the model.
web-1                               | System check identified no issues (0 silenced).
web-1                               | August 11, 2026 - 10:58:03
web-1                               | Django version 5.1.2, using settings 'docspot.settings'
web-1                               | Starting development server at http://0.0.0.0:8000/
web-1                               | Quit the server with CONTROL-C.
web-1                               | 
web-1                               | INFO /app/heart/views.py changed, reloading.
web-1                               | INFO:django.utils.autoreload:/app/heart/views.py changed, reloading.
web-1                               | INFO Watching for file changes with StatReloader
web-1                               | Performing system checks...
web-1                               | 
web-1                               | Exception in thread django-main-thread:
web-1                               | Traceback (most recent call last):
web-1                               |   File "/usr/local/lib/python3.12/threading.py", line 1075, in _bootstrap_inner
web-1                               |     self.run()
web-1                               |   File "/usr/local/lib/python3.12/threading.py", line 1012, in run
web-1                               |     self._target(*self._args, **self._kwargs)
web-1                               |   File "/usr/local/lib/python3.12/site-packages/django/utils/autoreload.py", line 64, in wrapper
web-1                               |     fn(*args, **kwargs)
web-1                               |   File "/usr/local/lib/python3.12/site-packages/django/core/management/commands/runserver.py", line 134, in inner_run
web-1                               |     self.check(display_num_errors=True)
web-1                               |   File "/usr/local/lib/python3.12/site-packages/django/core/management/base.py", line 486, in check
web-1                               |     all_issues = checks.run_checks(
web-1                               |                  ^^^^^^^^^^^^^^^^^^
web-1                               |   File "/usr/local/lib/python3.12/site-packages/django/core/checks/registry.py", line 88, in run_checks
web-1                               |     new_errors = check(app_configs=app_configs, databases=databases)
web-1                               |                  ^^^^^^^^^^^^^^^^^^^^^^^^^^^^^^^^^^^^^^^^^^^^^^^^^^^
web-1                               |   File "/usr/local/lib/python3.12/site-packages/django/core/checks/urls.py", line 44, in check_url_namespaces_unique
web-1                               |     all_namespaces = _load_all_namespaces(resolver)
web-1                               |                      ^^^^^^^^^^^^^^^^^^^^^^^^^^^^^^
web-1                               |   File "/usr/local/lib/python3.12/site-packages/django/core/checks/urls.py", line 63, in _load_all_namespaces
web-1                               |     url_patterns = getattr(resolver, "url_patterns", [])
web-1                               |                    ^^^^^^^^^^^^^^^^^^^^^^^^^^^^^^^^^^^^^
web-1                               |   File "/usr/local/lib/python3.12/site-packages/django/utils/functional.py", line 47, in __get__
web-1                               |     res = instance.__dict__[self.name] = self.func(instance)
web-1                               |                                          ^^^^^^^^^^^^^^^^^^^
web-1                               |   File "/usr/local/lib/python3.12/site-packages/django/urls/resolvers.py", line 718, in url_patterns
web-1                               |     patterns = getattr(self.urlconf_module, "urlpatterns", self.urlconf_module)
web-1                               |                        ^^^^^^^^^^^^^^^^^^^
web-1                               |   File "/usr/local/lib/python3.12/site-packages/django/utils/functional.py", line 47, in __get__
web-1                               |     res = instance.__dict__[self.name] = self.func(instance)
web-1                               |                                          ^^^^^^^^^^^^^^^^^^^
web-1                               |   File "/usr/local/lib/python3.12/site-packages/django/urls/resolvers.py", line 711, in urlconf_module
web-1                               |     return import_module(self.urlconf_name)
web-1                               |            ^^^^^^^^^^^^^^^^^^^^^^^^^^^^^^^^
web-1                               |   File "/usr/local/lib/python3.12/importlib/__init__.py", line 90, in import_module
web-1                               |     return _bootstrap._gcd_import(name[level:], package, level)
web-1                               |            ^^^^^^^^^^^^^^^^^^^^^^^^^^^^^^^^^^^^^^^^^^^^^^^^^^^^
web-1                               |   File "<frozen importlib._bootstrap>", line 1387, in _gcd_import
web-1                               |   File "<frozen importlib._bootstrap>", line 1360, in _find_and_load
web-1                               |   File "<frozen importlib._bootstrap>", line 1331, in _find_and_load_unlocked
web-1                               |   File "<frozen importlib._bootstrap>", line 935, in _load_unlocked
web-1                               |   File "<frozen importlib._bootstrap_external>", line 999, in exec_module
web-1                               |   File "<frozen importlib._bootstrap>", line 488, in _call_with_frames_removed
web-1                               |   File "/app/docspot/urls.py", line 36, in <module>
web-1                               |     path("heart/", include("heart.urls")),
web-1                               |                    ^^^^^^^^^^^^^^^^^^^^^
web-1                               |   File "/usr/local/lib/python3.12/site-packages/django/urls/conf.py", line 39, in include
web-1                               |     urlconf_module = import_module(urlconf_module)
web-1                               |                      ^^^^^^^^^^^^^^^^^^^^^^^^^^^^^
web-1                               |   File "/usr/local/lib/python3.12/importlib/__init__.py", line 90, in import_module
web-1                               |     return _bootstrap._gcd_import(name[level:], package, level)
web-1                               |            ^^^^^^^^^^^^^^^^^^^^^^^^^^^^^^^^^^^^^^^^^^^^^^^^^^^^
web-1                               |   File "<frozen importlib._bootstrap>", line 1387, in _gcd_import
web-1                               |   File "<frozen importlib._bootstrap>", line 1360, in _find_and_load
web-1                               |   File "<frozen importlib._bootstrap>", line 1331, in _find_and_load_unlocked
web-1                               |   File "<frozen importlib._bootstrap>", line 935, in _load_unlocked
web-1                               |   File "<frozen importlib._bootstrap_external>", line 999, in exec_module
web-1                               |   File "<frozen importlib._bootstrap>", line 488, in _call_with_frames_removed
web-1                               |   File "/app/heart/urls.py", line 2, in <module>
web-1                               |     from . import views
web-1                               |   File "/app/heart/views.py", line 203
web-1                               |     print(f"Confidence: {diagnosis_confidence}%")
web-1                               | SyntaxError: expected 'except' or 'finally' block
web-1                               | INFO /app/heart/views.py changed, reloading.
web-1                               | INFO Watching for file changes with StatReloader
web-1                               | Performing system checks...
web-1                               | 
web-1                               | Exception in thread django-main-thread:
web-1                               | Traceback (most recent call last):
web-1                               |   File "/usr/local/lib/python3.12/threading.py", line 1075, in _bootstrap_inner
web-1                               |     self.run()
web-1                               |   File "/usr/local/lib/python3.12/threading.py", line 1012, in run
web-1                               |     self._target(*self._args, **self._kwargs)
web-1                               |   File "/usr/local/lib/python3.12/site-packages/django/utils/autoreload.py", line 64, in wrapper
web-1                               |     fn(*args, **kwargs)
web-1                               |   File "/usr/local/lib/python3.12/site-packages/django/core/management/commands/runserver.py", line 134, in inner_run
web-1                               |     self.check(display_num_errors=True)
web-1                               |   File "/usr/local/lib/python3.12/site-packages/django/core/management/base.py", line 486, in check
web-1                               |     all_issues = checks.run_checks(
web-1                               |                  ^^^^^^^^^^^^^^^^^^
web-1                               |   File "/usr/local/lib/python3.12/site-packages/django/core/checks/registry.py", line 88, in run_checks
web-1                               |     new_errors = check(app_configs=app_configs, databases=databases)
web-1                               |                  ^^^^^^^^^^^^^^^^^^^^^^^^^^^^^^^^^^^^^^^^^^^^^^^^^^^
web-1                               |   File "/usr/local/lib/python3.12/site-packages/django/core/checks/urls.py", line 44, in check_url_namespaces_unique
web-1                               |     all_namespaces = _load_all_namespaces(resolver)
web-1                               |                      ^^^^^^^^^^^^^^^^^^^^^^^^^^^^^^
web-1                               |   File "/usr/local/lib/python3.12/site-packages/django/core/checks/urls.py", line 63, in _load_all_namespaces
web-1                               |     url_patterns = getattr(resolver, "url_patterns", [])
web-1                               |                    ^^^^^^^^^^^^^^^^^^^^^^^^^^^^^^^^^^^^^
web-1                               |   File "/usr/local/lib/python3.12/site-packages/django/utils/functional.py", line 47, in __get__
web-1                               |     res = instance.__dict__[self.name] = self.func(instance)
web-1                               |                                          ^^^^^^^^^^^^^^^^^^^
web-1                               |   File "/usr/local/lib/python3.12/site-packages/django/urls/resolvers.py", line 718, in url_patterns
web-1                               |     patterns = getattr(self.urlconf_module, "urlpatterns", self.urlconf_module)
web-1                               |                        ^^^^^^^^^^^^^^^^^^^
web-1                               |   File "/usr/local/lib/python3.12/site-packages/django/utils/functional.py", line 47, in __get__
web-1                               |     res = instance.__dict__[self.name] = self.func(instance)
web-1                               |                                          ^^^^^^^^^^^^^^^^^^^
web-1                               |   File "/usr/local/lib/python3.12/site-packages/django/urls/resolvers.py", line 711, in urlconf_module
web-1                               |     return import_module(self.urlconf_name)
web-1                               |            ^^^^^^^^^^^^^^^^^^^^^^^^^^^^^^^^
web-1                               |   File "/usr/local/lib/python3.12/importlib/__init__.py", line 90, in import_module
web-1                               |     return _bootstrap._gcd_import(name[level:], package, level)
web-1                               |            ^^^^^^^^^^^^^^^^^^^^^^^^^^^^^^^^^^^^^^^^^^^^^^^^^^^^
web-1                               |   File "<frozen importlib._bootstrap>", line 1387, in _gcd_import
web-1                               |   File "<frozen importlib._bootstrap>", line 1360, in _find_and_load
web-1                               |   File "<frozen importlib._bootstrap>", line 1331, in _find_and_load_unlocked
web-1                               |   File "<frozen importlib._bootstrap>", line 935, in _load_unlocked
web-1                               |   File "<frozen importlib._bootstrap_external>", line 999, in exec_module
web-1                               |   File "<frozen importlib._bootstrap>", line 488, in _call_with_frames_removed
web-1                               |   File "/app/docspot/urls.py", line 36, in <module>
web-1                               |     path("heart/", include("heart.urls")),
web-1                               |                    ^^^^^^^^^^^^^^^^^^^^^
web-1                               |   File "/usr/local/lib/python3.12/site-packages/django/urls/conf.py", line 39, in include
web-1                               |     urlconf_module = import_module(urlconf_module)
web-1                               |                      ^^^^^^^^^^^^^^^^^^^^^^^^^^^^^
web-1                               |   File "/usr/local/lib/python3.12/importlib/__init__.py", line 90, in import_module
web-1                               |     return _bootstrap._gcd_import(name[level:], package, level)
web-1                               |            ^^^^^^^^^^^^^^^^^^^^^^^^^^^^^^^^^^^^^^^^^^^^^^^^^^^^
web-1                               |   File "<frozen importlib._bootstrap>", line 1387, in _gcd_import
web-1                               |   File "<frozen importlib._bootstrap>", line 1360, in _find_and_load
web-1                               |   File "<frozen importlib._bootstrap>", line 1331, in _find_and_load_unlocked
web-1                               |   File "<frozen importlib._bootstrap>", line 935, in _load_unlocked
web-1                               |   File "<frozen importlib._bootstrap_external>", line 999, in exec_module
web-1                               |   File "<frozen importlib._bootstrap>", line 488, in _call_with_frames_removed
web-1                               |   File "/app/heart/urls.py", line 2, in <module>
web-1                               |     from . import views
web-1                               |   File "/app/heart/views.py", line 203
web-1                               |     print(f"Confidence: {diagnosis_confidence}%")           
web-1                               | SyntaxError: expected 'except' or 'finally' block
web-1                               | INFO /app/heart/views.py changed, reloading.
web-1                               | INFO Watching for file changes with StatReloader
web-1                               | Performing system checks...
web-1                               | 
web-1                               | WARNING:absl:Compiled the loaded model, but the compiled metrics have yet to be built. `model.compile_metrics` will be empty until you train or evaluate the model.
web-1                               | System check identified no issues (0 silenced).
web-1                               | August 11, 2026 - 10:58:18
web-1                               | Django version 5.1.2, using settings 'docspot.settings'
web-1                               | Starting development server at http://0.0.0.0:8000/
web-1                               | Quit the server with CONTROL-C.
web-1                               | 
web-1                               | INFO /app/heart/views.py changed, reloading.
web-1                               | INFO:django.utils.autoreload:/app/heart/views.py changed, reloading.
web-1                               | INFO Watching for file changes with StatReloader
web-1                               | Performing system checks...
web-1                               | 
web-1                               | WARNING:absl:Compiled the loaded model, but the compiled metrics have yet to be built. `model.compile_metrics` will be empty until you train or evaluate the model.
web-1                               | System check identified no issues (0 silenced).
web-1                               | August 11, 2026 - 10:58:57
web-1                               | Django version 5.1.2, using settings 'docspot.settings'
web-1                               | Starting development server at http://0.0.0.0:8000/
web-1                               | Quit the server with CONTROL-C.
web-1                               | 
web-1                               | INFO /app/heart/views.py changed, reloading.
web-1                               | INFO:django.utils.autoreload:/app/heart/views.py changed, reloading.
web-1                               | INFO Watching for file changes with StatReloader
web-1                               | Performing system checks...
web-1                               | 
web-1                               | Exception in thread django-main-thread:
web-1                               | Traceback (most recent call last):
web-1                               |   File "/usr/local/lib/python3.12/threading.py", line 1075, in _bootstrap_inner
web-1                               |     self.run()
web-1                               |   File "/usr/local/lib/python3.12/threading.py", line 1012, in run
web-1                               |     self._target(*self._args, **self._kwargs)
web-1                               |   File "/usr/local/lib/python3.12/site-packages/django/utils/autoreload.py", line 64, in wrapper
web-1                               |     fn(*args, **kwargs)
web-1                               |   File "/usr/local/lib/python3.12/site-packages/django/core/management/commands/runserver.py", line 134, in inner_run
web-1                               |     self.check(display_num_errors=True)
web-1                               |   File "/usr/local/lib/python3.12/site-packages/django/core/management/base.py", line 486, in check
web-1                               |     all_issues = checks.run_checks(
web-1                               |                  ^^^^^^^^^^^^^^^^^^
web-1                               |   File "/usr/local/lib/python3.12/site-packages/django/core/checks/registry.py", line 88, in run_checks
web-1                               |     new_errors = check(app_configs=app_configs, databases=databases)
web-1                               |                  ^^^^^^^^^^^^^^^^^^^^^^^^^^^^^^^^^^^^^^^^^^^^^^^^^^^
web-1                               |   File "/usr/local/lib/python3.12/site-packages/django/core/checks/urls.py", line 44, in check_url_namespaces_unique
web-1                               |     all_namespaces = _load_all_namespaces(resolver)
web-1                               |                      ^^^^^^^^^^^^^^^^^^^^^^^^^^^^^^
web-1                               |   File "/usr/local/lib/python3.12/site-packages/django/core/checks/urls.py", line 63, in _load_all_namespaces
web-1                               |     url_patterns = getattr(resolver, "url_patterns", [])
web-1                               |                    ^^^^^^^^^^^^^^^^^^^^^^^^^^^^^^^^^^^^^
web-1                               |   File "/usr/local/lib/python3.12/site-packages/django/utils/functional.py", line 47, in __get__
web-1                               |     res = instance.__dict__[self.name] = self.func(instance)
web-1                               |                                          ^^^^^^^^^^^^^^^^^^^
web-1                               |   File "/usr/local/lib/python3.12/site-packages/django/urls/resolvers.py", line 718, in url_patterns
web-1                               |     patterns = getattr(self.urlconf_module, "urlpatterns", self.urlconf_module)
web-1                               |                        ^^^^^^^^^^^^^^^^^^^
web-1                               |   File "/usr/local/lib/python3.12/site-packages/django/utils/functional.py", line 47, in __get__
web-1                               |     res = instance.__dict__[self.name] = self.func(instance)
web-1                               |                                          ^^^^^^^^^^^^^^^^^^^
web-1                               |   File "/usr/local/lib/python3.12/site-packages/django/urls/resolvers.py", line 711, in urlconf_module
web-1                               |     return import_module(self.urlconf_name)
web-1                               |            ^^^^^^^^^^^^^^^^^^^^^^^^^^^^^^^^
web-1                               |   File "/usr/local/lib/python3.12/importlib/__init__.py", line 90, in import_module
web-1                               |     return _bootstrap._gcd_import(name[level:], package, level)
web-1                               |            ^^^^^^^^^^^^^^^^^^^^^^^^^^^^^^^^^^^^^^^^^^^^^^^^^^^^
web-1                               |   File "<frozen importlib._bootstrap>", line 1387, in _gcd_import
web-1                               |   File "<frozen importlib._bootstrap>", line 1360, in _find_and_load
web-1                               |   File "<frozen importlib._bootstrap>", line 1331, in _find_and_load_unlocked
web-1                               |   File "<frozen importlib._bootstrap>", line 935, in _load_unlocked
web-1                               |   File "<frozen importlib._bootstrap_external>", line 999, in exec_module
web-1                               |   File "<frozen importlib._bootstrap>", line 488, in _call_with_frames_removed
web-1                               |   File "/app/docspot/urls.py", line 36, in <module>
web-1                               |     path("heart/", include("heart.urls")),
web-1                               |                    ^^^^^^^^^^^^^^^^^^^^^
web-1                               |   File "/usr/local/lib/python3.12/site-packages/django/urls/conf.py", line 39, in include
web-1                               |     urlconf_module = import_module(urlconf_module)
web-1                               |                      ^^^^^^^^^^^^^^^^^^^^^^^^^^^^^
web-1                               |   File "/usr/local/lib/python3.12/importlib/__init__.py", line 90, in import_module
web-1                               |     return _bootstrap._gcd_import(name[level:], package, level)
web-1                               |            ^^^^^^^^^^^^^^^^^^^^^^^^^^^^^^^^^^^^^^^^^^^^^^^^^^^^
web-1                               |   File "<frozen importlib._bootstrap>", line 1387, in _gcd_import
web-1                               |   File "<frozen importlib._bootstrap>", line 1360, in _find_and_load
web-1                               |   File "<frozen importlib._bootstrap>", line 1331, in _find_and_load_unlocked
web-1                               |   File "<frozen importlib._bootstrap>", line 935, in _load_unlocked
web-1                               |   File "<frozen importlib._bootstrap_external>", line 999, in exec_module
web-1                               |   File "<frozen importlib._bootstrap>", line 488, in _call_with_frames_removed
web-1                               |   File "/app/heart/urls.py", line 2, in <module>
web-1                               |     from . import views
web-1                               |   File "/app/heart/views.py", line 203
web-1                               |     print(f"Confidence: {diagnosis_confidence}%")           
web-1                               |     ^^^^^
web-1                               | SyntaxError: expected 'except' or 'finally' block
web-1                               | INFO /app/heart/views.py changed, reloading.
web-1                               | INFO Watching for file changes with StatReloader
web-1                               | Performing system checks...
web-1                               | 
web-1                               | WARNING:absl:Compiled the loaded model, but the compiled metrics have yet to be built. `model.compile_metrics` will be empty until you train or evaluate the model.
web-1                               | System check identified no issues (0 silenced).
web-1                               | August 11, 2026 - 10:59:13
web-1                               | Django version 5.1.2, using settings 'docspot.settings'
web-1                               | Starting development server at http://0.0.0.0:8000/
web-1                               | Quit the server with CONTROL-C.
web-1                               | 
web-1                               | INFO /app/heart/views.py changed, reloading.
web-1                               | INFO:django.utils.autoreload:/app/heart/views.py changed, reloading.
web-1                               | INFO Watching for file changes with StatReloader
web-1                               | Performing system checks...
web-1                               | 
web-1                               | WARNING:absl:Compiled the loaded model, but the compiled metrics have yet to be built. `model.compile_metrics` will be empty until you train or evaluate the model.
web-1                               | System check identified no issues (0 silenced).
web-1                               | August 11, 2026 - 10:59:39
web-1                               | Django version 5.1.2, using settings 'docspot.settings'
web-1                               | Starting development server at http://0.0.0.0:8000/
web-1                               | Quit the server with CONTROL-C.
web-1                               | 
web-1                               | INFO /app/heart/views.py changed, reloading.
web-1                               | INFO:django.utils.autoreload:/app/heart/views.py changed, reloading.
web-1                               | INFO Watching for file changes with StatReloader
web-1                               | Performing system checks...
web-1                               | 
web-1                               | WARNING:absl:Compiled the loaded model, but the compiled metrics have yet to be built. `model.compile_metrics` will be empty until you train or evaluate the model.
web-1                               | System check identified no issues (0 silenced).
web-1                               | August 11, 2026 - 10:59:45
web-1                               | Django version 5.1.2, using settings 'docspot.settings'
web-1                               | Starting development server at http://0.0.0.0:8000/
web-1                               | Quit the server with CONTROL-C.
web-1                               | 
web-1                               | INFO /app/heart/views.py changed, reloading.
web-1                               | INFO:django.utils.autoreload:/app/heart/views.py changed, reloading.
web-1                               | INFO Watching for file changes with StatReloader
web-1                               | Performing system checks...
web-1                               | 
web-1                               | WARNING:absl:Compiled the loaded model, but the compiled metrics have yet to be built. `model.compile_metrics` will be empty until you train or evaluate the model.
web-1                               | System check identified no issues (0 silenced).
web-1                               | August 11, 2026 - 11:05:33
web-1                               | Django version 5.1.2, using settings 'docspot.settings'
web-1                               | Starting development server at http://0.0.0.0:8000/
web-1                               | Quit the server with CONTROL-C.
web-1                               | 
web-1                               | INFO /app/heart/views.py changed, reloading.
web-1                               | INFO:django.utils.autoreload:/app/heart/views.py changed, reloading.
web-1                               | Performing system checks...
web-1                               | 
web-1                               | INFO Watching for file changes with StatReloader
web-1                               | WARNING:absl:Compiled the loaded model, but the compiled metrics have yet to be built. `model.compile_metrics` will be empty until you train or evaluate the model.
web-1                               | System check identified no issues (0 silenced).
web-1                               | August 11, 2026 - 11:08:51
web-1                               | Django version 5.1.2, using settings 'docspot.settings'
web-1                               | Starting development server at http://0.0.0.0:8000/
web-1                               | Quit the server with CONTROL-C.
web-1                               | 
web-1                               | INFO /app/heart/views.py changed, reloading.
web-1                               | INFO:django.utils.autoreload:/app/heart/views.py changed, reloading.
web-1                               | INFO Watching for file changes with StatReloader
web-1                               | Performing system checks...
web-1                               | 
web-1                               | WARNING:absl:Compiled the loaded model, but the compiled metrics have yet to be built. `model.compile_metrics` will be empty until you train or evaluate the model.
web-1                               | System check identified no issues (0 silenced).
web-1                               | August 11, 2026 - 11:08:59
web-1                               | Django version 5.1.2, using settings 'docspot.settings'
web-1                               | Starting development server at http://0.0.0.0:8000/
web-1                               | Quit the server with CONTROL-C.
web-1                               | 
web-1                               | === POST RECEIVED ===
web-1                               | === FORM VALID ===
web-1                               | === ENTERED TRY BLOCK ===
web-1                               | /app/heart/views.py:86: FutureWarning: Downcasting object dtype arrays on .fillna, .ffill, .bfill is deprecated and will change in a future version. Call result.infer_objects(copy=False) instead. To opt-in to the future behavior, set `pd.set_option('future.no_silent_downcasting', True)`
web-1                               |   df = df.fillna(0)
web-1                               | Angina Symptoms Detected: 0.004
web-1                               | Arrhythmia: 0.005
web-1                               | Congestive Heart Failure: 0.558
web-1                               | High Risk of Heart Disease: 0.000
web-1                               | Normal: 0.002
web-1                               | Possible Exercise-Induced Angina: 0.431
web-1                               | Selected Diagnosis: Congestive Heart Failure
web-1                               | Confidence: 55.8%
web-1                               | === ABOUT TO RENDER RESULT ===
web-1                               | INFO "POST /heart/predict/ HTTP/1.1" 200 10201
web-1                               | INFO:django.server:"POST /heart/predict/ HTTP/1.1" 200 10201
web-1                               | === POST RECEIVED ===
web-1                               | === FORM VALID ===
web-1                               | === ENTERED TRY BLOCK ===
web-1                               | /app/heart/views.py:86: FutureWarning: Downcasting object dtype arrays on .fillna, .ffill, .bfill is deprecated and will change in a future version. Call result.infer_objects(copy=False) instead. To opt-in to the future behavior, set `pd.set_option('future.no_silent_downcasting', True)`
web-1                               |   df = df.fillna(0)
web-1                               | Angina Symptoms Detected: 0.004
web-1                               | Arrhythmia: 0.005
web-1                               | Congestive Heart Failure: 0.558
web-1                               | High Risk of Heart Disease: 0.000
web-1                               | Normal: 0.002
web-1                               | Possible Exercise-Induced Angina: 0.431
web-1                               | Selected Diagnosis: Congestive Heart Failure
web-1                               | Confidence: 55.8%
web-1                               | === ABOUT TO RENDER RESULT ===
web-1                               | INFO "POST /heart/predict/ HTTP/1.1" 200 10208
web-1                               | INFO:django.server:"POST /heart/predict/ HTTP/1.1" 200 10208
web-1                               | INFO /app/heart/views.py changed, reloading.
web-1                               | INFO:django.utils.autoreload:/app/heart/views.py changed, reloading.
web-1                               | INFO Watching for file changes with StatReloader
web-1                               | Performing system checks...
web-1                               | 
web-1                               | WARNING:absl:Compiled the loaded model, but the compiled metrics have yet to be built. `model.compile_metrics` will be empty until you train or evaluate the model.
web-1                               | System check identified no issues (0 silenced).
web-1                               | August 11, 2026 - 11:12:34
web-1                               | Django version 5.1.2, using settings 'docspot.settings'
web-1                               | Starting development server at http://0.0.0.0:8000/
web-1                               | Quit the server with CONTROL-C.
web-1                               | 
web-1                               | === POST RECEIVED ===
web-1                               | === FORM VALID ===
web-1                               | === ENTERED TRY BLOCK ===
web-1                               | /app/heart/views.py:86: FutureWarning: Downcasting object dtype arrays on .fillna, .ffill, .bfill is deprecated and will change in a future version. Call result.infer_objects(copy=False) instead. To opt-in to the future behavior, set `pd.set_option('future.no_silent_downcasting', True)`
web-1                               |   df = df.fillna(0)
web-1                               | Angina Symptoms Detected: 0.004
web-1                               | Arrhythmia: 0.005
web-1                               | Congestive Heart Failure: 0.558
web-1                               | High Risk of Heart Disease: 0.000
web-1                               | Normal: 0.002
web-1                               | Possible Exercise-Induced Angina: 0.431
web-1                               | Selected Diagnosis: Congestive Heart Failure
web-1                               | Confidence: 55.8%
web-1                               | === EXCEPTION ===
web-1                               | INFO "POST /heart/predict/ HTTP/1.1" 200 15516
web-1                               | INFO:django.server:"POST /heart/predict/ HTTP/1.1" 200 15516
web-1                               | INFO /app/heart/views.py changed, reloading.
web-1                               | INFO:django.utils.autoreload:/app/heart/views.py changed, reloading.
web-1                               | INFO Watching for file changes with StatReloader
web-1                               | Performing system checks...
web-1                               | 
web-1                               | WARNING:absl:Compiled the loaded model, but the compiled metrics have yet to be built. `model.compile_metrics` will be empty until you train or evaluate the model.
web-1                               | System check identified no issues (0 silenced).
web-1                               | August 11, 2026 - 11:13:02
web-1                               | Django version 5.1.2, using settings 'docspot.settings'
web-1                               | Starting development server at http://0.0.0.0:8000/
web-1                               | Quit the server with CONTROL-C.
web-1                               | 
web-1                               | INFO /app/heart/views.py changed, reloading.
web-1                               | INFO:django.utils.autoreload:/app/heart/views.py changed, reloading.
web-1                               | INFO Watching for file changes with StatReloader
web-1                               | Performing system checks...
web-1                               | 
web-1                               | WARNING:absl:Compiled the loaded model, but the compiled metrics have yet to be built. `model.compile_metrics` will be empty until you train or evaluate the model.
web-1                               | System check identified no issues (0 silenced).
web-1                               | August 11, 2026 - 11:13:11
web-1                               | Django version 5.1.2, using settings 'docspot.settings'
web-1                               | Starting development server at http://0.0.0.0:8000/
web-1                               | Quit the server with CONTROL-C.
web-1                               | 
web-1                               | === POST RECEIVED ===
web-1                               | === FORM VALID ===
web-1                               | === ENTERED TRY BLOCK ===
web-1                               | /app/heart/views.py:86: FutureWarning: Downcasting object dtype arrays on .fillna, .ffill, .bfill is deprecated and will change in a future version. Call result.infer_objects(copy=False) instead. To opt-in to the future behavior, set `pd.set_option('future.no_silent_downcasting', True)`
web-1                               |   df = df.fillna(0)
web-1                               | Angina Symptoms Detected: 0.004
web-1                               | Arrhythmia: 0.005
web-1                               | Congestive Heart Failure: 0.558
web-1                               | High Risk of Heart Disease: 0.000
web-1                               | Normal: 0.002
web-1                               | Possible Exercise-Induced Angina: 0.431
web-1                               | Selected Diagnosis: Congestive Heart Failure
web-1                               | Confidence: 55.8%
web-1                               | === ABOUT TO RENDER RESULT ===
web-1                               | INFO "POST /heart/predict/ HTTP/1.1" 200 10212
web-1                               | INFO:django.server:"POST /heart/predict/ HTTP/1.1" 200 10212
web-1                               | INFO /app/heart/views.py changed, reloading.
web-1                               | INFO:django.utils.autoreload:/app/heart/views.py changed, reloading.
web-1                               | INFO Watching for file changes with StatReloader
web-1                               | Performing system checks...
web-1                               | 
web-1                               | WARNING:absl:Compiled the loaded model, but the compiled metrics have yet to be built. `model.compile_metrics` will be empty until you train or evaluate the model.
web-1                               | System check identified no issues (0 silenced).
web-1                               | August 11, 2026 - 11:16:40
web-1                               | Django version 5.1.2, using settings 'docspot.settings'
web-1                               | Starting development server at http://0.0.0.0:8000/
web-1                               | Quit the server with CONTROL-C.
web-1                               | 
web-1                               | INFO /app/heart/views.py changed, reloading.
web-1                               | INFO:django.utils.autoreload:/app/heart/views.py changed, reloading.
web-1                               | INFO Watching for file changes with StatReloader
web-1                               | Performing system checks...
web-1                               | 
web-1                               | WARNING:absl:Compiled the loaded model, but the compiled metrics have yet to be built. `model.compile_metrics` will be empty until you train or evaluate the model.
web-1                               | System check identified no issues (0 silenced).
web-1                               | August 11, 2026 - 11:16:45
web-1                               | Django version 5.1.2, using settings 'docspot.settings'
web-1                               | Starting development server at http://0.0.0.0:8000/
web-1                               | Quit the server with CONTROL-C.
web-1                               | 
web-1                               | INFO /app/heart/views.py changed, reloading.
web-1                               | INFO:django.utils.autoreload:/app/heart/views.py changed, reloading.
web-1                               | INFO Watching for file changes with StatReloader
web-1                               | Performing system checks...
web-1                               | 
web-1                               | WARNING:absl:Compiled the loaded model, but the compiled metrics have yet to be built. `model.compile_metrics` will be empty until you train or evaluate the model.
web-1                               | System check identified no issues (0 silenced).
web-1                               | August 11, 2026 - 11:16:51
web-1                               | Django version 5.1.2, using settings 'docspot.settings'
web-1                               | Starting development server at http://0.0.0.0:8000/
web-1                               | Quit the server with CONTROL-C.
web-1                               | 
web-1                               | INFO /app/heart/views.py changed, reloading.
web-1                               | INFO:django.utils.autoreload:/app/heart/views.py changed, reloading.
web-1                               | INFO Watching for file changes with StatReloader
web-1                               | Performing system checks...
web-1                               | 
web-1                               | WARNING:absl:Compiled the loaded model, but the compiled metrics have yet to be built. `model.compile_metrics` will be empty until you train or evaluate the model.
web-1                               | System check identified no issues (0 silenced).
web-1                               | August 11, 2026 - 11:17:00
web-1                               | Django version 5.1.2, using settings 'docspot.settings'
web-1                               | Starting development server at http://0.0.0.0:8000/
web-1                               | Quit the server with CONTROL-C.
web-1                               | 
web-1                               | INFO /app/heart/views.py changed, reloading.
web-1                               | INFO:django.utils.autoreload:/app/heart/views.py changed, reloading.
web-1                               | INFO Watching for file changes with StatReloader
web-1                               | Performing system checks...
web-1                               | 
web-1                               | WARNING:absl:Compiled the loaded model, but the compiled metrics have yet to be built. `model.compile_metrics` will be empty until you train or evaluate the model.
web-1                               | System check identified no issues (0 silenced).
web-1                               | August 11, 2026 - 11:17:08
web-1                               | Django version 5.1.2, using settings 'docspot.settings'
web-1                               | Starting development server at http://0.0.0.0:8000/
web-1                               | Quit the server with CONTROL-C.
web-1                               | 
web-1                               | INFO /app/heart/views.py changed, reloading.
web-1                               | INFO:django.utils.autoreload:/app/heart/views.py changed, reloading.
web-1                               | INFO Watching for file changes with StatReloader
web-1                               | Performing system checks...
web-1                               | 
web-1                               | WARNING:absl:Compiled the loaded model, but the compiled metrics have yet to be built. `model.compile_metrics` will be empty until you train or evaluate the model.
web-1                               | System check identified no issues (0 silenced).
web-1                               | August 11, 2026 - 11:17:13
web-1                               | Django version 5.1.2, using settings 'docspot.settings'
web-1                               | Starting development server at http://0.0.0.0:8000/
web-1                               | Quit the server with CONTROL-C.
web-1                               | 
web-1                               | INFO /app/heart/views.py changed, reloading.
web-1                               | INFO:django.utils.autoreload:/app/heart/views.py changed, reloading.
web-1                               | INFO Watching for file changes with StatReloader
web-1                               | Performing system checks...
web-1                               | 
web-1                               | WARNING:absl:Compiled the loaded model, but the compiled metrics have yet to be built. `model.compile_metrics` will be empty until you train or evaluate the model.
web-1                               | System check identified no issues (0 silenced).
web-1                               | August 11, 2026 - 11:17:17
web-1                               | Django version 5.1.2, using settings 'docspot.settings'
web-1                               | Starting development server at http://0.0.0.0:8000/
web-1                               | Quit the server with CONTROL-C.
web-1                               | 
web-1                               | INFO /app/heart/views.py changed, reloading.
web-1                               | INFO:django.utils.autoreload:/app/heart/views.py changed, reloading.
web-1                               | INFO Watching for file changes with StatReloader
web-1                               | Performing system checks...
web-1                               | 
web-1                               | WARNING:absl:Compiled the loaded model, but the compiled metrics have yet to be built. `model.compile_metrics` will be empty until you train or evaluate the model.
web-1                               | System check identified no issues (0 silenced).
web-1                               | August 11, 2026 - 11:17:24
web-1                               | Django version 5.1.2, using settings 'docspot.settings'
web-1                               | Starting development server at http://0.0.0.0:8000/
web-1                               | Quit the server with CONTROL-C.
web-1                               | 
web-1                               | INFO /app/heart/views.py changed, reloading.
web-1                               | INFO:django.utils.autoreload:/app/heart/views.py changed, reloading.
web-1                               | INFO Watching for file changes with StatReloader
web-1                               | Performing system checks...
web-1                               | 
web-1                               | WARNING:absl:Compiled the loaded model, but the compiled metrics have yet to be built. `model.compile_metrics` will be empty until you train or evaluate the model.
web-1                               | System check identified no issues (0 silenced).
web-1                               | August 11, 2026 - 11:17:36
web-1                               | Django version 5.1.2, using settings 'docspot.settings'
web-1                               | Starting development server at http://0.0.0.0:8000/
web-1                               | Quit the server with CONTROL-C.
web-1                               | 
web-1                               | INFO /app/heart/views.py changed, reloading.
web-1                               | INFO:django.utils.autoreload:/app/heart/views.py changed, reloading.
web-1                               | INFO Watching for file changes with StatReloader
web-1                               | Performing system checks...
web-1                               | 
web-1                               | WARNING:absl:Compiled the loaded model, but the compiled metrics have yet to be built. `model.compile_metrics` will be empty until you train or evaluate the model.
web-1                               | System check identified no issues (0 silenced).
web-1                               | August 11, 2026 - 11:17:49
web-1                               | Django version 5.1.2, using settings 'docspot.settings'
web-1                               | Starting development server at http://0.0.0.0:8000/
web-1                               | Quit the server with CONTROL-C.
web-1                               | 
web-1                               | === POST RECEIVED ===
web-1                               | === FORM VALID ===
web-1                               | === ENTERED TRY BLOCK ===
web-1                               | /app/heart/views.py:87: FutureWarning: Downcasting object dtype arrays on .fillna, .ffill, .bfill is deprecated and will change in a future version. Call result.infer_objects(copy=False) instead. To opt-in to the future behavior, set `pd.set_option('future.no_silent_downcasting', True)`
web-1                               |   df = df.fillna(0)
web-1                               | Angina Symptoms Detected: 0.004
web-1                               | Arrhythmia: 0.005
web-1                               | Congestive Heart Failure: 0.558
web-1                               | High Risk of Heart Disease: 0.000
web-1                               | Normal: 0.002
web-1                               | Possible Exercise-Induced Angina: 0.431
web-1                               | Selected Diagnosis: Congestive Heart Failure
web-1                               | Confidence: 55.8%
web-1                               | === ABOUT TO RENDER RESULT ===
web-1                               | INFO "POST /heart/predict/ HTTP/1.1" 200 10359
web-1                               | INFO:django.server:"POST /heart/predict/ HTTP/1.1" 200 10359
web-1                               | DEBUG Dashboard Metrics: {'count_green': 0, 'count_yellow': 1, 'count_red': 2, 'total_predictions': 3, 'health_score': 0.5, 'health_percentage': 17, 'health_status': 'High Risk', 'status_color': 'danger'}
web-1                               | INFO "GET /home/ HTTP/1.1" 200 35395
web-1                               | INFO:django.server:"GET /home/ HTTP/1.1" 200 35395
web-1                               | === RENDERING PREDICTION FORM ===
web-1                               | INFO "GET /heart/predict/ HTTP/1.1" 200 15466
web-1                               | INFO:django.server:"GET /heart/predict/ HTTP/1.1" 200 15466
web-1                               | === POST RECEIVED ===
web-1                               | === FORM VALID ===
web-1                               | === ENTERED TRY BLOCK ===
web-1                               | /app/heart/views.py:87: FutureWarning: Downcasting object dtype arrays on .fillna, .ffill, .bfill is deprecated and will change in a future version. Call result.infer_objects(copy=False) instead. To opt-in to the future behavior, set `pd.set_option('future.no_silent_downcasting', True)`
web-1                               |   df = df.fillna(0)
web-1                               | Angina Symptoms Detected: 0.293
web-1                               | Arrhythmia: 0.007
web-1                               | Congestive Heart Failure: 0.636
web-1                               | High Risk of Heart Disease: 0.000
web-1                               | Normal: 0.058
web-1                               | Possible Exercise-Induced Angina: 0.005
web-1                               | Selected Diagnosis: Congestive Heart Failure
web-1                               | Confidence: 63.6%
web-1                               | === ABOUT TO RENDER RESULT ===
web-1                               | INFO "POST /heart/predict/ HTTP/1.1" 200 10359
web-1                               | INFO:django.server:"POST /heart/predict/ HTTP/1.1" 200 10359
web-1                               | === POST RECEIVED ===
web-1                               | === FORM VALID ===
web-1                               | === ENTERED TRY BLOCK ===
web-1                               | /app/heart/views.py:87: FutureWarning: Downcasting object dtype arrays on .fillna, .ffill, .bfill is deprecated and will change in a future version. Call result.infer_objects(copy=False) instead. To opt-in to the future behavior, set `pd.set_option('future.no_silent_downcasting', True)`
web-1                               |   df = df.fillna(0)
web-1                               | Angina Symptoms Detected: 0.293
web-1                               | Arrhythmia: 0.007
web-1                               | Congestive Heart Failure: 0.636
web-1                               | High Risk of Heart Disease: 0.000
web-1                               | Normal: 0.058
web-1                               | Possible Exercise-Induced Angina: 0.005
web-1                               | Selected Diagnosis: Congestive Heart Failure
web-1                               | Confidence: 63.6%
web-1                               | === ABOUT TO RENDER RESULT ===
web-1                               | INFO "POST /heart/predict/ HTTP/1.1" 200 10364
web-1                               | INFO:django.server:"POST /heart/predict/ HTTP/1.1" 200 10364
web-1                               | === POST RECEIVED ===
web-1                               | === FORM VALID ===
web-1                               | === ENTERED TRY BLOCK ===
web-1                               | /app/heart/views.py:87: FutureWarning: Downcasting object dtype arrays on .fillna, .ffill, .bfill is deprecated and will change in a future version. Call result.infer_objects(copy=False) instead. To opt-in to the future behavior, set `pd.set_option('future.no_silent_downcasting', True)`
web-1                               |   df = df.fillna(0)
web-1                               | Angina Symptoms Detected: 0.293
web-1                               | Arrhythmia: 0.007
web-1                               | Congestive Heart Failure: 0.636
web-1                               | High Risk of Heart Disease: 0.000
web-1                               | Normal: 0.058
web-1                               | Possible Exercise-Induced Angina: 0.005
web-1                               | Selected Diagnosis: Congestive Heart Failure
web-1                               | Confidence: 63.6%
web-1                               | === ABOUT TO RENDER RESULT ===
web-1                               | INFO "POST /heart/predict/ HTTP/1.1" 200 10618
web-1                               | INFO:django.server:"POST /heart/predict/ HTTP/1.1" 200 10618
web-1                               | === POST RECEIVED ===
web-1                               | === FORM VALID ===
web-1                               | === ENTERED TRY BLOCK ===
web-1                               | /app/heart/views.py:87: FutureWarning: Downcasting object dtype arrays on .fillna, .ffill, .bfill is deprecated and will change in a future version. Call result.infer_objects(copy=False) instead. To opt-in to the future behavior, set `pd.set_option('future.no_silent_downcasting', True)`
web-1                               |   df = df.fillna(0)
web-1                               | Angina Symptoms Detected: 0.293
web-1                               | Arrhythmia: 0.007
web-1                               | Congestive Heart Failure: 0.636
web-1                               | High Risk of Heart Disease: 0.000
web-1                               | Normal: 0.058
web-1                               | Possible Exercise-Induced Angina: 0.005
web-1                               | Selected Diagnosis: Congestive Heart Failure
web-1                               | Confidence: 63.6%
web-1                               | === ABOUT TO RENDER RESULT ===
web-1                               | INFO "POST /heart/predict/ HTTP/1.1" 200 10618
web-1                               | INFO:django.server:"POST /heart/predict/ HTTP/1.1" 200 10618
web-1                               | === POST RECEIVED ===
web-1                               | === FORM VALID ===
web-1                               | === ENTERED TRY BLOCK ===
web-1                               | /app/heart/views.py:87: FutureWarning: Downcasting object dtype arrays on .fillna, .ffill, .bfill is deprecated and will change in a future version. Call result.infer_objects(copy=False) instead. To opt-in to the future behavior, set `pd.set_option('future.no_silent_downcasting', True)`
web-1                               |   df = df.fillna(0)
web-1                               | Angina Symptoms Detected: 0.293
web-1                               | Arrhythmia: 0.007
web-1                               | Congestive Heart Failure: 0.636
web-1                               | High Risk of Heart Disease: 0.000
web-1                               | Normal: 0.058
web-1                               | Possible Exercise-Induced Angina: 0.005
web-1                               | Selected Diagnosis: Congestive Heart Failure
web-1                               | Confidence: 63.6%
web-1                               | === ABOUT TO RENDER RESULT ===
web-1                               | INFO "POST /heart/predict/ HTTP/1.1" 200 10618
web-1                               | INFO:django.server:"POST /heart/predict/ HTTP/1.1" 200 10618
web-1                               | INFO /app/kidney/views.py changed, reloading.
web-1                               | INFO:django.utils.autoreload:/app/kidney/views.py changed, reloading.
web-1                               | INFO Watching for file changes with StatReloader
web-1                               | Performing system checks...
web-1                               | 
web-1                               | WARNING:absl:Compiled the loaded model, but the compiled metrics have yet to be built. `model.compile_metrics` will be empty until you train or evaluate the model.
web-1                               | System check identified no issues (0 silenced).
web-1                               | August 11, 2026 - 11:32:25
web-1                               | Django version 5.1.2, using settings 'docspot.settings'
web-1                               | Starting development server at http://0.0.0.0:8000/
web-1                               | Quit the server with CONTROL-C.
web-1                               | 
web-1                               | INFO /app/kidney/views.py changed, reloading.
web-1                               | INFO:django.utils.autoreload:/app/kidney/views.py changed, reloading.
web-1                               | INFO Watching for file changes with StatReloader
web-1                               | Performing system checks...
web-1                               | 
web-1                               | Exception in thread django-main-thread:
web-1                               | Traceback (most recent call last):
web-1                               |   File "/usr/local/lib/python3.12/threading.py", line 1075, in _bootstrap_inner
web-1                               |     self.run()
web-1                               |   File "/usr/local/lib/python3.12/threading.py", line 1012, in run
web-1                               |     self._target(*self._args, **self._kwargs)
web-1                               |   File "/usr/local/lib/python3.12/site-packages/django/utils/autoreload.py", line 64, in wrapper
web-1                               |     fn(*args, **kwargs)
web-1                               |   File "/usr/local/lib/python3.12/site-packages/django/core/management/commands/runserver.py", line 134, in inner_run
web-1                               |     self.check(display_num_errors=True)
web-1                               |   File "/usr/local/lib/python3.12/site-packages/django/core/management/base.py", line 486, in check
web-1                               |     all_issues = checks.run_checks(
web-1                               |                  ^^^^^^^^^^^^^^^^^^
web-1                               |   File "/usr/local/lib/python3.12/site-packages/django/core/checks/registry.py", line 88, in run_checks
web-1                               |     new_errors = check(app_configs=app_configs, databases=databases)
web-1                               |                  ^^^^^^^^^^^^^^^^^^^^^^^^^^^^^^^^^^^^^^^^^^^^^^^^^^^
web-1                               |   File "/usr/local/lib/python3.12/site-packages/django/core/checks/urls.py", line 44, in check_url_namespaces_unique
web-1                               |     all_namespaces = _load_all_namespaces(resolver)
web-1                               |                      ^^^^^^^^^^^^^^^^^^^^^^^^^^^^^^
web-1                               |   File "/usr/local/lib/python3.12/site-packages/django/core/checks/urls.py", line 63, in _load_all_namespaces
web-1                               |     url_patterns = getattr(resolver, "url_patterns", [])
web-1                               |                    ^^^^^^^^^^^^^^^^^^^^^^^^^^^^^^^^^^^^^
web-1                               |   File "/usr/local/lib/python3.12/site-packages/django/utils/functional.py", line 47, in __get__
web-1                               |     res = instance.__dict__[self.name] = self.func(instance)
web-1                               |                                          ^^^^^^^^^^^^^^^^^^^
web-1                               |   File "/usr/local/lib/python3.12/site-packages/django/urls/resolvers.py", line 718, in url_patterns
web-1                               |     patterns = getattr(self.urlconf_module, "urlpatterns", self.urlconf_module)
web-1                               |                        ^^^^^^^^^^^^^^^^^^^
web-1                               |   File "/usr/local/lib/python3.12/site-packages/django/utils/functional.py", line 47, in __get__
web-1                               |     res = instance.__dict__[self.name] = self.func(instance)
web-1                               |                                          ^^^^^^^^^^^^^^^^^^^
web-1                               |   File "/usr/local/lib/python3.12/site-packages/django/urls/resolvers.py", line 711, in urlconf_module
web-1                               |     return import_module(self.urlconf_name)
web-1                               |            ^^^^^^^^^^^^^^^^^^^^^^^^^^^^^^^^
web-1                               |   File "/usr/local/lib/python3.12/importlib/__init__.py", line 90, in import_module
web-1                               |     return _bootstrap._gcd_import(name[level:], package, level)
web-1                               |            ^^^^^^^^^^^^^^^^^^^^^^^^^^^^^^^^^^^^^^^^^^^^^^^^^^^^
web-1                               |   File "<frozen importlib._bootstrap>", line 1387, in _gcd_import
web-1                               |   File "<frozen importlib._bootstrap>", line 1360, in _find_and_load
web-1                               |   File "<frozen importlib._bootstrap>", line 1331, in _find_and_load_unlocked
web-1                               |   File "<frozen importlib._bootstrap>", line 935, in _load_unlocked
web-1                               |   File "<frozen importlib._bootstrap_external>", line 999, in exec_module
web-1                               |   File "<frozen importlib._bootstrap>", line 488, in _call_with_frames_removed
web-1                               |   File "/app/docspot/urls.py", line 37, in <module>
web-1                               |     path("kidney/", include("kidney.urls")),
web-1                               |                     ^^^^^^^^^^^^^^^^^^^^^^
web-1                               |   File "/usr/local/lib/python3.12/site-packages/django/urls/conf.py", line 39, in include
web-1                               |     urlconf_module = import_module(urlconf_module)
web-1                               |                      ^^^^^^^^^^^^^^^^^^^^^^^^^^^^^
web-1                               |   File "/usr/local/lib/python3.12/importlib/__init__.py", line 90, in import_module
web-1                               |     return _bootstrap._gcd_import(name[level:], package, level)
web-1                               |            ^^^^^^^^^^^^^^^^^^^^^^^^^^^^^^^^^^^^^^^^^^^^^^^^^^^^
web-1                               |   File "<frozen importlib._bootstrap>", line 1387, in _gcd_import
web-1                               |   File "<frozen importlib._bootstrap>", line 1360, in _find_and_load
web-1                               |   File "<frozen importlib._bootstrap>", line 1331, in _find_and_load_unlocked
web-1                               |   File "<frozen importlib._bootstrap>", line 935, in _load_unlocked
web-1                               |   File "<frozen importlib._bootstrap_external>", line 999, in exec_module
web-1                               |   File "<frozen importlib._bootstrap>", line 488, in _call_with_frames_removed
web-1                               |   File "/app/kidney/urls.py", line 2, in <module>
web-1                               |     from . import views
web-1                               |   File "/app/kidney/views.py", line 20, in <module>
web-1                               |     from main_page.utils.prediction_utils import (
web-1                               | ImportError: cannot import name 'buil' from 'main_page.utils.prediction_utils' (/app/main_page/utils/prediction_utils.py)
web-1                               | INFO /app/kidney/views.py changed, reloading.
web-1                               | INFO Watching for file changes with StatReloader
web-1                               | Performing system checks...
web-1                               | 
web-1                               | WARNING:absl:Compiled the loaded model, but the compiled metrics have yet to be built. `model.compile_metrics` will be empty until you train or evaluate the model.
web-1                               | System check identified no issues (0 silenced).
web-1                               | August 11, 2026 - 11:35:50
web-1                               | Django version 5.1.2, using settings 'docspot.settings'
web-1                               | Starting development server at http://0.0.0.0:8000/
web-1                               | Quit the server with CONTROL-C.
web-1                               | 
web-1                               | INFO /app/kidney/views.py changed, reloading.
web-1                               | INFO:django.utils.autoreload:/app/kidney/views.py changed, reloading.
web-1                               | INFO Watching for file changes with StatReloader
web-1                               | Performing system checks...
web-1                               | 
web-1                               | WARNING:absl:Compiled the loaded model, but the compiled metrics have yet to be built. `model.compile_metrics` will be empty until you train or evaluate the model.
web-1                               | System check identified no issues (0 silenced).
web-1                               | August 11, 2026 - 17:23:15
web-1                               | Django version 5.1.2, using settings 'docspot.settings'
web-1                               | Starting development server at http://0.0.0.0:8000/
web-1                               | Quit the server with CONTROL-C.
web-1                               | 
web-1                               | INFO /app/kidney/views.py changed, reloading.
web-1                               | INFO:django.utils.autoreload:/app/kidney/views.py changed, reloading.
web-1                               | INFO Watching for file changes with StatReloader
web-1                               | Performing system checks...
web-1                               | 
web-1                               | WARNING:absl:Compiled the loaded model, but the compiled metrics have yet to be built. `model.compile_metrics` will be empty until you train or evaluate the model.
web-1                               | System check identified no issues (0 silenced).
web-1                               | August 11, 2026 - 17:23:53
web-1                               | Django version 5.1.2, using settings 'docspot.settings'
web-1                               | Starting development server at http://0.0.0.0:8000/
web-1                               | Quit the server with CONTROL-C.
web-1                               | 
web-1                               | INFO /app/kidney/views.py changed, reloading.
web-1                               | INFO:django.utils.autoreload:/app/kidney/views.py changed, reloading.
web-1                               | INFO Watching for file changes with StatReloader
web-1                               | Performing system checks...
web-1                               | 
web-1                               | WARNING:absl:Compiled the loaded model, but the compiled metrics have yet to be built. `model.compile_metrics` will be empty until you train or evaluate the model.
web-1                               | System check identified no issues (0 silenced).
web-1                               | August 11, 2026 - 17:24:11
web-1                               | Django version 5.1.2, using settings 'docspot.settings'
web-1                               | Starting development server at http://0.0.0.0:8000/
web-1                               | Quit the server with CONTROL-C.
web-1                               | 
web-1                               | INFO /app/kidney/views.py changed, reloading.
web-1                               | INFO:django.utils.autoreload:/app/kidney/views.py changed, reloading.
web-1                               | INFO Watching for file changes with StatReloader
web-1                               | Performing system checks...
web-1                               | 
web-1                               | WARNING:absl:Compiled the loaded model, but the compiled metrics have yet to be built. `model.compile_metrics` will be empty until you train or evaluate the model.
web-1                               | System check identified no issues (0 silenced).
web-1                               | August 11, 2026 - 17:24:40
web-1                               | Django version 5.1.2, using settings 'docspot.settings'
web-1                               | Starting development server at http://0.0.0.0:8000/
web-1                               | Quit the server with CONTROL-C.
web-1                               | 
web-1                               | INFO /app/kidney/views.py changed, reloading.
web-1                               | INFO:django.utils.autoreload:/app/kidney/views.py changed, reloading.
web-1                               | INFO Watching for file changes with StatReloader
web-1                               | Performing system checks...
web-1                               | 
web-1                               | Exception in thread django-main-thread:
web-1                               | Traceback (most recent call last):
web-1                               |   File "/usr/local/lib/python3.12/threading.py", line 1075, in _bootstrap_inner
web-1                               |     self.run()
web-1                               |   File "/usr/local/lib/python3.12/threading.py", line 1012, in run
web-1                               |     self._target(*self._args, **self._kwargs)
web-1                               |   File "/usr/local/lib/python3.12/site-packages/django/utils/autoreload.py", line 64, in wrapper
web-1                               |     fn(*args, **kwargs)
web-1                               |   File "/usr/local/lib/python3.12/site-packages/django/core/management/commands/runserver.py", line 134, in inner_run
web-1                               |     self.check(display_num_errors=True)
web-1                               |   File "/usr/local/lib/python3.12/site-packages/django/core/management/base.py", line 486, in check
web-1                               |     all_issues = checks.run_checks(
web-1                               |                  ^^^^^^^^^^^^^^^^^^
web-1                               |   File "/usr/local/lib/python3.12/site-packages/django/core/checks/registry.py", line 88, in run_checks
web-1                               |     new_errors = check(app_configs=app_configs, databases=databases)
web-1                               |                  ^^^^^^^^^^^^^^^^^^^^^^^^^^^^^^^^^^^^^^^^^^^^^^^^^^^
web-1                               |   File "/usr/local/lib/python3.12/site-packages/django/core/checks/urls.py", line 44, in check_url_namespaces_unique
web-1                               |     all_namespaces = _load_all_namespaces(resolver)
web-1                               |                      ^^^^^^^^^^^^^^^^^^^^^^^^^^^^^^
web-1                               |   File "/usr/local/lib/python3.12/site-packages/django/core/checks/urls.py", line 63, in _load_all_namespaces
web-1                               |     url_patterns = getattr(resolver, "url_patterns", [])
web-1                               |                    ^^^^^^^^^^^^^^^^^^^^^^^^^^^^^^^^^^^^^
web-1                               |   File "/usr/local/lib/python3.12/site-packages/django/utils/functional.py", line 47, in __get__
web-1                               |     res = instance.__dict__[self.name] = self.func(instance)
web-1                               |                                          ^^^^^^^^^^^^^^^^^^^
web-1                               |   File "/usr/local/lib/python3.12/site-packages/django/urls/resolvers.py", line 718, in url_patterns
web-1                               |     patterns = getattr(self.urlconf_module, "urlpatterns", self.urlconf_module)
web-1                               |                        ^^^^^^^^^^^^^^^^^^^
web-1                               |   File "/usr/local/lib/python3.12/site-packages/django/utils/functional.py", line 47, in __get__
web-1                               |     res = instance.__dict__[self.name] = self.func(instance)
web-1                               |                                          ^^^^^^^^^^^^^^^^^^^
web-1                               |   File "/usr/local/lib/python3.12/site-packages/django/urls/resolvers.py", line 711, in urlconf_module
web-1                               |     return import_module(self.urlconf_name)
web-1                               |            ^^^^^^^^^^^^^^^^^^^^^^^^^^^^^^^^
web-1                               |   File "/usr/local/lib/python3.12/importlib/__init__.py", line 90, in import_module
web-1                               |     return _bootstrap._gcd_import(name[level:], package, level)
web-1                               |            ^^^^^^^^^^^^^^^^^^^^^^^^^^^^^^^^^^^^^^^^^^^^^^^^^^^^
web-1                               |   File "<frozen importlib._bootstrap>", line 1387, in _gcd_import
web-1                               |   File "<frozen importlib._bootstrap>", line 1360, in _find_and_load
web-1                               |   File "<frozen importlib._bootstrap>", line 1331, in _find_and_load_unlocked
web-1                               |   File "<frozen importlib._bootstrap>", line 935, in _load_unlocked
web-1                               |   File "<frozen importlib._bootstrap_external>", line 999, in exec_module
web-1                               |   File "<frozen importlib._bootstrap>", line 488, in _call_with_frames_removed
web-1                               |   File "/app/docspot/urls.py", line 37, in <module>
web-1                               |     path("kidney/", include("kidney.urls")),
web-1                               |                     ^^^^^^^^^^^^^^^^^^^^^^
web-1                               |   File "/usr/local/lib/python3.12/site-packages/django/urls/conf.py", line 39, in include
web-1                               |     urlconf_module = import_module(urlconf_module)
web-1                               |                      ^^^^^^^^^^^^^^^^^^^^^^^^^^^^^
web-1                               |   File "/usr/local/lib/python3.12/importlib/__init__.py", line 90, in import_module
web-1                               |     return _bootstrap._gcd_import(name[level:], package, level)
web-1                               |            ^^^^^^^^^^^^^^^^^^^^^^^^^^^^^^^^^^^^^^^^^^^^^^^^^^^^
web-1                               |   File "<frozen importlib._bootstrap>", line 1387, in _gcd_import
web-1                               |   File "<frozen importlib._bootstrap>", line 1360, in _find_and_load
web-1                               |   File "<frozen importlib._bootstrap>", line 1331, in _find_and_load_unlocked
web-1                               |   File "<frozen importlib._bootstrap>", line 935, in _load_unlocked
web-1                               |   File "<frozen importlib._bootstrap_external>", line 999, in exec_module
web-1                               |   File "<frozen importlib._bootstrap>", line 488, in _call_with_frames_removed
web-1                               |   File "/app/kidney/urls.py", line 2, in <module>
web-1                               |     from . import views
web-1                               |   File "/app/kidney/views.py", line 233
web-1                               |     prediction_result = build_prediction_result(
web-1                               | IndentationError: unexpected indent
web-1                               | INFO /app/kidney/views.py changed, reloading.
web-1                               | INFO Watching for file changes with StatReloader
web-1                               | Performing system checks...
web-1                               | 
web-1                               | Exception in thread django-main-thread:
web-1                               | Traceback (most recent call last):
web-1                               |   File "/usr/local/lib/python3.12/threading.py", line 1075, in _bootstrap_inner
web-1                               |     self.run()
web-1                               |   File "/usr/local/lib/python3.12/threading.py", line 1012, in run
web-1                               |     self._target(*self._args, **self._kwargs)
web-1                               |   File "/usr/local/lib/python3.12/site-packages/django/utils/autoreload.py", line 64, in wrapper
web-1                               |     fn(*args, **kwargs)
web-1                               |   File "/usr/local/lib/python3.12/site-packages/django/core/management/commands/runserver.py", line 134, in inner_run
web-1                               |     self.check(display_num_errors=True)
web-1                               |   File "/usr/local/lib/python3.12/site-packages/django/core/management/base.py", line 486, in check
web-1                               |     all_issues = checks.run_checks(
web-1                               |                  ^^^^^^^^^^^^^^^^^^
web-1                               |   File "/usr/local/lib/python3.12/site-packages/django/core/checks/registry.py", line 88, in run_checks
web-1                               |     new_errors = check(app_configs=app_configs, databases=databases)
web-1                               |                  ^^^^^^^^^^^^^^^^^^^^^^^^^^^^^^^^^^^^^^^^^^^^^^^^^^^
web-1                               |   File "/usr/local/lib/python3.12/site-packages/django/core/checks/urls.py", line 44, in check_url_namespaces_unique
web-1                               |     all_namespaces = _load_all_namespaces(resolver)
web-1                               |                      ^^^^^^^^^^^^^^^^^^^^^^^^^^^^^^
web-1                               |   File "/usr/local/lib/python3.12/site-packages/django/core/checks/urls.py", line 63, in _load_all_namespaces
web-1                               |     url_patterns = getattr(resolver, "url_patterns", [])
web-1                               |                    ^^^^^^^^^^^^^^^^^^^^^^^^^^^^^^^^^^^^^
web-1                               |   File "/usr/local/lib/python3.12/site-packages/django/utils/functional.py", line 47, in __get__
web-1                               |     res = instance.__dict__[self.name] = self.func(instance)
web-1                               |                                          ^^^^^^^^^^^^^^^^^^^
web-1                               |   File "/usr/local/lib/python3.12/site-packages/django/urls/resolvers.py", line 718, in url_patterns
web-1                               |     patterns = getattr(self.urlconf_module, "urlpatterns", self.urlconf_module)
web-1                               |                        ^^^^^^^^^^^^^^^^^^^
web-1                               |   File "/usr/local/lib/python3.12/site-packages/django/utils/functional.py", line 47, in __get__
web-1                               |     res = instance.__dict__[self.name] = self.func(instance)
web-1                               |                                          ^^^^^^^^^^^^^^^^^^^
web-1                               |   File "/usr/local/lib/python3.12/site-packages/django/urls/resolvers.py", line 711, in urlconf_module
web-1                               |     return import_module(self.urlconf_name)
web-1                               |            ^^^^^^^^^^^^^^^^^^^^^^^^^^^^^^^^
web-1                               |   File "/usr/local/lib/python3.12/importlib/__init__.py", line 90, in import_module
web-1                               |     return _bootstrap._gcd_import(name[level:], package, level)
web-1                               |            ^^^^^^^^^^^^^^^^^^^^^^^^^^^^^^^^^^^^^^^^^^^^^^^^^^^^
web-1                               |   File "<frozen importlib._bootstrap>", line 1387, in _gcd_import
web-1                               |   File "<frozen importlib._bootstrap>", line 1360, in _find_and_load
web-1                               |   File "<frozen importlib._bootstrap>", line 1331, in _find_and_load_unlocked
web-1                               |   File "<frozen importlib._bootstrap>", line 935, in _load_unlocked
web-1                               |   File "<frozen importlib._bootstrap_external>", line 999, in exec_module
web-1                               |   File "<frozen importlib._bootstrap>", line 488, in _call_with_frames_removed
web-1                               |   File "/app/docspot/urls.py", line 37, in <module>
web-1                               |     path("kidney/", include("kidney.urls")),
web-1                               |                     ^^^^^^^^^^^^^^^^^^^^^^
web-1                               |   File "/usr/local/lib/python3.12/site-packages/django/urls/conf.py", line 39, in include
web-1                               |     urlconf_module = import_module(urlconf_module)
web-1                               |                      ^^^^^^^^^^^^^^^^^^^^^^^^^^^^^
web-1                               |   File "/usr/local/lib/python3.12/importlib/__init__.py", line 90, in import_module
web-1                               |     return _bootstrap._gcd_import(name[level:], package, level)
web-1                               |            ^^^^^^^^^^^^^^^^^^^^^^^^^^^^^^^^^^^^^^^^^^^^^^^^^^^^
web-1                               |   File "<frozen importlib._bootstrap>", line 1387, in _gcd_import
web-1                               |   File "<frozen importlib._bootstrap>", line 1360, in _find_and_load
web-1                               |   File "<frozen importlib._bootstrap>", line 1331, in _find_and_load_unlocked
web-1                               |   File "<frozen importlib._bootstrap>", line 935, in _load_unlocked
web-1                               |   File "<frozen importlib._bootstrap_external>", line 999, in exec_module
web-1                               |   File "<frozen importlib._bootstrap>", line 488, in _call_with_frames_removed
web-1                               |   File "/app/kidney/urls.py", line 2, in <module>
web-1                               |     from . import views
web-1                               |   File "/app/kidney/views.py", line 239
web-1                               |     prediction_metadata = generate_prediction_metadata(
web-1                               | IndentationError: unexpected indent
web-1                               | INFO /app/kidney/views.py changed, reloading.
web-1                               | INFO Watching for file changes with StatReloader
web-1                               | Performing system checks...
web-1                               | 
web-1                               | Exception in thread django-main-thread:
web-1                               | Traceback (most recent call last):
web-1                               |   File "/usr/local/lib/python3.12/threading.py", line 1075, in _bootstrap_inner
web-1                               |     self.run()
web-1                               |   File "/usr/local/lib/python3.12/threading.py", line 1012, in run
web-1                               |     self._target(*self._args, **self._kwargs)
web-1                               |   File "/usr/local/lib/python3.12/site-packages/django/utils/autoreload.py", line 64, in wrapper
web-1                               |     fn(*args, **kwargs)
web-1                               |   File "/usr/local/lib/python3.12/site-packages/django/core/management/commands/runserver.py", line 134, in inner_run
web-1                               |     self.check(display_num_errors=True)
web-1                               |   File "/usr/local/lib/python3.12/site-packages/django/core/management/base.py", line 486, in check
web-1                               |     all_issues = checks.run_checks(
web-1                               |                  ^^^^^^^^^^^^^^^^^^
web-1                               |   File "/usr/local/lib/python3.12/site-packages/django/core/checks/registry.py", line 88, in run_checks
web-1                               |     new_errors = check(app_configs=app_configs, databases=databases)
web-1                               |                  ^^^^^^^^^^^^^^^^^^^^^^^^^^^^^^^^^^^^^^^^^^^^^^^^^^^
web-1                               |   File "/usr/local/lib/python3.12/site-packages/django/core/checks/urls.py", line 44, in check_url_namespaces_unique
web-1                               |     all_namespaces = _load_all_namespaces(resolver)
web-1                               |                      ^^^^^^^^^^^^^^^^^^^^^^^^^^^^^^
web-1                               |   File "/usr/local/lib/python3.12/site-packages/django/core/checks/urls.py", line 63, in _load_all_namespaces
web-1                               |     url_patterns = getattr(resolver, "url_patterns", [])
web-1                               |                    ^^^^^^^^^^^^^^^^^^^^^^^^^^^^^^^^^^^^^
web-1                               |   File "/usr/local/lib/python3.12/site-packages/django/utils/functional.py", line 47, in __get__
web-1                               |     res = instance.__dict__[self.name] = self.func(instance)
web-1                               |                                          ^^^^^^^^^^^^^^^^^^^
web-1                               |   File "/usr/local/lib/python3.12/site-packages/django/urls/resolvers.py", line 718, in url_patterns
web-1                               |     patterns = getattr(self.urlconf_module, "urlpatterns", self.urlconf_module)
web-1                               |                        ^^^^^^^^^^^^^^^^^^^
web-1                               |   File "/usr/local/lib/python3.12/site-packages/django/utils/functional.py", line 47, in __get__
web-1                               |     res = instance.__dict__[self.name] = self.func(instance)
web-1                               |                                          ^^^^^^^^^^^^^^^^^^^
web-1                               |   File "/usr/local/lib/python3.12/site-packages/django/urls/resolvers.py", line 711, in urlconf_module
web-1                               |     return import_module(self.urlconf_name)
web-1                               |            ^^^^^^^^^^^^^^^^^^^^^^^^^^^^^^^^
web-1                               |   File "/usr/local/lib/python3.12/importlib/__init__.py", line 90, in import_module
web-1                               |     return _bootstrap._gcd_import(name[level:], package, level)
web-1                               |            ^^^^^^^^^^^^^^^^^^^^^^^^^^^^^^^^^^^^^^^^^^^^^^^^^^^^
web-1                               |   File "<frozen importlib._bootstrap>", line 1387, in _gcd_import
web-1                               |   File "<frozen importlib._bootstrap>", line 1360, in _find_and_load
web-1                               |   File "<frozen importlib._bootstrap>", line 1331, in _find_and_load_unlocked
web-1                               |   File "<frozen importlib._bootstrap>", line 935, in _load_unlocked
web-1                               |   File "<frozen importlib._bootstrap_external>", line 999, in exec_module
web-1                               |   File "<frozen importlib._bootstrap>", line 488, in _call_with_frames_removed
web-1                               |   File "/app/docspot/urls.py", line 37, in <module>
web-1                               |     path("kidney/", include("kidney.urls")),
web-1                               |                     ^^^^^^^^^^^^^^^^^^^^^^
web-1                               |   File "/usr/local/lib/python3.12/site-packages/django/urls/conf.py", line 39, in include
web-1                               |     urlconf_module = import_module(urlconf_module)
web-1                               |                      ^^^^^^^^^^^^^^^^^^^^^^^^^^^^^
web-1                               |   File "/usr/local/lib/python3.12/importlib/__init__.py", line 90, in import_module
web-1                               |     return _bootstrap._gcd_import(name[level:], package, level)
web-1                               |            ^^^^^^^^^^^^^^^^^^^^^^^^^^^^^^^^^^^^^^^^^^^^^^^^^^^^
web-1                               |   File "<frozen importlib._bootstrap>", line 1387, in _gcd_import
web-1                               |   File "<frozen importlib._bootstrap>", line 1360, in _find_and_load
web-1                               |   File "<frozen importlib._bootstrap>", line 1331, in _find_and_load_unlocked
web-1                               |   File "<frozen importlib._bootstrap>", line 935, in _load_unlocked
web-1                               |   File "<frozen importlib._bootstrap_external>", line 999, in exec_module
web-1                               |   File "<frozen importlib._bootstrap>", line 488, in _call_with_frames_removed
web-1                               |   File "/app/kidney/urls.py", line 2, in <module>
web-1                               |     from . import views
web-1                               |   File "/app/kidney/views.py", line 241
web-1                               |     prediction_metadata = generate_prediction_metadata(
web-1                               | IndentationError: unexpected indent
web-1                               | INFO /app/kidney/views.py changed, reloading.
web-1                               | INFO Watching for file changes with StatReloader
web-1                               | Performing system checks...
web-1                               | 
web-1                               | Exception in thread django-main-thread:
web-1                               | Traceback (most recent call last):
web-1                               |   File "/usr/local/lib/python3.12/threading.py", line 1075, in _bootstrap_inner
web-1                               |     self.run()
web-1                               |   File "/usr/local/lib/python3.12/threading.py", line 1012, in run
web-1                               |     self._target(*self._args, **self._kwargs)
web-1                               |   File "/usr/local/lib/python3.12/site-packages/django/utils/autoreload.py", line 64, in wrapper
web-1                               |     fn(*args, **kwargs)
web-1                               |   File "/usr/local/lib/python3.12/site-packages/django/core/management/commands/runserver.py", line 134, in inner_run
web-1                               |     self.check(display_num_errors=True)
web-1                               |   File "/usr/local/lib/python3.12/site-packages/django/core/management/base.py", line 486, in check
web-1                               |     all_issues = checks.run_checks(
web-1                               |                  ^^^^^^^^^^^^^^^^^^
web-1                               |   File "/usr/local/lib/python3.12/site-packages/django/core/checks/registry.py", line 88, in run_checks
web-1                               |     new_errors = check(app_configs=app_configs, databases=databases)
web-1                               |                  ^^^^^^^^^^^^^^^^^^^^^^^^^^^^^^^^^^^^^^^^^^^^^^^^^^^
web-1                               |   File "/usr/local/lib/python3.12/site-packages/django/core/checks/urls.py", line 44, in check_url_namespaces_unique
web-1                               |     all_namespaces = _load_all_namespaces(resolver)
web-1                               |                      ^^^^^^^^^^^^^^^^^^^^^^^^^^^^^^
web-1                               |   File "/usr/local/lib/python3.12/site-packages/django/core/checks/urls.py", line 63, in _load_all_namespaces
web-1                               |     url_patterns = getattr(resolver, "url_patterns", [])
web-1                               |                    ^^^^^^^^^^^^^^^^^^^^^^^^^^^^^^^^^^^^^
web-1                               |   File "/usr/local/lib/python3.12/site-packages/django/utils/functional.py", line 47, in __get__
web-1                               |     res = instance.__dict__[self.name] = self.func(instance)
web-1                               |                                          ^^^^^^^^^^^^^^^^^^^
web-1                               |   File "/usr/local/lib/python3.12/site-packages/django/urls/resolvers.py", line 718, in url_patterns
web-1                               |     patterns = getattr(self.urlconf_module, "urlpatterns", self.urlconf_module)
web-1                               |                        ^^^^^^^^^^^^^^^^^^^
web-1                               |   File "/usr/local/lib/python3.12/site-packages/django/utils/functional.py", line 47, in __get__
web-1                               |     res = instance.__dict__[self.name] = self.func(instance)
web-1                               |                                          ^^^^^^^^^^^^^^^^^^^
web-1                               |   File "/usr/local/lib/python3.12/site-packages/django/urls/resolvers.py", line 711, in urlconf_module
web-1                               |     return import_module(self.urlconf_name)
web-1                               |            ^^^^^^^^^^^^^^^^^^^^^^^^^^^^^^^^
web-1                               |   File "/usr/local/lib/python3.12/importlib/__init__.py", line 90, in import_module
web-1                               |     return _bootstrap._gcd_import(name[level:], package, level)
web-1                               |            ^^^^^^^^^^^^^^^^^^^^^^^^^^^^^^^^^^^^^^^^^^^^^^^^^^^^
web-1                               |   File "<frozen importlib._bootstrap>", line 1387, in _gcd_import
web-1                               |   File "<frozen importlib._bootstrap>", line 1360, in _find_and_load
web-1                               |   File "<frozen importlib._bootstrap>", line 1331, in _find_and_load_unlocked
web-1                               |   File "<frozen importlib._bootstrap>", line 935, in _load_unlocked
web-1                               |   File "<frozen importlib._bootstrap_external>", line 999, in exec_module
web-1                               |   File "<frozen importlib._bootstrap>", line 488, in _call_with_frames_removed
web-1                               |   File "/app/docspot/urls.py", line 37, in <module>
web-1                               |     path("kidney/", include("kidney.urls")),
web-1                               |                     ^^^^^^^^^^^^^^^^^^^^^^
web-1                               |   File "/usr/local/lib/python3.12/site-packages/django/urls/conf.py", line 39, in include
web-1                               |     urlconf_module = import_module(urlconf_module)
web-1                               |                      ^^^^^^^^^^^^^^^^^^^^^^^^^^^^^
web-1                               |   File "/usr/local/lib/python3.12/importlib/__init__.py", line 90, in import_module
web-1                               |     return _bootstrap._gcd_import(name[level:], package, level)
web-1                               |            ^^^^^^^^^^^^^^^^^^^^^^^^^^^^^^^^^^^^^^^^^^^^^^^^^^^^
web-1                               |   File "<frozen importlib._bootstrap>", line 1387, in _gcd_import
web-1                               |   File "<frozen importlib._bootstrap>", line 1360, in _find_and_load
web-1                               |   File "<frozen importlib._bootstrap>", line 1331, in _find_and_load_unlocked
web-1                               |   File "<frozen importlib._bootstrap>", line 935, in _load_unlocked
web-1                               |   File "<frozen importlib._bootstrap_external>", line 999, in exec_module
web-1                               |   File "<frozen importlib._bootstrap>", line 488, in _call_with_frames_removed
web-1                               |   File "/app/kidney/urls.py", line 2, in <module>
web-1                               |     from . import views
web-1                               |   File "/app/kidney/views.py", line 242
web-1                               |     prediction_metadata = generate_prediction_metadata(
web-1                               | IndentationError: unexpected indent
web-1                               | INFO /app/kidney/views.py changed, reloading.
web-1                               | INFO Watching for file changes with StatReloader
web-1                               | Performing system checks...
web-1                               | 
web-1                               | Exception in thread django-main-thread:
web-1                               | Traceback (most recent call last):
web-1                               |   File "/usr/local/lib/python3.12/threading.py", line 1075, in _bootstrap_inner
web-1                               |     self.run()
web-1                               |   File "/usr/local/lib/python3.12/threading.py", line 1012, in run
web-1                               |     self._target(*self._args, **self._kwargs)
web-1                               |   File "/usr/local/lib/python3.12/site-packages/django/utils/autoreload.py", line 64, in wrapper
web-1                               |     fn(*args, **kwargs)
web-1                               |   File "/usr/local/lib/python3.12/site-packages/django/core/management/commands/runserver.py", line 134, in inner_run
web-1                               |     self.check(display_num_errors=True)
web-1                               |   File "/usr/local/lib/python3.12/site-packages/django/core/management/base.py", line 486, in check
web-1                               |     all_issues = checks.run_checks(
web-1                               |                  ^^^^^^^^^^^^^^^^^^
web-1                               |   File "/usr/local/lib/python3.12/site-packages/django/core/checks/registry.py", line 88, in run_checks
web-1                               |     new_errors = check(app_configs=app_configs, databases=databases)
web-1                               |                  ^^^^^^^^^^^^^^^^^^^^^^^^^^^^^^^^^^^^^^^^^^^^^^^^^^^
web-1                               |   File "/usr/local/lib/python3.12/site-packages/django/core/checks/urls.py", line 44, in check_url_namespaces_unique
web-1                               |     all_namespaces = _load_all_namespaces(resolver)
web-1                               |                      ^^^^^^^^^^^^^^^^^^^^^^^^^^^^^^
web-1                               |   File "/usr/local/lib/python3.12/site-packages/django/core/checks/urls.py", line 63, in _load_all_namespaces
web-1                               |     url_patterns = getattr(resolver, "url_patterns", [])
web-1                               |                    ^^^^^^^^^^^^^^^^^^^^^^^^^^^^^^^^^^^^^
web-1                               |   File "/usr/local/lib/python3.12/site-packages/django/utils/functional.py", line 47, in __get__
web-1                               |     res = instance.__dict__[self.name] = self.func(instance)
web-1                               |                                          ^^^^^^^^^^^^^^^^^^^
web-1                               |   File "/usr/local/lib/python3.12/site-packages/django/urls/resolvers.py", line 718, in url_patterns
web-1                               |     patterns = getattr(self.urlconf_module, "urlpatterns", self.urlconf_module)
web-1                               |                        ^^^^^^^^^^^^^^^^^^^
web-1                               |   File "/usr/local/lib/python3.12/site-packages/django/utils/functional.py", line 47, in __get__
web-1                               |     res = instance.__dict__[self.name] = self.func(instance)
web-1                               |                                          ^^^^^^^^^^^^^^^^^^^
web-1                               |   File "/usr/local/lib/python3.12/site-packages/django/urls/resolvers.py", line 711, in urlconf_module
web-1                               |     return import_module(self.urlconf_name)
web-1                               |            ^^^^^^^^^^^^^^^^^^^^^^^^^^^^^^^^
web-1                               |   File "/usr/local/lib/python3.12/importlib/__init__.py", line 90, in import_module
web-1                               |     return _bootstrap._gcd_import(name[level:], package, level)
web-1                               |            ^^^^^^^^^^^^^^^^^^^^^^^^^^^^^^^^^^^^^^^^^^^^^^^^^^^^
web-1                               |   File "<frozen importlib._bootstrap>", line 1387, in _gcd_import
web-1                               |   File "<frozen importlib._bootstrap>", line 1360, in _find_and_load
web-1                               |   File "<frozen importlib._bootstrap>", line 1331, in _find_and_load_unlocked
web-1                               |   File "<frozen importlib._bootstrap>", line 935, in _load_unlocked
web-1                               |   File "<frozen importlib._bootstrap_external>", line 999, in exec_module
web-1                               |   File "<frozen importlib._bootstrap>", line 488, in _call_with_frames_removed
web-1                               |   File "/app/docspot/urls.py", line 37, in <module>
web-1                               |     path("kidney/", include("kidney.urls")),
web-1                               |                     ^^^^^^^^^^^^^^^^^^^^^^
web-1                               |   File "/usr/local/lib/python3.12/site-packages/django/urls/conf.py", line 39, in include
web-1                               |     urlconf_module = import_module(urlconf_module)
web-1                               |                      ^^^^^^^^^^^^^^^^^^^^^^^^^^^^^
web-1                               |   File "/usr/local/lib/python3.12/importlib/__init__.py", line 90, in import_module
web-1                               |     return _bootstrap._gcd_import(name[level:], package, level)
web-1                               |            ^^^^^^^^^^^^^^^^^^^^^^^^^^^^^^^^^^^^^^^^^^^^^^^^^^^^
web-1                               |   File "<frozen importlib._bootstrap>", line 1387, in _gcd_import
web-1                               |   File "<frozen importlib._bootstrap>", line 1360, in _find_and_load
web-1                               |   File "<frozen importlib._bootstrap>", line 1331, in _find_and_load_unlocked
web-1                               |   File "<frozen importlib._bootstrap>", line 935, in _load_unlocked
web-1                               |   File "<frozen importlib._bootstrap_external>", line 999, in exec_module
web-1                               |   File "<frozen importlib._bootstrap>", line 488, in _call_with_frames_removed
web-1                               |   File "/app/kidney/urls.py", line 2, in <module>
web-1                               |     from . import views
web-1                               |   File "/app/kidney/views.py", line 241
web-1                               |     prediction_metadata = generate_prediction_metadata(
web-1                               | IndentationError: unexpected indent
web-1                               | INFO /app/kidney/views.py changed, reloading.
web-1                               | INFO Watching for file changes with StatReloader
web-1                               | Performing system checks...
web-1                               | 
web-1                               | Exception in thread django-main-thread:
web-1                               | Traceback (most recent call last):
web-1                               |   File "/usr/local/lib/python3.12/threading.py", line 1075, in _bootstrap_inner
web-1                               |     self.run()
web-1                               |   File "/usr/local/lib/python3.12/threading.py", line 1012, in run
web-1                               |     self._target(*self._args, **self._kwargs)
web-1                               |   File "/usr/local/lib/python3.12/site-packages/django/utils/autoreload.py", line 64, in wrapper
web-1                               |     fn(*args, **kwargs)
web-1                               |   File "/usr/local/lib/python3.12/site-packages/django/core/management/commands/runserver.py", line 134, in inner_run
web-1                               |     self.check(display_num_errors=True)
web-1                               |   File "/usr/local/lib/python3.12/site-packages/django/core/management/base.py", line 486, in check
web-1                               |     all_issues = checks.run_checks(
web-1                               |                  ^^^^^^^^^^^^^^^^^^
web-1                               |   File "/usr/local/lib/python3.12/site-packages/django/core/checks/registry.py", line 88, in run_checks
web-1                               |     new_errors = check(app_configs=app_configs, databases=databases)
web-1                               |                  ^^^^^^^^^^^^^^^^^^^^^^^^^^^^^^^^^^^^^^^^^^^^^^^^^^^
web-1                               |   File "/usr/local/lib/python3.12/site-packages/django/core/checks/urls.py", line 44, in check_url_namespaces_unique
web-1                               |     all_namespaces = _load_all_namespaces(resolver)
web-1                               |                      ^^^^^^^^^^^^^^^^^^^^^^^^^^^^^^
web-1                               |   File "/usr/local/lib/python3.12/site-packages/django/core/checks/urls.py", line 63, in _load_all_namespaces
web-1                               |     url_patterns = getattr(resolver, "url_patterns", [])
web-1                               |                    ^^^^^^^^^^^^^^^^^^^^^^^^^^^^^^^^^^^^^
web-1                               |   File "/usr/local/lib/python3.12/site-packages/django/utils/functional.py", line 47, in __get__
web-1                               |     res = instance.__dict__[self.name] = self.func(instance)
web-1                               |                                          ^^^^^^^^^^^^^^^^^^^
web-1                               |   File "/usr/local/lib/python3.12/site-packages/django/urls/resolvers.py", line 718, in url_patterns
web-1                               |     patterns = getattr(self.urlconf_module, "urlpatterns", self.urlconf_module)
web-1                               |                        ^^^^^^^^^^^^^^^^^^^
web-1                               |   File "/usr/local/lib/python3.12/site-packages/django/utils/functional.py", line 47, in __get__
web-1                               |     res = instance.__dict__[self.name] = self.func(instance)
web-1                               |                                          ^^^^^^^^^^^^^^^^^^^
web-1                               |   File "/usr/local/lib/python3.12/site-packages/django/urls/resolvers.py", line 711, in urlconf_module
web-1                               |     return import_module(self.urlconf_name)
web-1                               |            ^^^^^^^^^^^^^^^^^^^^^^^^^^^^^^^^
web-1                               |   File "/usr/local/lib/python3.12/importlib/__init__.py", line 90, in import_module
web-1                               |     return _bootstrap._gcd_import(name[level:], package, level)
web-1                               |            ^^^^^^^^^^^^^^^^^^^^^^^^^^^^^^^^^^^^^^^^^^^^^^^^^^^^
web-1                               |   File "<frozen importlib._bootstrap>", line 1387, in _gcd_import
web-1                               |   File "<frozen importlib._bootstrap>", line 1360, in _find_and_load
web-1                               |   File "<frozen importlib._bootstrap>", line 1331, in _find_and_load_unlocked
web-1                               |   File "<frozen importlib._bootstrap>", line 935, in _load_unlocked
web-1                               |   File "<frozen importlib._bootstrap_external>", line 999, in exec_module
web-1                               |   File "<frozen importlib._bootstrap>", line 488, in _call_with_frames_removed
web-1                               |   File "/app/docspot/urls.py", line 37, in <module>
web-1                               |     path("kidney/", include("kidney.urls")),
web-1                               |                     ^^^^^^^^^^^^^^^^^^^^^^
web-1                               |   File "/usr/local/lib/python3.12/site-packages/django/urls/conf.py", line 39, in include
web-1                               |     urlconf_module = import_module(urlconf_module)
web-1                               |                      ^^^^^^^^^^^^^^^^^^^^^^^^^^^^^
web-1                               |   File "/usr/local/lib/python3.12/importlib/__init__.py", line 90, in import_module
web-1                               |     return _bootstrap._gcd_import(name[level:], package, level)
web-1                               |            ^^^^^^^^^^^^^^^^^^^^^^^^^^^^^^^^^^^^^^^^^^^^^^^^^^^^
web-1                               |   File "<frozen importlib._bootstrap>", line 1387, in _gcd_import
web-1                               |   File "<frozen importlib._bootstrap>", line 1360, in _find_and_load
web-1                               |   File "<frozen importlib._bootstrap>", line 1331, in _find_and_load_unlocked
web-1                               |   File "<frozen importlib._bootstrap>", line 935, in _load_unlocked
web-1                               |   File "<frozen importlib._bootstrap_external>", line 999, in exec_module
web-1                               |   File "<frozen importlib._bootstrap>", line 488, in _call_with_frames_removed
web-1                               |   File "/app/kidney/urls.py", line 2, in <module>
web-1                               |     from . import views
web-1                               |   File "/app/kidney/views.py", line 243
web-1                               |     prediction_metadata = generate_prediction_metadata(
web-1                               | IndentationError: unexpected indent
web-1                               | INFO /app/kidney/views.py changed, reloading.
web-1                               | INFO Watching for file changes with StatReloader
web-1                               | Performing system checks...
web-1                               | 
web-1                               | Exception in thread django-main-thread:
web-1                               | Traceback (most recent call last):
web-1                               |   File "/usr/local/lib/python3.12/threading.py", line 1075, in _bootstrap_inner
web-1                               |     self.run()
web-1                               |   File "/usr/local/lib/python3.12/threading.py", line 1012, in run
web-1                               |     self._target(*self._args, **self._kwargs)
web-1                               |   File "/usr/local/lib/python3.12/site-packages/django/utils/autoreload.py", line 64, in wrapper
web-1                               |     fn(*args, **kwargs)
web-1                               |   File "/usr/local/lib/python3.12/site-packages/django/core/management/commands/runserver.py", line 134, in inner_run
web-1                               |     self.check(display_num_errors=True)
web-1                               |   File "/usr/local/lib/python3.12/site-packages/django/core/management/base.py", line 486, in check
web-1                               |     all_issues = checks.run_checks(
web-1                               |                  ^^^^^^^^^^^^^^^^^^
web-1                               |   File "/usr/local/lib/python3.12/site-packages/django/core/checks/registry.py", line 88, in run_checks
web-1                               |     new_errors = check(app_configs=app_configs, databases=databases)
web-1                               |                  ^^^^^^^^^^^^^^^^^^^^^^^^^^^^^^^^^^^^^^^^^^^^^^^^^^^
web-1                               |   File "/usr/local/lib/python3.12/site-packages/django/core/checks/urls.py", line 44, in check_url_namespaces_unique
web-1                               |     all_namespaces = _load_all_namespaces(resolver)
web-1                               |                      ^^^^^^^^^^^^^^^^^^^^^^^^^^^^^^
web-1                               |   File "/usr/local/lib/python3.12/site-packages/django/core/checks/urls.py", line 63, in _load_all_namespaces
web-1                               |     url_patterns = getattr(resolver, "url_patterns", [])
web-1                               |                    ^^^^^^^^^^^^^^^^^^^^^^^^^^^^^^^^^^^^^
web-1                               |   File "/usr/local/lib/python3.12/site-packages/django/utils/functional.py", line 47, in __get__
web-1                               |     res = instance.__dict__[self.name] = self.func(instance)
web-1                               |                                          ^^^^^^^^^^^^^^^^^^^
web-1                               |   File "/usr/local/lib/python3.12/site-packages/django/urls/resolvers.py", line 718, in url_patterns
web-1                               |     patterns = getattr(self.urlconf_module, "urlpatterns", self.urlconf_module)
web-1                               |                        ^^^^^^^^^^^^^^^^^^^
web-1                               |   File "/usr/local/lib/python3.12/site-packages/django/utils/functional.py", line 47, in __get__
web-1                               |     res = instance.__dict__[self.name] = self.func(instance)
web-1                               |                                          ^^^^^^^^^^^^^^^^^^^
web-1                               |   File "/usr/local/lib/python3.12/site-packages/django/urls/resolvers.py", line 711, in urlconf_module
web-1                               |     return import_module(self.urlconf_name)
web-1                               |            ^^^^^^^^^^^^^^^^^^^^^^^^^^^^^^^^
web-1                               |   File "/usr/local/lib/python3.12/importlib/__init__.py", line 90, in import_module
web-1                               |     return _bootstrap._gcd_import(name[level:], package, level)
web-1                               |            ^^^^^^^^^^^^^^^^^^^^^^^^^^^^^^^^^^^^^^^^^^^^^^^^^^^^
web-1                               |   File "<frozen importlib._bootstrap>", line 1387, in _gcd_import
web-1                               |   File "<frozen importlib._bootstrap>", line 1360, in _find_and_load
web-1                               |   File "<frozen importlib._bootstrap>", line 1331, in _find_and_load_unlocked
web-1                               |   File "<frozen importlib._bootstrap>", line 935, in _load_unlocked
web-1                               |   File "<frozen importlib._bootstrap_external>", line 999, in exec_module
web-1                               |   File "<frozen importlib._bootstrap>", line 488, in _call_with_frames_removed
web-1                               |   File "/app/docspot/urls.py", line 37, in <module>
web-1                               |     path("kidney/", include("kidney.urls")),
web-1                               |                     ^^^^^^^^^^^^^^^^^^^^^^
web-1                               |   File "/usr/local/lib/python3.12/site-packages/django/urls/conf.py", line 39, in include
web-1                               |     urlconf_module = import_module(urlconf_module)
web-1                               |                      ^^^^^^^^^^^^^^^^^^^^^^^^^^^^^
web-1                               |   File "/usr/local/lib/python3.12/importlib/__init__.py", line 90, in import_module
web-1                               |     return _bootstrap._gcd_import(name[level:], package, level)
web-1                               |            ^^^^^^^^^^^^^^^^^^^^^^^^^^^^^^^^^^^^^^^^^^^^^^^^^^^^
web-1                               |   File "<frozen importlib._bootstrap>", line 1387, in _gcd_import
web-1                               |   File "<frozen importlib._bootstrap>", line 1360, in _find_and_load
web-1                               |   File "<frozen importlib._bootstrap>", line 1331, in _find_and_load_unlocked
web-1                               |   File "<frozen importlib._bootstrap>", line 935, in _load_unlocked
web-1                               |   File "<frozen importlib._bootstrap_external>", line 999, in exec_module
web-1                               |   File "<frozen importlib._bootstrap>", line 488, in _call_with_frames_removed
web-1                               |   File "/app/kidney/urls.py", line 2, in <module>
web-1                               |     from . import views
web-1                               |   File "/app/kidney/views.py", line 244
web-1                               |     prediction_metadata = generate_prediction_metadata(
web-1                               | IndentationError: unexpected indent
web-1                               | INFO /app/kidney/views.py changed, reloading.
web-1                               | INFO Watching for file changes with StatReloader
web-1                               | Performing system checks...
web-1                               | 
web-1                               | Exception in thread django-main-thread:
web-1                               | Traceback (most recent call last):
web-1                               |   File "/usr/local/lib/python3.12/threading.py", line 1075, in _bootstrap_inner
web-1                               |     self.run()
web-1                               |   File "/usr/local/lib/python3.12/threading.py", line 1012, in run
web-1                               |     self._target(*self._args, **self._kwargs)
web-1                               |   File "/usr/local/lib/python3.12/site-packages/django/utils/autoreload.py", line 64, in wrapper
web-1                               |     fn(*args, **kwargs)
web-1                               |   File "/usr/local/lib/python3.12/site-packages/django/core/management/commands/runserver.py", line 134, in inner_run
web-1                               |     self.check(display_num_errors=True)
web-1                               |   File "/usr/local/lib/python3.12/site-packages/django/core/management/base.py", line 486, in check
web-1                               |     all_issues = checks.run_checks(
web-1                               |                  ^^^^^^^^^^^^^^^^^^
web-1                               |   File "/usr/local/lib/python3.12/site-packages/django/core/checks/registry.py", line 88, in run_checks
web-1                               |     new_errors = check(app_configs=app_configs, databases=databases)
web-1                               |                  ^^^^^^^^^^^^^^^^^^^^^^^^^^^^^^^^^^^^^^^^^^^^^^^^^^^
web-1                               |   File "/usr/local/lib/python3.12/site-packages/django/core/checks/urls.py", line 44, in check_url_namespaces_unique
web-1                               |     all_namespaces = _load_all_namespaces(resolver)
web-1                               |                      ^^^^^^^^^^^^^^^^^^^^^^^^^^^^^^
web-1                               |   File "/usr/local/lib/python3.12/site-packages/django/core/checks/urls.py", line 63, in _load_all_namespaces
web-1                               |     url_patterns = getattr(resolver, "url_patterns", [])
web-1                               |                    ^^^^^^^^^^^^^^^^^^^^^^^^^^^^^^^^^^^^^
web-1                               |   File "/usr/local/lib/python3.12/site-packages/django/utils/functional.py", line 47, in __get__
web-1                               |     res = instance.__dict__[self.name] = self.func(instance)
web-1                               |                                          ^^^^^^^^^^^^^^^^^^^
web-1                               |   File "/usr/local/lib/python3.12/site-packages/django/urls/resolvers.py", line 718, in url_patterns
web-1                               |     patterns = getattr(self.urlconf_module, "urlpatterns", self.urlconf_module)
web-1                               |                        ^^^^^^^^^^^^^^^^^^^
web-1                               |   File "/usr/local/lib/python3.12/site-packages/django/utils/functional.py", line 47, in __get__
web-1                               |     res = instance.__dict__[self.name] = self.func(instance)
web-1                               |                                          ^^^^^^^^^^^^^^^^^^^
web-1                               |   File "/usr/local/lib/python3.12/site-packages/django/urls/resolvers.py", line 711, in urlconf_module
web-1                               |     return import_module(self.urlconf_name)
web-1                               |            ^^^^^^^^^^^^^^^^^^^^^^^^^^^^^^^^
web-1                               |   File "/usr/local/lib/python3.12/importlib/__init__.py", line 90, in import_module
web-1                               |     return _bootstrap._gcd_import(name[level:], package, level)
web-1                               |            ^^^^^^^^^^^^^^^^^^^^^^^^^^^^^^^^^^^^^^^^^^^^^^^^^^^^
web-1                               |   File "<frozen importlib._bootstrap>", line 1387, in _gcd_import
web-1                               |   File "<frozen importlib._bootstrap>", line 1360, in _find_and_load
web-1                               |   File "<frozen importlib._bootstrap>", line 1331, in _find_and_load_unlocked
web-1                               |   File "<frozen importlib._bootstrap>", line 935, in _load_unlocked
web-1                               |   File "<frozen importlib._bootstrap_external>", line 999, in exec_module
web-1                               |   File "<frozen importlib._bootstrap>", line 488, in _call_with_frames_removed
web-1                               |   File "/app/docspot/urls.py", line 37, in <module>
web-1                               |     path("kidney/", include("kidney.urls")),
web-1                               |                     ^^^^^^^^^^^^^^^^^^^^^^
web-1                               |   File "/usr/local/lib/python3.12/site-packages/django/urls/conf.py", line 39, in include
web-1                               |     urlconf_module = import_module(urlconf_module)
web-1                               |                      ^^^^^^^^^^^^^^^^^^^^^^^^^^^^^
web-1                               |   File "/usr/local/lib/python3.12/importlib/__init__.py", line 90, in import_module
web-1                               |     return _bootstrap._gcd_import(name[level:], package, level)
web-1                               |            ^^^^^^^^^^^^^^^^^^^^^^^^^^^^^^^^^^^^^^^^^^^^^^^^^^^^
web-1                               |   File "<frozen importlib._bootstrap>", line 1387, in _gcd_import
web-1                               |   File "<frozen importlib._bootstrap>", line 1360, in _find_and_load
web-1                               |   File "<frozen importlib._bootstrap>", line 1331, in _find_and_load_unlocked
web-1                               |   File "<frozen importlib._bootstrap>", line 935, in _load_unlocked
web-1                               |   File "<frozen importlib._bootstrap_external>", line 999, in exec_module
web-1                               |   File "<frozen importlib._bootstrap>", line 488, in _call_with_frames_removed
web-1                               |   File "/app/kidney/urls.py", line 2, in <module>
web-1                               |     from . import views
web-1                               |   File "/app/kidney/views.py", line 245
web-1                               |     prediction_metadata = generate_prediction_metadata(
web-1                               | IndentationError: unexpected indent
web-1                               | INFO /app/kidney/views.py changed, reloading.
web-1                               | INFO Watching for file changes with StatReloader
web-1                               | Performing system checks...
web-1                               | 
web-1                               | Exception in thread django-main-thread:
web-1                               | Traceback (most recent call last):
web-1                               |   File "/usr/local/lib/python3.12/threading.py", line 1075, in _bootstrap_inner
web-1                               |     self.run()
web-1                               |   File "/usr/local/lib/python3.12/threading.py", line 1012, in run
web-1                               |     self._target(*self._args, **self._kwargs)
web-1                               |   File "/usr/local/lib/python3.12/site-packages/django/utils/autoreload.py", line 64, in wrapper
web-1                               |     fn(*args, **kwargs)
web-1                               |   File "/usr/local/lib/python3.12/site-packages/django/core/management/commands/runserver.py", line 134, in inner_run
web-1                               |     self.check(display_num_errors=True)
web-1                               |   File "/usr/local/lib/python3.12/site-packages/django/core/management/base.py", line 486, in check
web-1                               |     all_issues = checks.run_checks(
web-1                               |                  ^^^^^^^^^^^^^^^^^^
web-1                               |   File "/usr/local/lib/python3.12/site-packages/django/core/checks/registry.py", line 88, in run_checks
web-1                               |     new_errors = check(app_configs=app_configs, databases=databases)
web-1                               |                  ^^^^^^^^^^^^^^^^^^^^^^^^^^^^^^^^^^^^^^^^^^^^^^^^^^^
web-1                               |   File "/usr/local/lib/python3.12/site-packages/django/core/checks/urls.py", line 44, in check_url_namespaces_unique
web-1                               |     all_namespaces = _load_all_namespaces(resolver)
web-1                               |                      ^^^^^^^^^^^^^^^^^^^^^^^^^^^^^^
web-1                               |   File "/usr/local/lib/python3.12/site-packages/django/core/checks/urls.py", line 63, in _load_all_namespaces
web-1                               |     url_patterns = getattr(resolver, "url_patterns", [])
web-1                               |                    ^^^^^^^^^^^^^^^^^^^^^^^^^^^^^^^^^^^^^
web-1                               |   File "/usr/local/lib/python3.12/site-packages/django/utils/functional.py", line 47, in __get__
web-1                               |     res = instance.__dict__[self.name] = self.func(instance)
web-1                               |                                          ^^^^^^^^^^^^^^^^^^^
web-1                               |   File "/usr/local/lib/python3.12/site-packages/django/urls/resolvers.py", line 718, in url_patterns
web-1                               |     patterns = getattr(self.urlconf_module, "urlpatterns", self.urlconf_module)
web-1                               |                        ^^^^^^^^^^^^^^^^^^^
web-1                               |   File "/usr/local/lib/python3.12/site-packages/django/utils/functional.py", line 47, in __get__
web-1                               |     res = instance.__dict__[self.name] = self.func(instance)
web-1                               |                                          ^^^^^^^^^^^^^^^^^^^
web-1                               |   File "/usr/local/lib/python3.12/site-packages/django/urls/resolvers.py", line 711, in urlconf_module
web-1                               |     return import_module(self.urlconf_name)
web-1                               |            ^^^^^^^^^^^^^^^^^^^^^^^^^^^^^^^^
web-1                               |   File "/usr/local/lib/python3.12/importlib/__init__.py", line 90, in import_module
web-1                               |     return _bootstrap._gcd_import(name[level:], package, level)
web-1                               |            ^^^^^^^^^^^^^^^^^^^^^^^^^^^^^^^^^^^^^^^^^^^^^^^^^^^^
web-1                               |   File "<frozen importlib._bootstrap>", line 1387, in _gcd_import
web-1                               |   File "<frozen importlib._bootstrap>", line 1360, in _find_and_load
web-1                               |   File "<frozen importlib._bootstrap>", line 1331, in _find_and_load_unlocked
web-1                               |   File "<frozen importlib._bootstrap>", line 935, in _load_unlocked
web-1                               |   File "<frozen importlib._bootstrap_external>", line 999, in exec_module
web-1                               |   File "<frozen importlib._bootstrap>", line 488, in _call_with_frames_removed
web-1                               |   File "/app/docspot/urls.py", line 37, in <module>
web-1                               |     path("kidney/", include("kidney.urls")),
web-1                               |                     ^^^^^^^^^^^^^^^^^^^^^^
web-1                               |   File "/usr/local/lib/python3.12/site-packages/django/urls/conf.py", line 39, in include
web-1                               |     urlconf_module = import_module(urlconf_module)
web-1                               |                      ^^^^^^^^^^^^^^^^^^^^^^^^^^^^^
web-1                               |   File "/usr/local/lib/python3.12/importlib/__init__.py", line 90, in import_module
web-1                               |     return _bootstrap._gcd_import(name[level:], package, level)
web-1                               |            ^^^^^^^^^^^^^^^^^^^^^^^^^^^^^^^^^^^^^^^^^^^^^^^^^^^^
web-1                               |   File "<frozen importlib._bootstrap>", line 1387, in _gcd_import
web-1                               |   File "<frozen importlib._bootstrap>", line 1360, in _find_and_load
web-1                               |   File "<frozen importlib._bootstrap>", line 1331, in _find_and_load_unlocked
web-1                               |   File "<frozen importlib._bootstrap>", line 935, in _load_unlocked
web-1                               |   File "<frozen importlib._bootstrap_external>", line 999, in exec_module
web-1                               |   File "<frozen importlib._bootstrap>", line 488, in _call_with_frames_removed
web-1                               |   File "/app/kidney/urls.py", line 2, in <module>
web-1                               |     from . import views
web-1                               |   File "/app/kidney/views.py", line 199
web-1                               |     print(f"Selected Diagnosis: {diagnosis}")
web-1                               |                                              ^
web-1                               | IndentationError: unindent does not match any outer indentation level
web-1                               | INFO /app/kidney/views.py changed, reloading.
web-1                               | INFO Watching for file changes with StatReloader
web-1                               | Performing system checks...
web-1                               | 
web-1                               | Exception in thread django-main-thread:
web-1                               | Traceback (most recent call last):
web-1                               |   File "/usr/local/lib/python3.12/threading.py", line 1075, in _bootstrap_inner
web-1                               |     self.run()
web-1                               |   File "/usr/local/lib/python3.12/threading.py", line 1012, in run
web-1                               |     self._target(*self._args, **self._kwargs)
web-1                               |   File "/usr/local/lib/python3.12/site-packages/django/utils/autoreload.py", line 64, in wrapper
web-1                               |     fn(*args, **kwargs)
web-1                               |   File "/usr/local/lib/python3.12/site-packages/django/core/management/commands/runserver.py", line 134, in inner_run
web-1                               |     self.check(display_num_errors=True)
web-1                               |   File "/usr/local/lib/python3.12/site-packages/django/core/management/base.py", line 486, in check
web-1                               |     all_issues = checks.run_checks(
web-1                               |                  ^^^^^^^^^^^^^^^^^^
web-1                               |   File "/usr/local/lib/python3.12/site-packages/django/core/checks/registry.py", line 88, in run_checks
web-1                               |     new_errors = check(app_configs=app_configs, databases=databases)
web-1                               |                  ^^^^^^^^^^^^^^^^^^^^^^^^^^^^^^^^^^^^^^^^^^^^^^^^^^^
web-1                               |   File "/usr/local/lib/python3.12/site-packages/django/core/checks/urls.py", line 44, in check_url_namespaces_unique
web-1                               |     all_namespaces = _load_all_namespaces(resolver)
web-1                               |                      ^^^^^^^^^^^^^^^^^^^^^^^^^^^^^^
web-1                               |   File "/usr/local/lib/python3.12/site-packages/django/core/checks/urls.py", line 63, in _load_all_namespaces
web-1                               |     url_patterns = getattr(resolver, "url_patterns", [])
web-1                               |                    ^^^^^^^^^^^^^^^^^^^^^^^^^^^^^^^^^^^^^
web-1                               |   File "/usr/local/lib/python3.12/site-packages/django/utils/functional.py", line 47, in __get__
web-1                               |     res = instance.__dict__[self.name] = self.func(instance)
web-1                               |                                          ^^^^^^^^^^^^^^^^^^^
web-1                               |   File "/usr/local/lib/python3.12/site-packages/django/urls/resolvers.py", line 718, in url_patterns
web-1                               |     patterns = getattr(self.urlconf_module, "urlpatterns", self.urlconf_module)
web-1                               |                        ^^^^^^^^^^^^^^^^^^^
web-1                               |   File "/usr/local/lib/python3.12/site-packages/django/utils/functional.py", line 47, in __get__
web-1                               |     res = instance.__dict__[self.name] = self.func(instance)
web-1                               |                                          ^^^^^^^^^^^^^^^^^^^
web-1                               |   File "/usr/local/lib/python3.12/site-packages/django/urls/resolvers.py", line 711, in urlconf_module
web-1                               |     return import_module(self.urlconf_name)
web-1                               |            ^^^^^^^^^^^^^^^^^^^^^^^^^^^^^^^^
web-1                               |   File "/usr/local/lib/python3.12/importlib/__init__.py", line 90, in import_module
web-1                               |     return _bootstrap._gcd_import(name[level:], package, level)
web-1                               |            ^^^^^^^^^^^^^^^^^^^^^^^^^^^^^^^^^^^^^^^^^^^^^^^^^^^^
web-1                               |   File "<frozen importlib._bootstrap>", line 1387, in _gcd_import
web-1                               |   File "<frozen importlib._bootstrap>", line 1360, in _find_and_load
web-1                               |   File "<frozen importlib._bootstrap>", line 1331, in _find_and_load_unlocked
web-1                               |   File "<frozen importlib._bootstrap>", line 935, in _load_unlocked
web-1                               |   File "<frozen importlib._bootstrap_external>", line 999, in exec_module
web-1                               |   File "<frozen importlib._bootstrap>", line 488, in _call_with_frames_removed
web-1                               |   File "/app/docspot/urls.py", line 37, in <module>
web-1                               |     path("kidney/", include("kidney.urls")),
web-1                               |                     ^^^^^^^^^^^^^^^^^^^^^^
web-1                               |   File "/usr/local/lib/python3.12/site-packages/django/urls/conf.py", line 39, in include
web-1                               |     urlconf_module = import_module(urlconf_module)
web-1                               |                      ^^^^^^^^^^^^^^^^^^^^^^^^^^^^^
web-1                               |   File "/usr/local/lib/python3.12/importlib/__init__.py", line 90, in import_module
web-1                               |     return _bootstrap._gcd_import(name[level:], package, level)
web-1                               |            ^^^^^^^^^^^^^^^^^^^^^^^^^^^^^^^^^^^^^^^^^^^^^^^^^^^^
web-1                               |   File "<frozen importlib._bootstrap>", line 1387, in _gcd_import
web-1                               |   File "<frozen importlib._bootstrap>", line 1360, in _find_and_load
web-1                               |   File "<frozen importlib._bootstrap>", line 1331, in _find_and_load_unlocked
web-1                               |   File "<frozen importlib._bootstrap>", line 935, in _load_unlocked
web-1                               |   File "<frozen importlib._bootstrap_external>", line 999, in exec_module
web-1                               |   File "<frozen importlib._bootstrap>", line 488, in _call_with_frames_removed
web-1                               |   File "/app/kidney/urls.py", line 2, in <module>
web-1                               |     from . import views
web-1                               |   File "/app/kidney/views.py", line 199
web-1                               |     print(f"Selected Diagnosis: {diagnosis}")
web-1                               | IndentationError: unexpected indent
web-1                               | INFO /app/kidney/views.py changed, reloading.
web-1                               | INFO Watching for file changes with StatReloader
web-1                               | Performing system checks...
web-1                               | 
web-1                               | Exception in thread django-main-thread:
web-1                               | Traceback (most recent call last):
web-1                               |   File "/usr/local/lib/python3.12/threading.py", line 1075, in _bootstrap_inner
web-1                               |     self.run()
web-1                               |   File "/usr/local/lib/python3.12/threading.py", line 1012, in run
web-1                               |     self._target(*self._args, **self._kwargs)
web-1                               |   File "/usr/local/lib/python3.12/site-packages/django/utils/autoreload.py", line 64, in wrapper
web-1                               |     fn(*args, **kwargs)
web-1                               |   File "/usr/local/lib/python3.12/site-packages/django/core/management/commands/runserver.py", line 134, in inner_run
web-1                               |     self.check(display_num_errors=True)
web-1                               |   File "/usr/local/lib/python3.12/site-packages/django/core/management/base.py", line 486, in check
web-1                               |     all_issues = checks.run_checks(
web-1                               |                  ^^^^^^^^^^^^^^^^^^
web-1                               |   File "/usr/local/lib/python3.12/site-packages/django/core/checks/registry.py", line 88, in run_checks
web-1                               |     new_errors = check(app_configs=app_configs, databases=databases)
web-1                               |                  ^^^^^^^^^^^^^^^^^^^^^^^^^^^^^^^^^^^^^^^^^^^^^^^^^^^
web-1                               |   File "/usr/local/lib/python3.12/site-packages/django/core/checks/urls.py", line 44, in check_url_namespaces_unique
web-1                               |     all_namespaces = _load_all_namespaces(resolver)
web-1                               |                      ^^^^^^^^^^^^^^^^^^^^^^^^^^^^^^
web-1                               |   File "/usr/local/lib/python3.12/site-packages/django/core/checks/urls.py", line 63, in _load_all_namespaces
web-1                               |     url_patterns = getattr(resolver, "url_patterns", [])
web-1                               |                    ^^^^^^^^^^^^^^^^^^^^^^^^^^^^^^^^^^^^^
web-1                               |   File "/usr/local/lib/python3.12/site-packages/django/utils/functional.py", line 47, in __get__
web-1                               |     res = instance.__dict__[self.name] = self.func(instance)
web-1                               |                                          ^^^^^^^^^^^^^^^^^^^
web-1                               |   File "/usr/local/lib/python3.12/site-packages/django/urls/resolvers.py", line 718, in url_patterns
web-1                               |     patterns = getattr(self.urlconf_module, "urlpatterns", self.urlconf_module)
web-1                               |                        ^^^^^^^^^^^^^^^^^^^
web-1                               |   File "/usr/local/lib/python3.12/site-packages/django/utils/functional.py", line 47, in __get__
web-1                               |     res = instance.__dict__[self.name] = self.func(instance)
web-1                               |                                          ^^^^^^^^^^^^^^^^^^^
web-1                               |   File "/usr/local/lib/python3.12/site-packages/django/urls/resolvers.py", line 711, in urlconf_module
web-1                               |     return import_module(self.urlconf_name)
web-1                               |            ^^^^^^^^^^^^^^^^^^^^^^^^^^^^^^^^
web-1                               |   File "/usr/local/lib/python3.12/importlib/__init__.py", line 90, in import_module
web-1                               |     return _bootstrap._gcd_import(name[level:], package, level)
web-1                               |            ^^^^^^^^^^^^^^^^^^^^^^^^^^^^^^^^^^^^^^^^^^^^^^^^^^^^
web-1                               |   File "<frozen importlib._bootstrap>", line 1387, in _gcd_import
web-1                               |   File "<frozen importlib._bootstrap>", line 1360, in _find_and_load
web-1                               |   File "<frozen importlib._bootstrap>", line 1331, in _find_and_load_unlocked
web-1                               |   File "<frozen importlib._bootstrap>", line 935, in _load_unlocked
web-1                               |   File "<frozen importlib._bootstrap_external>", line 999, in exec_module
web-1                               |   File "<frozen importlib._bootstrap>", line 488, in _call_with_frames_removed
web-1                               |   File "/app/docspot/urls.py", line 37, in <module>
web-1                               |     path("kidney/", include("kidney.urls")),
web-1                               |                     ^^^^^^^^^^^^^^^^^^^^^^
web-1                               |   File "/usr/local/lib/python3.12/site-packages/django/urls/conf.py", line 39, in include
web-1                               |     urlconf_module = import_module(urlconf_module)
web-1                               |                      ^^^^^^^^^^^^^^^^^^^^^^^^^^^^^
web-1                               |   File "/usr/local/lib/python3.12/importlib/__init__.py", line 90, in import_module
web-1                               |     return _bootstrap._gcd_import(name[level:], package, level)
web-1                               |            ^^^^^^^^^^^^^^^^^^^^^^^^^^^^^^^^^^^^^^^^^^^^^^^^^^^^
web-1                               |   File "<frozen importlib._bootstrap>", line 1387, in _gcd_import
web-1                               |   File "<frozen importlib._bootstrap>", line 1360, in _find_and_load
web-1                               |   File "<frozen importlib._bootstrap>", line 1331, in _find_and_load_unlocked
web-1                               |   File "<frozen importlib._bootstrap>", line 935, in _load_unlocked
web-1                               |   File "<frozen importlib._bootstrap_external>", line 999, in exec_module
web-1                               |   File "<frozen importlib._bootstrap>", line 488, in _call_with_frames_removed
web-1                               |   File "/app/kidney/urls.py", line 2, in <module>
web-1                               |     from . import views
web-1                               |   File "/app/kidney/views.py", line 199
web-1                               |     print(f"Selected Diagnosis: {diagnosis}")
web-1                               | IndentationError: unexpected indent
web-1                               | INFO /app/kidney/views.py changed, reloading.
web-1                               | INFO Watching for file changes with StatReloader
web-1                               | Performing system checks...
web-1                               | 
web-1                               | Exception in thread django-main-thread:
web-1                               | Traceback (most recent call last):
web-1                               |   File "/usr/local/lib/python3.12/threading.py", line 1075, in _bootstrap_inner
web-1                               |     self.run()
web-1                               |   File "/usr/local/lib/python3.12/threading.py", line 1012, in run
web-1                               |     self._target(*self._args, **self._kwargs)
web-1                               |   File "/usr/local/lib/python3.12/site-packages/django/utils/autoreload.py", line 64, in wrapper
web-1                               |     fn(*args, **kwargs)
web-1                               |   File "/usr/local/lib/python3.12/site-packages/django/core/management/commands/runserver.py", line 134, in inner_run
web-1                               |     self.check(display_num_errors=True)
web-1                               |   File "/usr/local/lib/python3.12/site-packages/django/core/management/base.py", line 486, in check
web-1                               |     all_issues = checks.run_checks(
web-1                               |                  ^^^^^^^^^^^^^^^^^^
web-1                               |   File "/usr/local/lib/python3.12/site-packages/django/core/checks/registry.py", line 88, in run_checks
web-1                               |     new_errors = check(app_configs=app_configs, databases=databases)
web-1                               |                  ^^^^^^^^^^^^^^^^^^^^^^^^^^^^^^^^^^^^^^^^^^^^^^^^^^^
web-1                               |   File "/usr/local/lib/python3.12/site-packages/django/core/checks/urls.py", line 44, in check_url_namespaces_unique
web-1                               |     all_namespaces = _load_all_namespaces(resolver)
web-1                               |                      ^^^^^^^^^^^^^^^^^^^^^^^^^^^^^^
web-1                               |   File "/usr/local/lib/python3.12/site-packages/django/core/checks/urls.py", line 63, in _load_all_namespaces
web-1                               |     url_patterns = getattr(resolver, "url_patterns", [])
web-1                               |                    ^^^^^^^^^^^^^^^^^^^^^^^^^^^^^^^^^^^^^
web-1                               |   File "/usr/local/lib/python3.12/site-packages/django/utils/functional.py", line 47, in __get__
web-1                               |     res = instance.__dict__[self.name] = self.func(instance)
web-1                               |                                          ^^^^^^^^^^^^^^^^^^^
web-1                               |   File "/usr/local/lib/python3.12/site-packages/django/urls/resolvers.py", line 718, in url_patterns
web-1                               |     patterns = getattr(self.urlconf_module, "urlpatterns", self.urlconf_module)
web-1                               |                        ^^^^^^^^^^^^^^^^^^^
web-1                               |   File "/usr/local/lib/python3.12/site-packages/django/utils/functional.py", line 47, in __get__
web-1                               |     res = instance.__dict__[self.name] = self.func(instance)
web-1                               |                                          ^^^^^^^^^^^^^^^^^^^
web-1                               |   File "/usr/local/lib/python3.12/site-packages/django/urls/resolvers.py", line 711, in urlconf_module
web-1                               |     return import_module(self.urlconf_name)
web-1                               |            ^^^^^^^^^^^^^^^^^^^^^^^^^^^^^^^^
web-1                               |   File "/usr/local/lib/python3.12/importlib/__init__.py", line 90, in import_module
web-1                               |     return _bootstrap._gcd_import(name[level:], package, level)
web-1                               |            ^^^^^^^^^^^^^^^^^^^^^^^^^^^^^^^^^^^^^^^^^^^^^^^^^^^^
web-1                               |   File "<frozen importlib._bootstrap>", line 1387, in _gcd_import
web-1                               |   File "<frozen importlib._bootstrap>", line 1360, in _find_and_load
web-1                               |   File "<frozen importlib._bootstrap>", line 1331, in _find_and_load_unlocked
web-1                               |   File "<frozen importlib._bootstrap>", line 935, in _load_unlocked
web-1                               |   File "<frozen importlib._bootstrap_external>", line 999, in exec_module
web-1                               |   File "<frozen importlib._bootstrap>", line 488, in _call_with_frames_removed
web-1                               |   File "/app/docspot/urls.py", line 37, in <module>
web-1                               |     path("kidney/", include("kidney.urls")),
web-1                               |                     ^^^^^^^^^^^^^^^^^^^^^^
web-1                               |   File "/usr/local/lib/python3.12/site-packages/django/urls/conf.py", line 39, in include
web-1                               |     urlconf_module = import_module(urlconf_module)
web-1                               |                      ^^^^^^^^^^^^^^^^^^^^^^^^^^^^^
web-1                               |   File "/usr/local/lib/python3.12/importlib/__init__.py", line 90, in import_module
web-1                               |     return _bootstrap._gcd_import(name[level:], package, level)
web-1                               |            ^^^^^^^^^^^^^^^^^^^^^^^^^^^^^^^^^^^^^^^^^^^^^^^^^^^^
web-1                               |   File "<frozen importlib._bootstrap>", line 1387, in _gcd_import
web-1                               |   File "<frozen importlib._bootstrap>", line 1360, in _find_and_load
web-1                               |   File "<frozen importlib._bootstrap>", line 1331, in _find_and_load_unlocked
web-1                               |   File "<frozen importlib._bootstrap>", line 935, in _load_unlocked
web-1                               |   File "<frozen importlib._bootstrap_external>", line 999, in exec_module
web-1                               |   File "<frozen importlib._bootstrap>", line 488, in _call_with_frames_removed
web-1                               |   File "/app/kidney/urls.py", line 2, in <module>
web-1                               |     from . import views
web-1                               |   File "/app/kidney/views.py", line 200
web-1                               |     print(f"Confidence: {diagnosis_confidence}%") 
web-1                               | IndentationError: unexpected indent
web-1                               | INFO /app/kidney/views.py changed, reloading.
web-1                               | INFO Watching for file changes with StatReloader
web-1                               | Performing system checks...
web-1                               | 
web-1                               | Exception in thread django-main-thread:
web-1                               | Traceback (most recent call last):
web-1                               |   File "/usr/local/lib/python3.12/threading.py", line 1075, in _bootstrap_inner
web-1                               |     self.run()
web-1                               |   File "/usr/local/lib/python3.12/threading.py", line 1012, in run
web-1                               |     self._target(*self._args, **self._kwargs)
web-1                               |   File "/usr/local/lib/python3.12/site-packages/django/utils/autoreload.py", line 64, in wrapper
web-1                               |     fn(*args, **kwargs)
web-1                               |   File "/usr/local/lib/python3.12/site-packages/django/core/management/commands/runserver.py", line 134, in inner_run
web-1                               |     self.check(display_num_errors=True)
web-1                               |   File "/usr/local/lib/python3.12/site-packages/django/core/management/base.py", line 486, in check
web-1                               |     all_issues = checks.run_checks(
web-1                               |                  ^^^^^^^^^^^^^^^^^^
web-1                               |   File "/usr/local/lib/python3.12/site-packages/django/core/checks/registry.py", line 88, in run_checks
web-1                               |     new_errors = check(app_configs=app_configs, databases=databases)
web-1                               |                  ^^^^^^^^^^^^^^^^^^^^^^^^^^^^^^^^^^^^^^^^^^^^^^^^^^^
web-1                               |   File "/usr/local/lib/python3.12/site-packages/django/core/checks/urls.py", line 44, in check_url_namespaces_unique
web-1                               |     all_namespaces = _load_all_namespaces(resolver)
web-1                               |                      ^^^^^^^^^^^^^^^^^^^^^^^^^^^^^^
web-1                               |   File "/usr/local/lib/python3.12/site-packages/django/core/checks/urls.py", line 63, in _load_all_namespaces
web-1                               |     url_patterns = getattr(resolver, "url_patterns", [])
web-1                               |                    ^^^^^^^^^^^^^^^^^^^^^^^^^^^^^^^^^^^^^
web-1                               |   File "/usr/local/lib/python3.12/site-packages/django/utils/functional.py", line 47, in __get__
web-1                               |     res = instance.__dict__[self.name] = self.func(instance)
web-1                               |                                          ^^^^^^^^^^^^^^^^^^^
web-1                               |   File "/usr/local/lib/python3.12/site-packages/django/urls/resolvers.py", line 718, in url_patterns
web-1                               |     patterns = getattr(self.urlconf_module, "urlpatterns", self.urlconf_module)
web-1                               |                        ^^^^^^^^^^^^^^^^^^^
web-1                               |   File "/usr/local/lib/python3.12/site-packages/django/utils/functional.py", line 47, in __get__
web-1                               |     res = instance.__dict__[self.name] = self.func(instance)
web-1                               |                                          ^^^^^^^^^^^^^^^^^^^
web-1                               |   File "/usr/local/lib/python3.12/site-packages/django/urls/resolvers.py", line 711, in urlconf_module
web-1                               |     return import_module(self.urlconf_name)
web-1                               |            ^^^^^^^^^^^^^^^^^^^^^^^^^^^^^^^^
web-1                               |   File "/usr/local/lib/python3.12/importlib/__init__.py", line 90, in import_module
web-1                               |     return _bootstrap._gcd_import(name[level:], package, level)
web-1                               |            ^^^^^^^^^^^^^^^^^^^^^^^^^^^^^^^^^^^^^^^^^^^^^^^^^^^^
web-1                               |   File "<frozen importlib._bootstrap>", line 1387, in _gcd_import
web-1                               |   File "<frozen importlib._bootstrap>", line 1360, in _find_and_load
web-1                               |   File "<frozen importlib._bootstrap>", line 1331, in _find_and_load_unlocked
web-1                               |   File "<frozen importlib._bootstrap>", line 935, in _load_unlocked
web-1                               |   File "<frozen importlib._bootstrap_external>", line 999, in exec_module
web-1                               |   File "<frozen importlib._bootstrap>", line 488, in _call_with_frames_removed
web-1                               |   File "/app/docspot/urls.py", line 37, in <module>
web-1                               |     path("kidney/", include("kidney.urls")),
web-1                               |                     ^^^^^^^^^^^^^^^^^^^^^^
web-1                               |   File "/usr/local/lib/python3.12/site-packages/django/urls/conf.py", line 39, in include
web-1                               |     urlconf_module = import_module(urlconf_module)
web-1                               |                      ^^^^^^^^^^^^^^^^^^^^^^^^^^^^^
web-1                               |   File "/usr/local/lib/python3.12/importlib/__init__.py", line 90, in import_module
web-1                               |     return _bootstrap._gcd_import(name[level:], package, level)
web-1                               |            ^^^^^^^^^^^^^^^^^^^^^^^^^^^^^^^^^^^^^^^^^^^^^^^^^^^^
web-1                               |   File "<frozen importlib._bootstrap>", line 1387, in _gcd_import
web-1                               |   File "<frozen importlib._bootstrap>", line 1360, in _find_and_load
web-1                               |   File "<frozen importlib._bootstrap>", line 1331, in _find_and_load_unlocked
web-1                               |   File "<frozen importlib._bootstrap>", line 935, in _load_unlocked
web-1                               |   File "<frozen importlib._bootstrap_external>", line 999, in exec_module
web-1                               |   File "<frozen importlib._bootstrap>", line 488, in _call_with_frames_removed
web-1                               |   File "/app/kidney/urls.py", line 2, in <module>
web-1                               |     from . import views
web-1                               |   File "/app/kidney/views.py", line 202
web-1                               |     clinical_interpretation = HEART_INTERPRETATION.get(
web-1                               | IndentationError: unexpected indent
web-1                               | INFO /app/kidney/views.py changed, reloading.
web-1                               | INFO Watching for file changes with StatReloader
web-1                               | Performing system checks...
web-1                               | 
web-1                               | Exception in thread django-main-thread:
web-1                               | Traceback (most recent call last):
web-1                               |   File "/usr/local/lib/python3.12/threading.py", line 1075, in _bootstrap_inner
web-1                               |     self.run()
web-1                               |   File "/usr/local/lib/python3.12/threading.py", line 1012, in run
web-1                               |     self._target(*self._args, **self._kwargs)
web-1                               |   File "/usr/local/lib/python3.12/site-packages/django/utils/autoreload.py", line 64, in wrapper
web-1                               |     fn(*args, **kwargs)
web-1                               |   File "/usr/local/lib/python3.12/site-packages/django/core/management/commands/runserver.py", line 134, in inner_run
web-1                               |     self.check(display_num_errors=True)
web-1                               |   File "/usr/local/lib/python3.12/site-packages/django/core/management/base.py", line 486, in check
web-1                               |     all_issues = checks.run_checks(
web-1                               |                  ^^^^^^^^^^^^^^^^^^
web-1                               |   File "/usr/local/lib/python3.12/site-packages/django/core/checks/registry.py", line 88, in run_checks
web-1                               |     new_errors = check(app_configs=app_configs, databases=databases)
web-1                               |                  ^^^^^^^^^^^^^^^^^^^^^^^^^^^^^^^^^^^^^^^^^^^^^^^^^^^
web-1                               |   File "/usr/local/lib/python3.12/site-packages/django/core/checks/urls.py", line 44, in check_url_namespaces_unique
web-1                               |     all_namespaces = _load_all_namespaces(resolver)
web-1                               |                      ^^^^^^^^^^^^^^^^^^^^^^^^^^^^^^
web-1                               |   File "/usr/local/lib/python3.12/site-packages/django/core/checks/urls.py", line 63, in _load_all_namespaces
web-1                               |     url_patterns = getattr(resolver, "url_patterns", [])
web-1                               |                    ^^^^^^^^^^^^^^^^^^^^^^^^^^^^^^^^^^^^^
web-1                               |   File "/usr/local/lib/python3.12/site-packages/django/utils/functional.py", line 47, in __get__
web-1                               |     res = instance.__dict__[self.name] = self.func(instance)
web-1                               |                                          ^^^^^^^^^^^^^^^^^^^
web-1                               |   File "/usr/local/lib/python3.12/site-packages/django/urls/resolvers.py", line 718, in url_patterns
web-1                               |     patterns = getattr(self.urlconf_module, "urlpatterns", self.urlconf_module)
web-1                               |                        ^^^^^^^^^^^^^^^^^^^
web-1                               |   File "/usr/local/lib/python3.12/site-packages/django/utils/functional.py", line 47, in __get__
web-1                               |     res = instance.__dict__[self.name] = self.func(instance)
web-1                               |                                          ^^^^^^^^^^^^^^^^^^^
web-1                               |   File "/usr/local/lib/python3.12/site-packages/django/urls/resolvers.py", line 711, in urlconf_module
web-1                               |     return import_module(self.urlconf_name)
web-1                               |            ^^^^^^^^^^^^^^^^^^^^^^^^^^^^^^^^
web-1                               |   File "/usr/local/lib/python3.12/importlib/__init__.py", line 90, in import_module
web-1                               |     return _bootstrap._gcd_import(name[level:], package, level)
web-1                               |            ^^^^^^^^^^^^^^^^^^^^^^^^^^^^^^^^^^^^^^^^^^^^^^^^^^^^
web-1                               |   File "<frozen importlib._bootstrap>", line 1387, in _gcd_import
web-1                               |   File "<frozen importlib._bootstrap>", line 1360, in _find_and_load
web-1                               |   File "<frozen importlib._bootstrap>", line 1331, in _find_and_load_unlocked
web-1                               |   File "<frozen importlib._bootstrap>", line 935, in _load_unlocked
web-1                               |   File "<frozen importlib._bootstrap_external>", line 999, in exec_module
web-1                               |   File "<frozen importlib._bootstrap>", line 488, in _call_with_frames_removed
web-1                               |   File "/app/docspot/urls.py", line 37, in <module>
web-1                               |     path("kidney/", include("kidney.urls")),
web-1                               |                     ^^^^^^^^^^^^^^^^^^^^^^
web-1                               |   File "/usr/local/lib/python3.12/site-packages/django/urls/conf.py", line 39, in include
web-1                               |     urlconf_module = import_module(urlconf_module)
web-1                               |                      ^^^^^^^^^^^^^^^^^^^^^^^^^^^^^
web-1                               |   File "/usr/local/lib/python3.12/importlib/__init__.py", line 90, in import_module
web-1                               |     return _bootstrap._gcd_import(name[level:], package, level)
web-1                               |            ^^^^^^^^^^^^^^^^^^^^^^^^^^^^^^^^^^^^^^^^^^^^^^^^^^^^
web-1                               |   File "<frozen importlib._bootstrap>", line 1387, in _gcd_import
web-1                               |   File "<frozen importlib._bootstrap>", line 1360, in _find_and_load
web-1                               |   File "<frozen importlib._bootstrap>", line 1331, in _find_and_load_unlocked
web-1                               |   File "<frozen importlib._bootstrap>", line 935, in _load_unlocked
web-1                               |   File "<frozen importlib._bootstrap_external>", line 999, in exec_module
web-1                               |   File "<frozen importlib._bootstrap>", line 488, in _call_with_frames_removed
web-1                               |   File "/app/kidney/urls.py", line 2, in <module>
web-1                               |     from . import views
web-1                               |   File "/app/kidney/views.py", line 256
web-1                               |     prediction_metadata = generate_prediction_metadata(
web-1                               | IndentationError: unexpected indent
web-1                               | INFO /app/kidney/views.py changed, reloading.
web-1                               | INFO Watching for file changes with StatReloader
web-1                               | Performing system checks...
web-1                               | 
web-1                               | Exception in thread django-main-thread:
web-1                               | Traceback (most recent call last):
web-1                               |   File "/usr/local/lib/python3.12/threading.py", line 1075, in _bootstrap_inner
web-1                               |     self.run()
web-1                               |   File "/usr/local/lib/python3.12/threading.py", line 1012, in run
web-1                               |     self._target(*self._args, **self._kwargs)
web-1                               |   File "/usr/local/lib/python3.12/site-packages/django/utils/autoreload.py", line 64, in wrapper
web-1                               |     fn(*args, **kwargs)
web-1                               |   File "/usr/local/lib/python3.12/site-packages/django/core/management/commands/runserver.py", line 134, in inner_run
web-1                               |     self.check(display_num_errors=True)
web-1                               |   File "/usr/local/lib/python3.12/site-packages/django/core/management/base.py", line 486, in check
web-1                               |     all_issues = checks.run_checks(
web-1                               |                  ^^^^^^^^^^^^^^^^^^
web-1                               |   File "/usr/local/lib/python3.12/site-packages/django/core/checks/registry.py", line 88, in run_checks
web-1                               |     new_errors = check(app_configs=app_configs, databases=databases)
web-1                               |                  ^^^^^^^^^^^^^^^^^^^^^^^^^^^^^^^^^^^^^^^^^^^^^^^^^^^
web-1                               |   File "/usr/local/lib/python3.12/site-packages/django/core/checks/urls.py", line 44, in check_url_namespaces_unique
web-1                               |     all_namespaces = _load_all_namespaces(resolver)
web-1                               |                      ^^^^^^^^^^^^^^^^^^^^^^^^^^^^^^
web-1                               |   File "/usr/local/lib/python3.12/site-packages/django/core/checks/urls.py", line 63, in _load_all_namespaces
web-1                               |     url_patterns = getattr(resolver, "url_patterns", [])
web-1                               |                    ^^^^^^^^^^^^^^^^^^^^^^^^^^^^^^^^^^^^^
web-1                               |   File "/usr/local/lib/python3.12/site-packages/django/utils/functional.py", line 47, in __get__
web-1                               |     res = instance.__dict__[self.name] = self.func(instance)
web-1                               |                                          ^^^^^^^^^^^^^^^^^^^
web-1                               |   File "/usr/local/lib/python3.12/site-packages/django/urls/resolvers.py", line 718, in url_patterns
web-1                               |     patterns = getattr(self.urlconf_module, "urlpatterns", self.urlconf_module)
web-1                               |                        ^^^^^^^^^^^^^^^^^^^
web-1                               |   File "/usr/local/lib/python3.12/site-packages/django/utils/functional.py", line 47, in __get__
web-1                               |     res = instance.__dict__[self.name] = self.func(instance)
web-1                               |                                          ^^^^^^^^^^^^^^^^^^^
web-1                               |   File "/usr/local/lib/python3.12/site-packages/django/urls/resolvers.py", line 711, in urlconf_module
web-1                               |     return import_module(self.urlconf_name)
web-1                               |            ^^^^^^^^^^^^^^^^^^^^^^^^^^^^^^^^
web-1                               |   File "/usr/local/lib/python3.12/importlib/__init__.py", line 90, in import_module
web-1                               |     return _bootstrap._gcd_import(name[level:], package, level)
web-1                               |            ^^^^^^^^^^^^^^^^^^^^^^^^^^^^^^^^^^^^^^^^^^^^^^^^^^^^
web-1                               |   File "<frozen importlib._bootstrap>", line 1387, in _gcd_import
web-1                               |   File "<frozen importlib._bootstrap>", line 1360, in _find_and_load
web-1                               |   File "<frozen importlib._bootstrap>", line 1331, in _find_and_load_unlocked
web-1                               |   File "<frozen importlib._bootstrap>", line 935, in _load_unlocked
web-1                               |   File "<frozen importlib._bootstrap_external>", line 999, in exec_module
web-1                               |   File "<frozen importlib._bootstrap>", line 488, in _call_with_frames_removed
web-1                               |   File "/app/docspot/urls.py", line 37, in <module>
web-1                               |     path("kidney/", include("kidney.urls")),
web-1                               |                     ^^^^^^^^^^^^^^^^^^^^^^
web-1                               |   File "/usr/local/lib/python3.12/site-packages/django/urls/conf.py", line 39, in include
web-1                               |     urlconf_module = import_module(urlconf_module)
web-1                               |                      ^^^^^^^^^^^^^^^^^^^^^^^^^^^^^
web-1                               |   File "/usr/local/lib/python3.12/importlib/__init__.py", line 90, in import_module
web-1                               |     return _bootstrap._gcd_import(name[level:], package, level)
web-1                               |            ^^^^^^^^^^^^^^^^^^^^^^^^^^^^^^^^^^^^^^^^^^^^^^^^^^^^
web-1                               |   File "<frozen importlib._bootstrap>", line 1387, in _gcd_import
web-1                               |   File "<frozen importlib._bootstrap>", line 1360, in _find_and_load
web-1                               |   File "<frozen importlib._bootstrap>", line 1331, in _find_and_load_unlocked
web-1                               |   File "<frozen importlib._bootstrap>", line 935, in _load_unlocked
web-1                               |   File "<frozen importlib._bootstrap_external>", line 999, in exec_module
web-1                               |   File "<frozen importlib._bootstrap>", line 488, in _call_with_frames_removed
web-1                               |   File "/app/kidney/urls.py", line 2, in <module>
web-1                               |     from . import views
web-1                               |   File "/app/kidney/views.py", line 256
web-1                               |     prediction_metadata = generate_prediction_metadata(
web-1                               | IndentationError: unexpected indent
web-1                               | INFO /app/kidney/views.py changed, reloading.
web-1                               | INFO Watching for file changes with StatReloader
web-1                               | Performing system checks...
web-1                               | 
web-1                               | Exception in thread django-main-thread:
web-1                               | Traceback (most recent call last):
web-1                               |   File "/usr/local/lib/python3.12/threading.py", line 1075, in _bootstrap_inner
web-1                               |     self.run()
web-1                               |   File "/usr/local/lib/python3.12/threading.py", line 1012, in run
web-1                               |     self._target(*self._args, **self._kwargs)
web-1                               |   File "/usr/local/lib/python3.12/site-packages/django/utils/autoreload.py", line 64, in wrapper
web-1                               |     fn(*args, **kwargs)
web-1                               |   File "/usr/local/lib/python3.12/site-packages/django/core/management/commands/runserver.py", line 134, in inner_run
web-1                               |     self.check(display_num_errors=True)
web-1                               |   File "/usr/local/lib/python3.12/site-packages/django/core/management/base.py", line 486, in check
web-1                               |     all_issues = checks.run_checks(
web-1                               |                  ^^^^^^^^^^^^^^^^^^
web-1                               |   File "/usr/local/lib/python3.12/site-packages/django/core/checks/registry.py", line 88, in run_checks
web-1                               |     new_errors = check(app_configs=app_configs, databases=databases)
web-1                               |                  ^^^^^^^^^^^^^^^^^^^^^^^^^^^^^^^^^^^^^^^^^^^^^^^^^^^
web-1                               |   File "/usr/local/lib/python3.12/site-packages/django/core/checks/urls.py", line 44, in check_url_namespaces_unique
web-1                               |     all_namespaces = _load_all_namespaces(resolver)
web-1                               |                      ^^^^^^^^^^^^^^^^^^^^^^^^^^^^^^
web-1                               |   File "/usr/local/lib/python3.12/site-packages/django/core/checks/urls.py", line 63, in _load_all_namespaces
web-1                               |     url_patterns = getattr(resolver, "url_patterns", [])
web-1                               |                    ^^^^^^^^^^^^^^^^^^^^^^^^^^^^^^^^^^^^^
web-1                               |   File "/usr/local/lib/python3.12/site-packages/django/utils/functional.py", line 47, in __get__
web-1                               |     res = instance.__dict__[self.name] = self.func(instance)
web-1                               |                                          ^^^^^^^^^^^^^^^^^^^
web-1                               |   File "/usr/local/lib/python3.12/site-packages/django/urls/resolvers.py", line 718, in url_patterns
web-1                               |     patterns = getattr(self.urlconf_module, "urlpatterns", self.urlconf_module)
web-1                               |                        ^^^^^^^^^^^^^^^^^^^
web-1                               |   File "/usr/local/lib/python3.12/site-packages/django/utils/functional.py", line 47, in __get__
web-1                               |     res = instance.__dict__[self.name] = self.func(instance)
web-1                               |                                          ^^^^^^^^^^^^^^^^^^^
web-1                               |   File "/usr/local/lib/python3.12/site-packages/django/urls/resolvers.py", line 711, in urlconf_module
web-1                               |     return import_module(self.urlconf_name)
web-1                               |            ^^^^^^^^^^^^^^^^^^^^^^^^^^^^^^^^
web-1                               |   File "/usr/local/lib/python3.12/importlib/__init__.py", line 90, in import_module
web-1                               |     return _bootstrap._gcd_import(name[level:], package, level)
web-1                               |            ^^^^^^^^^^^^^^^^^^^^^^^^^^^^^^^^^^^^^^^^^^^^^^^^^^^^
web-1                               |   File "<frozen importlib._bootstrap>", line 1387, in _gcd_import
web-1                               |   File "<frozen importlib._bootstrap>", line 1360, in _find_and_load
web-1                               |   File "<frozen importlib._bootstrap>", line 1331, in _find_and_load_unlocked
web-1                               |   File "<frozen importlib._bootstrap>", line 935, in _load_unlocked
web-1                               |   File "<frozen importlib._bootstrap_external>", line 999, in exec_module
web-1                               |   File "<frozen importlib._bootstrap>", line 488, in _call_with_frames_removed
web-1                               |   File "/app/docspot/urls.py", line 37, in <module>
web-1                               |     path("kidney/", include("kidney.urls")),
web-1                               |                     ^^^^^^^^^^^^^^^^^^^^^^
web-1                               |   File "/usr/local/lib/python3.12/site-packages/django/urls/conf.py", line 39, in include
web-1                               |     urlconf_module = import_module(urlconf_module)
web-1                               |                      ^^^^^^^^^^^^^^^^^^^^^^^^^^^^^
web-1                               |   File "/usr/local/lib/python3.12/importlib/__init__.py", line 90, in import_module
web-1                               |     return _bootstrap._gcd_import(name[level:], package, level)
web-1                               |            ^^^^^^^^^^^^^^^^^^^^^^^^^^^^^^^^^^^^^^^^^^^^^^^^^^^^
web-1                               |   File "<frozen importlib._bootstrap>", line 1387, in _gcd_import
web-1                               |   File "<frozen importlib._bootstrap>", line 1360, in _find_and_load
web-1                               |   File "<frozen importlib._bootstrap>", line 1331, in _find_and_load_unlocked
web-1                               |   File "<frozen importlib._bootstrap>", line 935, in _load_unlocked
web-1                               |   File "<frozen importlib._bootstrap_external>", line 999, in exec_module
web-1                               |   File "<frozen importlib._bootstrap>", line 488, in _call_with_frames_removed
web-1                               |   File "/app/kidney/urls.py", line 2, in <module>
web-1                               |     from . import views
web-1                               |   File "/app/kidney/views.py", line 256
web-1                               |     prediction_metadata = generate_prediction_metadata(
web-1                               | IndentationError: unexpected indent
web-1                               | INFO /app/kidney/views.py changed, reloading.
web-1                               | INFO Watching for file changes with StatReloader
web-1                               | Performing system checks...
web-1                               | 
web-1                               | Exception in thread django-main-thread:
web-1                               | Traceback (most recent call last):
web-1                               |   File "/usr/local/lib/python3.12/threading.py", line 1075, in _bootstrap_inner
web-1                               |     self.run()
web-1                               |   File "/usr/local/lib/python3.12/threading.py", line 1012, in run
web-1                               |     self._target(*self._args, **self._kwargs)
web-1                               |   File "/usr/local/lib/python3.12/site-packages/django/utils/autoreload.py", line 64, in wrapper
web-1                               |     fn(*args, **kwargs)
web-1                               |   File "/usr/local/lib/python3.12/site-packages/django/core/management/commands/runserver.py", line 134, in inner_run
web-1                               |     self.check(display_num_errors=True)
web-1                               |   File "/usr/local/lib/python3.12/site-packages/django/core/management/base.py", line 486, in check
web-1                               |     all_issues = checks.run_checks(
web-1                               |                  ^^^^^^^^^^^^^^^^^^
web-1                               |   File "/usr/local/lib/python3.12/site-packages/django/core/checks/registry.py", line 88, in run_checks
web-1                               |     new_errors = check(app_configs=app_configs, databases=databases)
web-1                               |                  ^^^^^^^^^^^^^^^^^^^^^^^^^^^^^^^^^^^^^^^^^^^^^^^^^^^
web-1                               |   File "/usr/local/lib/python3.12/site-packages/django/core/checks/urls.py", line 44, in check_url_namespaces_unique
web-1                               |     all_namespaces = _load_all_namespaces(resolver)
web-1                               |                      ^^^^^^^^^^^^^^^^^^^^^^^^^^^^^^
web-1                               |   File "/usr/local/lib/python3.12/site-packages/django/core/checks/urls.py", line 63, in _load_all_namespaces
web-1                               |     url_patterns = getattr(resolver, "url_patterns", [])
web-1                               |                    ^^^^^^^^^^^^^^^^^^^^^^^^^^^^^^^^^^^^^
web-1                               |   File "/usr/local/lib/python3.12/site-packages/django/utils/functional.py", line 47, in __get__
web-1                               |     res = instance.__dict__[self.name] = self.func(instance)
web-1                               |                                          ^^^^^^^^^^^^^^^^^^^
web-1                               |   File "/usr/local/lib/python3.12/site-packages/django/urls/resolvers.py", line 718, in url_patterns
web-1                               |     patterns = getattr(self.urlconf_module, "urlpatterns", self.urlconf_module)
web-1                               |                        ^^^^^^^^^^^^^^^^^^^
web-1                               |   File "/usr/local/lib/python3.12/site-packages/django/utils/functional.py", line 47, in __get__
web-1                               |     res = instance.__dict__[self.name] = self.func(instance)
web-1                               |                                          ^^^^^^^^^^^^^^^^^^^
web-1                               |   File "/usr/local/lib/python3.12/site-packages/django/urls/resolvers.py", line 711, in urlconf_module
web-1                               |     return import_module(self.urlconf_name)
web-1                               |            ^^^^^^^^^^^^^^^^^^^^^^^^^^^^^^^^
web-1                               |   File "/usr/local/lib/python3.12/importlib/__init__.py", line 90, in import_module
web-1                               |     return _bootstrap._gcd_import(name[level:], package, level)
web-1                               |            ^^^^^^^^^^^^^^^^^^^^^^^^^^^^^^^^^^^^^^^^^^^^^^^^^^^^
web-1                               |   File "<frozen importlib._bootstrap>", line 1387, in _gcd_import
web-1                               |   File "<frozen importlib._bootstrap>", line 1360, in _find_and_load
web-1                               |   File "<frozen importlib._bootstrap>", line 1331, in _find_and_load_unlocked
web-1                               |   File "<frozen importlib._bootstrap>", line 935, in _load_unlocked
web-1                               |   File "<frozen importlib._bootstrap_external>", line 999, in exec_module
web-1                               |   File "<frozen importlib._bootstrap>", line 488, in _call_with_frames_removed
web-1                               |   File "/app/docspot/urls.py", line 37, in <module>
web-1                               |     path("kidney/", include("kidney.urls")),
web-1                               |                     ^^^^^^^^^^^^^^^^^^^^^^
web-1                               |   File "/usr/local/lib/python3.12/site-packages/django/urls/conf.py", line 39, in include
web-1                               |     urlconf_module = import_module(urlconf_module)
web-1                               |                      ^^^^^^^^^^^^^^^^^^^^^^^^^^^^^
web-1                               |   File "/usr/local/lib/python3.12/importlib/__init__.py", line 90, in import_module
web-1                               |     return _bootstrap._gcd_import(name[level:], package, level)
web-1                               |            ^^^^^^^^^^^^^^^^^^^^^^^^^^^^^^^^^^^^^^^^^^^^^^^^^^^^
web-1                               |   File "<frozen importlib._bootstrap>", line 1387, in _gcd_import
web-1                               |   File "<frozen importlib._bootstrap>", line 1360, in _find_and_load
web-1                               |   File "<frozen importlib._bootstrap>", line 1331, in _find_and_load_unlocked
web-1                               |   File "<frozen importlib._bootstrap>", line 935, in _load_unlocked
web-1                               |   File "<frozen importlib._bootstrap_external>", line 999, in exec_module
web-1                               |   File "<frozen importlib._bootstrap>", line 488, in _call_with_frames_removed
web-1                               |   File "/app/kidney/urls.py", line 2, in <module>
web-1                               |     from . import views
web-1                               |   File "/app/kidney/views.py", line 256
web-1                               |     prediction_metadata = generate_prediction_metadata(
web-1                               | IndentationError: unexpected indent
web-1                               | INFO /app/kidney/views.py changed, reloading.
web-1                               | INFO Watching for file changes with StatReloader
web-1                               | Performing system checks...
web-1                               | 
web-1                               | Exception in thread django-main-thread:
web-1                               | Traceback (most recent call last):
web-1                               |   File "/usr/local/lib/python3.12/threading.py", line 1075, in _bootstrap_inner
web-1                               |     self.run()
web-1                               |   File "/usr/local/lib/python3.12/threading.py", line 1012, in run
web-1                               |     self._target(*self._args, **self._kwargs)
web-1                               |   File "/usr/local/lib/python3.12/site-packages/django/utils/autoreload.py", line 64, in wrapper
web-1                               |     fn(*args, **kwargs)
web-1                               |   File "/usr/local/lib/python3.12/site-packages/django/core/management/commands/runserver.py", line 134, in inner_run
web-1                               |     self.check(display_num_errors=True)
web-1                               |   File "/usr/local/lib/python3.12/site-packages/django/core/management/base.py", line 486, in check
web-1                               |     all_issues = checks.run_checks(
web-1                               |                  ^^^^^^^^^^^^^^^^^^
web-1                               |   File "/usr/local/lib/python3.12/site-packages/django/core/checks/registry.py", line 88, in run_checks
web-1                               |     new_errors = check(app_configs=app_configs, databases=databases)
web-1                               |                  ^^^^^^^^^^^^^^^^^^^^^^^^^^^^^^^^^^^^^^^^^^^^^^^^^^^
web-1                               |   File "/usr/local/lib/python3.12/site-packages/django/core/checks/urls.py", line 44, in check_url_namespaces_unique
web-1                               |     all_namespaces = _load_all_namespaces(resolver)
web-1                               |                      ^^^^^^^^^^^^^^^^^^^^^^^^^^^^^^
web-1                               |   File "/usr/local/lib/python3.12/site-packages/django/core/checks/urls.py", line 63, in _load_all_namespaces
web-1                               |     url_patterns = getattr(resolver, "url_patterns", [])
web-1                               |                    ^^^^^^^^^^^^^^^^^^^^^^^^^^^^^^^^^^^^^
web-1                               |   File "/usr/local/lib/python3.12/site-packages/django/utils/functional.py", line 47, in __get__
web-1                               |     res = instance.__dict__[self.name] = self.func(instance)
web-1                               |                                          ^^^^^^^^^^^^^^^^^^^
web-1                               |   File "/usr/local/lib/python3.12/site-packages/django/urls/resolvers.py", line 718, in url_patterns
web-1                               |     patterns = getattr(self.urlconf_module, "urlpatterns", self.urlconf_module)
web-1                               |                        ^^^^^^^^^^^^^^^^^^^
web-1                               |   File "/usr/local/lib/python3.12/site-packages/django/utils/functional.py", line 47, in __get__
web-1                               |     res = instance.__dict__[self.name] = self.func(instance)
web-1                               |                                          ^^^^^^^^^^^^^^^^^^^
web-1                               |   File "/usr/local/lib/python3.12/site-packages/django/urls/resolvers.py", line 711, in urlconf_module
web-1                               |     return import_module(self.urlconf_name)
web-1                               |            ^^^^^^^^^^^^^^^^^^^^^^^^^^^^^^^^
web-1                               |   File "/usr/local/lib/python3.12/importlib/__init__.py", line 90, in import_module
web-1                               |     return _bootstrap._gcd_import(name[level:], package, level)
web-1                               |            ^^^^^^^^^^^^^^^^^^^^^^^^^^^^^^^^^^^^^^^^^^^^^^^^^^^^
web-1                               |   File "<frozen importlib._bootstrap>", line 1387, in _gcd_import
web-1                               |   File "<frozen importlib._bootstrap>", line 1360, in _find_and_load
web-1                               |   File "<frozen importlib._bootstrap>", line 1331, in _find_and_load_unlocked
web-1                               |   File "<frozen importlib._bootstrap>", line 935, in _load_unlocked
web-1                               |   File "<frozen importlib._bootstrap_external>", line 999, in exec_module
web-1                               |   File "<frozen importlib._bootstrap>", line 488, in _call_with_frames_removed
web-1                               |   File "/app/docspot/urls.py", line 37, in <module>
web-1                               |     path("kidney/", include("kidney.urls")),
web-1                               |                     ^^^^^^^^^^^^^^^^^^^^^^
web-1                               |   File "/usr/local/lib/python3.12/site-packages/django/urls/conf.py", line 39, in include
web-1                               |     urlconf_module = import_module(urlconf_module)
web-1                               |                      ^^^^^^^^^^^^^^^^^^^^^^^^^^^^^
web-1                               |   File "/usr/local/lib/python3.12/importlib/__init__.py", line 90, in import_module
web-1                               |     return _bootstrap._gcd_import(name[level:], package, level)
web-1                               |            ^^^^^^^^^^^^^^^^^^^^^^^^^^^^^^^^^^^^^^^^^^^^^^^^^^^^
web-1                               |   File "<frozen importlib._bootstrap>", line 1387, in _gcd_import
web-1                               |   File "<frozen importlib._bootstrap>", line 1360, in _find_and_load
web-1                               |   File "<frozen importlib._bootstrap>", line 1331, in _find_and_load_unlocked
web-1                               |   File "<frozen importlib._bootstrap>", line 935, in _load_unlocked
web-1                               |   File "<frozen importlib._bootstrap_external>", line 999, in exec_module
web-1                               |   File "<frozen importlib._bootstrap>", line 488, in _call_with_frames_removed
web-1                               |   File "/app/kidney/urls.py", line 2, in <module>
web-1                               |     from . import views
web-1                               |   File "/app/kidney/views.py", line 256
web-1                               |     prediction_metadata = generate_prediction_metadata(
web-1                               | IndentationError: unexpected indent
web-1                               | INFO /app/kidney/views.py changed, reloading.
web-1                               | INFO Watching for file changes with StatReloader
web-1                               | Performing system checks...
web-1                               | 
web-1                               | Exception in thread django-main-thread:
web-1                               | Traceback (most recent call last):
web-1                               |   File "/usr/local/lib/python3.12/threading.py", line 1075, in _bootstrap_inner
web-1                               |     self.run()
web-1                               |   File "/usr/local/lib/python3.12/threading.py", line 1012, in run
web-1                               |     self._target(*self._args, **self._kwargs)
web-1                               |   File "/usr/local/lib/python3.12/site-packages/django/utils/autoreload.py", line 64, in wrapper
web-1                               |     fn(*args, **kwargs)
web-1                               |   File "/usr/local/lib/python3.12/site-packages/django/core/management/commands/runserver.py", line 134, in inner_run
web-1                               |     self.check(display_num_errors=True)
web-1                               |   File "/usr/local/lib/python3.12/site-packages/django/core/management/base.py", line 486, in check
web-1                               |     all_issues = checks.run_checks(
web-1                               |                  ^^^^^^^^^^^^^^^^^^
web-1                               |   File "/usr/local/lib/python3.12/site-packages/django/core/checks/registry.py", line 88, in run_checks
web-1                               |     new_errors = check(app_configs=app_configs, databases=databases)
web-1                               |                  ^^^^^^^^^^^^^^^^^^^^^^^^^^^^^^^^^^^^^^^^^^^^^^^^^^^
web-1                               |   File "/usr/local/lib/python3.12/site-packages/django/core/checks/urls.py", line 44, in check_url_namespaces_unique
web-1                               |     all_namespaces = _load_all_namespaces(resolver)
web-1                               |                      ^^^^^^^^^^^^^^^^^^^^^^^^^^^^^^
web-1                               |   File "/usr/local/lib/python3.12/site-packages/django/core/checks/urls.py", line 63, in _load_all_namespaces
web-1                               |     url_patterns = getattr(resolver, "url_patterns", [])
web-1                               |                    ^^^^^^^^^^^^^^^^^^^^^^^^^^^^^^^^^^^^^
web-1                               |   File "/usr/local/lib/python3.12/site-packages/django/utils/functional.py", line 47, in __get__
web-1                               |     res = instance.__dict__[self.name] = self.func(instance)
web-1                               |                                          ^^^^^^^^^^^^^^^^^^^
web-1                               |   File "/usr/local/lib/python3.12/site-packages/django/urls/resolvers.py", line 718, in url_patterns
web-1                               |     patterns = getattr(self.urlconf_module, "urlpatterns", self.urlconf_module)
web-1                               |                        ^^^^^^^^^^^^^^^^^^^
web-1                               |   File "/usr/local/lib/python3.12/site-packages/django/utils/functional.py", line 47, in __get__
web-1                               |     res = instance.__dict__[self.name] = self.func(instance)
web-1                               |                                          ^^^^^^^^^^^^^^^^^^^
web-1                               |   File "/usr/local/lib/python3.12/site-packages/django/urls/resolvers.py", line 711, in urlconf_module
web-1                               |     return import_module(self.urlconf_name)
web-1                               |            ^^^^^^^^^^^^^^^^^^^^^^^^^^^^^^^^
web-1                               |   File "/usr/local/lib/python3.12/importlib/__init__.py", line 90, in import_module
web-1                               |     return _bootstrap._gcd_import(name[level:], package, level)
web-1                               |            ^^^^^^^^^^^^^^^^^^^^^^^^^^^^^^^^^^^^^^^^^^^^^^^^^^^^
web-1                               |   File "<frozen importlib._bootstrap>", line 1387, in _gcd_import
web-1                               |   File "<frozen importlib._bootstrap>", line 1360, in _find_and_load
web-1                               |   File "<frozen importlib._bootstrap>", line 1331, in _find_and_load_unlocked
web-1                               |   File "<frozen importlib._bootstrap>", line 935, in _load_unlocked
web-1                               |   File "<frozen importlib._bootstrap_external>", line 999, in exec_module
web-1                               |   File "<frozen importlib._bootstrap>", line 488, in _call_with_frames_removed
web-1                               |   File "/app/docspot/urls.py", line 37, in <module>
web-1                               |     path("kidney/", include("kidney.urls")),
web-1                               |                     ^^^^^^^^^^^^^^^^^^^^^^
web-1                               |   File "/usr/local/lib/python3.12/site-packages/django/urls/conf.py", line 39, in include
web-1                               |     urlconf_module = import_module(urlconf_module)
web-1                               |                      ^^^^^^^^^^^^^^^^^^^^^^^^^^^^^
web-1                               |   File "/usr/local/lib/python3.12/importlib/__init__.py", line 90, in import_module
web-1                               |     return _bootstrap._gcd_import(name[level:], package, level)
web-1                               |            ^^^^^^^^^^^^^^^^^^^^^^^^^^^^^^^^^^^^^^^^^^^^^^^^^^^^
web-1                               |   File "<frozen importlib._bootstrap>", line 1387, in _gcd_import
web-1                               |   File "<frozen importlib._bootstrap>", line 1360, in _find_and_load
web-1                               |   File "<frozen importlib._bootstrap>", line 1331, in _find_and_load_unlocked
web-1                               |   File "<frozen importlib._bootstrap>", line 935, in _load_unlocked
web-1                               |   File "<frozen importlib._bootstrap_external>", line 999, in exec_module
web-1                               |   File "<frozen importlib._bootstrap>", line 488, in _call_with_frames_removed
web-1                               |   File "/app/kidney/urls.py", line 2, in <module>
web-1                               |     from . import views
web-1                               |   File "/app/kidney/views.py", line 256
web-1                               |     prediction_metadata = generate_prediction_metadata(
web-1                               | IndentationError: unexpected indent
web-1                               | INFO /app/kidney/views.py changed, reloading.
web-1                               | INFO Watching for file changes with StatReloader
web-1                               | Performing system checks...
web-1                               | 
web-1                               | Exception in thread django-main-thread:
web-1                               | Traceback (most recent call last):
web-1                               |   File "/usr/local/lib/python3.12/threading.py", line 1075, in _bootstrap_inner
web-1                               |     self.run()
web-1                               |   File "/usr/local/lib/python3.12/threading.py", line 1012, in run
web-1                               |     self._target(*self._args, **self._kwargs)
web-1                               |   File "/usr/local/lib/python3.12/site-packages/django/utils/autoreload.py", line 64, in wrapper
web-1                               |     fn(*args, **kwargs)
web-1                               |   File "/usr/local/lib/python3.12/site-packages/django/core/management/commands/runserver.py", line 134, in inner_run
web-1                               |     self.check(display_num_errors=True)
web-1                               |   File "/usr/local/lib/python3.12/site-packages/django/core/management/base.py", line 486, in check
web-1                               |     all_issues = checks.run_checks(
web-1                               |                  ^^^^^^^^^^^^^^^^^^
web-1                               |   File "/usr/local/lib/python3.12/site-packages/django/core/checks/registry.py", line 88, in run_checks
web-1                               |     new_errors = check(app_configs=app_configs, databases=databases)
web-1                               |                  ^^^^^^^^^^^^^^^^^^^^^^^^^^^^^^^^^^^^^^^^^^^^^^^^^^^
web-1                               |   File "/usr/local/lib/python3.12/site-packages/django/core/checks/urls.py", line 44, in check_url_namespaces_unique
web-1                               |     all_namespaces = _load_all_namespaces(resolver)
web-1                               |                      ^^^^^^^^^^^^^^^^^^^^^^^^^^^^^^
web-1                               |   File "/usr/local/lib/python3.12/site-packages/django/core/checks/urls.py", line 63, in _load_all_namespaces
web-1                               |     url_patterns = getattr(resolver, "url_patterns", [])
web-1                               |                    ^^^^^^^^^^^^^^^^^^^^^^^^^^^^^^^^^^^^^
web-1                               |   File "/usr/local/lib/python3.12/site-packages/django/utils/functional.py", line 47, in __get__
web-1                               |     res = instance.__dict__[self.name] = self.func(instance)
web-1                               |                                          ^^^^^^^^^^^^^^^^^^^
web-1                               |   File "/usr/local/lib/python3.12/site-packages/django/urls/resolvers.py", line 718, in url_patterns
web-1                               |     patterns = getattr(self.urlconf_module, "urlpatterns", self.urlconf_module)
web-1                               |                        ^^^^^^^^^^^^^^^^^^^
web-1                               |   File "/usr/local/lib/python3.12/site-packages/django/utils/functional.py", line 47, in __get__
web-1                               |     res = instance.__dict__[self.name] = self.func(instance)
web-1                               |                                          ^^^^^^^^^^^^^^^^^^^
web-1                               |   File "/usr/local/lib/python3.12/site-packages/django/urls/resolvers.py", line 711, in urlconf_module
web-1                               |     return import_module(self.urlconf_name)
web-1                               |            ^^^^^^^^^^^^^^^^^^^^^^^^^^^^^^^^
web-1                               |   File "/usr/local/lib/python3.12/importlib/__init__.py", line 90, in import_module
web-1                               |     return _bootstrap._gcd_import(name[level:], package, level)
web-1                               |            ^^^^^^^^^^^^^^^^^^^^^^^^^^^^^^^^^^^^^^^^^^^^^^^^^^^^
web-1                               |   File "<frozen importlib._bootstrap>", line 1387, in _gcd_import
web-1                               |   File "<frozen importlib._bootstrap>", line 1360, in _find_and_load
web-1                               |   File "<frozen importlib._bootstrap>", line 1331, in _find_and_load_unlocked
web-1                               |   File "<frozen importlib._bootstrap>", line 935, in _load_unlocked
web-1                               |   File "<frozen importlib._bootstrap_external>", line 999, in exec_module
web-1                               |   File "<frozen importlib._bootstrap>", line 488, in _call_with_frames_removed
web-1                               |   File "/app/docspot/urls.py", line 37, in <module>
web-1                               |     path("kidney/", include("kidney.urls")),
web-1                               |                     ^^^^^^^^^^^^^^^^^^^^^^
web-1                               |   File "/usr/local/lib/python3.12/site-packages/django/urls/conf.py", line 39, in include
web-1                               |     urlconf_module = import_module(urlconf_module)
web-1                               |                      ^^^^^^^^^^^^^^^^^^^^^^^^^^^^^
web-1                               |   File "/usr/local/lib/python3.12/importlib/__init__.py", line 90, in import_module
web-1                               |     return _bootstrap._gcd_import(name[level:], package, level)
web-1                               |            ^^^^^^^^^^^^^^^^^^^^^^^^^^^^^^^^^^^^^^^^^^^^^^^^^^^^
web-1                               |   File "<frozen importlib._bootstrap>", line 1387, in _gcd_import
web-1                               |   File "<frozen importlib._bootstrap>", line 1360, in _find_and_load
web-1                               |   File "<frozen importlib._bootstrap>", line 1331, in _find_and_load_unlocked
web-1                               |   File "<frozen importlib._bootstrap>", line 935, in _load_unlocked
web-1                               |   File "<frozen importlib._bootstrap_external>", line 999, in exec_module
web-1                               |   File "<frozen importlib._bootstrap>", line 488, in _call_with_frames_removed
web-1                               |   File "/app/kidney/urls.py", line 2, in <module>
web-1                               |     from . import views
web-1                               |   File "/app/kidney/views.py", line 258
web-1                               |     prediction_metadata = generate_prediction_metadata(
web-1                               | IndentationError: unexpected indent
web-1                               | INFO /app/kidney/views.py changed, reloading.
web-1                               | INFO Watching for file changes with StatReloader
web-1                               | Performing system checks...
web-1                               | 
web-1                               | Exception in thread django-main-thread:
web-1                               | Traceback (most recent call last):
web-1                               |   File "/usr/local/lib/python3.12/threading.py", line 1075, in _bootstrap_inner
web-1                               |     self.run()
web-1                               |   File "/usr/local/lib/python3.12/threading.py", line 1012, in run
web-1                               |     self._target(*self._args, **self._kwargs)
web-1                               |   File "/usr/local/lib/python3.12/site-packages/django/utils/autoreload.py", line 64, in wrapper
web-1                               |     fn(*args, **kwargs)
web-1                               |   File "/usr/local/lib/python3.12/site-packages/django/core/management/commands/runserver.py", line 134, in inner_run
web-1                               |     self.check(display_num_errors=True)
web-1                               |   File "/usr/local/lib/python3.12/site-packages/django/core/management/base.py", line 486, in check
web-1                               |     all_issues = checks.run_checks(
web-1                               |                  ^^^^^^^^^^^^^^^^^^
web-1                               |   File "/usr/local/lib/python3.12/site-packages/django/core/checks/registry.py", line 88, in run_checks
web-1                               |     new_errors = check(app_configs=app_configs, databases=databases)
web-1                               |                  ^^^^^^^^^^^^^^^^^^^^^^^^^^^^^^^^^^^^^^^^^^^^^^^^^^^
web-1                               |   File "/usr/local/lib/python3.12/site-packages/django/core/checks/urls.py", line 44, in check_url_namespaces_unique
web-1                               |     all_namespaces = _load_all_namespaces(resolver)
web-1                               |                      ^^^^^^^^^^^^^^^^^^^^^^^^^^^^^^
web-1                               |   File "/usr/local/lib/python3.12/site-packages/django/core/checks/urls.py", line 63, in _load_all_namespaces
web-1                               |     url_patterns = getattr(resolver, "url_patterns", [])
web-1                               |                    ^^^^^^^^^^^^^^^^^^^^^^^^^^^^^^^^^^^^^
web-1                               |   File "/usr/local/lib/python3.12/site-packages/django/utils/functional.py", line 47, in __get__
web-1                               |     res = instance.__dict__[self.name] = self.func(instance)
web-1                               |                                          ^^^^^^^^^^^^^^^^^^^
web-1                               |   File "/usr/local/lib/python3.12/site-packages/django/urls/resolvers.py", line 718, in url_patterns
web-1                               |     patterns = getattr(self.urlconf_module, "urlpatterns", self.urlconf_module)
web-1                               |                        ^^^^^^^^^^^^^^^^^^^
web-1                               |   File "/usr/local/lib/python3.12/site-packages/django/utils/functional.py", line 47, in __get__
web-1                               |     res = instance.__dict__[self.name] = self.func(instance)
web-1                               |                                          ^^^^^^^^^^^^^^^^^^^
web-1                               |   File "/usr/local/lib/python3.12/site-packages/django/urls/resolvers.py", line 711, in urlconf_module
web-1                               |     return import_module(self.urlconf_name)
web-1                               |            ^^^^^^^^^^^^^^^^^^^^^^^^^^^^^^^^
web-1                               |   File "/usr/local/lib/python3.12/importlib/__init__.py", line 90, in import_module
web-1                               |     return _bootstrap._gcd_import(name[level:], package, level)
web-1                               |            ^^^^^^^^^^^^^^^^^^^^^^^^^^^^^^^^^^^^^^^^^^^^^^^^^^^^
web-1                               |   File "<frozen importlib._bootstrap>", line 1387, in _gcd_import
web-1                               |   File "<frozen importlib._bootstrap>", line 1360, in _find_and_load
web-1                               |   File "<frozen importlib._bootstrap>", line 1331, in _find_and_load_unlocked
web-1                               |   File "<frozen importlib._bootstrap>", line 935, in _load_unlocked
web-1                               |   File "<frozen importlib._bootstrap_external>", line 999, in exec_module
web-1                               |   File "<frozen importlib._bootstrap>", line 488, in _call_with_frames_removed
web-1                               |   File "/app/docspot/urls.py", line 37, in <module>
web-1                               |     path("kidney/", include("kidney.urls")),
web-1                               |                     ^^^^^^^^^^^^^^^^^^^^^^
web-1                               |   File "/usr/local/lib/python3.12/site-packages/django/urls/conf.py", line 39, in include
web-1                               |     urlconf_module = import_module(urlconf_module)
web-1                               |                      ^^^^^^^^^^^^^^^^^^^^^^^^^^^^^
web-1                               |   File "/usr/local/lib/python3.12/importlib/__init__.py", line 90, in import_module
web-1                               |     return _bootstrap._gcd_import(name[level:], package, level)
web-1                               |            ^^^^^^^^^^^^^^^^^^^^^^^^^^^^^^^^^^^^^^^^^^^^^^^^^^^^
web-1                               |   File "<frozen importlib._bootstrap>", line 1387, in _gcd_import
web-1                               |   File "<frozen importlib._bootstrap>", line 1360, in _find_and_load
web-1                               |   File "<frozen importlib._bootstrap>", line 1331, in _find_and_load_unlocked
web-1                               |   File "<frozen importlib._bootstrap>", line 935, in _load_unlocked
web-1                               |   File "<frozen importlib._bootstrap_external>", line 999, in exec_module
web-1                               |   File "<frozen importlib._bootstrap>", line 488, in _call_with_frames_removed
web-1                               |   File "/app/kidney/urls.py", line 2, in <module>
web-1                               |     from . import views
web-1                               |   File "/app/kidney/views.py", line 260
web-1                               |     prediction_metadata = generate_prediction_metadata(
web-1                               | IndentationError: unexpected indent
web-1                               | INFO /app/kidney/views.py changed, reloading.
web-1                               | INFO Watching for file changes with StatReloader
web-1                               | Performing system checks...
web-1                               | 
web-1                               | WARNING:absl:Compiled the loaded model, but the compiled metrics have yet to be built. `model.compile_metrics` will be empty until you train or evaluate the model.
web-1                               | System check identified no issues (0 silenced).
web-1                               | August 11, 2026 - 17:28:41
web-1                               | Django version 5.1.2, using settings 'docspot.settings'
web-1                               | Starting development server at http://0.0.0.0:8000/
web-1                               | Quit the server with CONTROL-C.
web-1                               | 
web-1                               | INFO /app/kidney/views.py changed, reloading.
web-1                               | INFO:django.utils.autoreload:/app/kidney/views.py changed, reloading.
web-1                               | INFO Watching for file changes with StatReloader
web-1                               | Performing system checks...
web-1                               | 
web-1                               | WARNING:absl:Compiled the loaded model, but the compiled metrics have yet to be built. `model.compile_metrics` will be empty until you train or evaluate the model.
web-1                               | System check identified no issues (0 silenced).
web-1                               | August 11, 2026 - 17:28:52
web-1                               | Django version 5.1.2, using settings 'docspot.settings'
web-1                               | Starting development server at http://0.0.0.0:8000/
web-1                               | Quit the server with CONTROL-C.
web-1                               | 
web-1                               | INFO /app/kidney/views.py changed, reloading.
web-1                               | INFO:django.utils.autoreload:/app/kidney/views.py changed, reloading.
web-1                               | INFO Watching for file changes with StatReloader
web-1                               | Performing system checks...
web-1                               | 
web-1                               | WARNING:absl:Compiled the loaded model, but the compiled metrics have yet to be built. `model.compile_metrics` will be empty until you train or evaluate the model.
web-1                               | System check identified no issues (0 silenced).
web-1                               | August 11, 2026 - 17:29:18
web-1                               | Django version 5.1.2, using settings 'docspot.settings'
web-1                               | Starting development server at http://0.0.0.0:8000/
web-1                               | Quit the server with CONTROL-C.
web-1                               | 
web-1                               | INFO /app/kidney/views.py changed, reloading.
web-1                               | INFO:django.utils.autoreload:/app/kidney/views.py changed, reloading.
web-1                               | Performing system checks...
web-1                               | 
web-1                               | INFO Watching for file changes with StatReloader
web-1                               | WARNING:absl:Compiled the loaded model, but the compiled metrics have yet to be built. `model.compile_metrics` will be empty until you train or evaluate the model.
web-1                               | System check identified no issues (0 silenced).
web-1                               | August 11, 2026 - 17:29:23
web-1                               | Django version 5.1.2, using settings 'docspot.settings'
web-1                               | Starting development server at http://0.0.0.0:8000/
web-1                               | Quit the server with CONTROL-C.
web-1                               | 
web-1                               | INFO /app/kidney/views.py changed, reloading.
web-1                               | INFO:django.utils.autoreload:/app/kidney/views.py changed, reloading.
web-1                               | INFO Watching for file changes with StatReloader
web-1                               | Performing system checks...
web-1                               | 
web-1                               | WARNING:absl:Compiled the loaded model, but the compiled metrics have yet to be built. `model.compile_metrics` will be empty until you train or evaluate the model.
web-1                               | System check identified no issues (0 silenced).
web-1                               | August 11, 2026 - 17:29:31
web-1                               | Django version 5.1.2, using settings 'docspot.settings'
web-1                               | Starting development server at http://0.0.0.0:8000/
web-1                               | Quit the server with CONTROL-C.
web-1                               | 
web-1                               | INFO /app/kidney/views.py changed, reloading.
web-1                               | INFO:django.utils.autoreload:/app/kidney/views.py changed, reloading.
web-1                               | INFO Watching for file changes with StatReloader
web-1                               | Performing system checks...
web-1                               | 
web-1                               | WARNING:absl:Compiled the loaded model, but the compiled metrics have yet to be built. `model.compile_metrics` will be empty until you train or evaluate the model.
web-1                               | System check identified no issues (0 silenced).
web-1                               | August 11, 2026 - 17:29:38
web-1                               | Django version 5.1.2, using settings 'docspot.settings'
web-1                               | Starting development server at http://0.0.0.0:8000/
web-1                               | Quit the server with CONTROL-C.
web-1                               | 
web-1                               | INFO /app/kidney/views.py changed, reloading.
web-1                               | INFO:django.utils.autoreload:/app/kidney/views.py changed, reloading.
web-1                               | INFO Watching for file changes with StatReloader
web-1                               | Performing system checks...
web-1                               | 
web-1                               | Exception in thread django-main-thread:
web-1                               | Traceback (most recent call last):
web-1                               |   File "/usr/local/lib/python3.12/threading.py", line 1075, in _bootstrap_inner
web-1                               |     self.run()
web-1                               |   File "/usr/local/lib/python3.12/threading.py", line 1012, in run
web-1                               |     self._target(*self._args, **self._kwargs)
web-1                               |   File "/usr/local/lib/python3.12/site-packages/django/utils/autoreload.py", line 64, in wrapper
web-1                               |     fn(*args, **kwargs)
web-1                               |   File "/usr/local/lib/python3.12/site-packages/django/core/management/commands/runserver.py", line 134, in inner_run
web-1                               |     self.check(display_num_errors=True)
web-1                               |   File "/usr/local/lib/python3.12/site-packages/django/core/management/base.py", line 486, in check
web-1                               |     all_issues = checks.run_checks(
web-1                               |                  ^^^^^^^^^^^^^^^^^^
web-1                               |   File "/usr/local/lib/python3.12/site-packages/django/core/checks/registry.py", line 88, in run_checks
web-1                               |     new_errors = check(app_configs=app_configs, databases=databases)
web-1                               |                  ^^^^^^^^^^^^^^^^^^^^^^^^^^^^^^^^^^^^^^^^^^^^^^^^^^^
web-1                               |   File "/usr/local/lib/python3.12/site-packages/django/core/checks/urls.py", line 44, in check_url_namespaces_unique
web-1                               |     all_namespaces = _load_all_namespaces(resolver)
web-1                               |                      ^^^^^^^^^^^^^^^^^^^^^^^^^^^^^^
web-1                               |   File "/usr/local/lib/python3.12/site-packages/django/core/checks/urls.py", line 63, in _load_all_namespaces
web-1                               |     url_patterns = getattr(resolver, "url_patterns", [])
web-1                               |                    ^^^^^^^^^^^^^^^^^^^^^^^^^^^^^^^^^^^^^
web-1                               |   File "/usr/local/lib/python3.12/site-packages/django/utils/functional.py", line 47, in __get__
web-1                               |     res = instance.__dict__[self.name] = self.func(instance)
web-1                               |                                          ^^^^^^^^^^^^^^^^^^^
web-1                               |   File "/usr/local/lib/python3.12/site-packages/django/urls/resolvers.py", line 718, in url_patterns
web-1                               |     patterns = getattr(self.urlconf_module, "urlpatterns", self.urlconf_module)
web-1                               |                        ^^^^^^^^^^^^^^^^^^^
web-1                               |   File "/usr/local/lib/python3.12/site-packages/django/utils/functional.py", line 47, in __get__
web-1                               |     res = instance.__dict__[self.name] = self.func(instance)
web-1                               |                                          ^^^^^^^^^^^^^^^^^^^
web-1                               |   File "/usr/local/lib/python3.12/site-packages/django/urls/resolvers.py", line 711, in urlconf_module
web-1                               |     return import_module(self.urlconf_name)
web-1                               |            ^^^^^^^^^^^^^^^^^^^^^^^^^^^^^^^^
web-1                               |   File "/usr/local/lib/python3.12/importlib/__init__.py", line 90, in import_module
web-1                               |     return _bootstrap._gcd_import(name[level:], package, level)
web-1                               |            ^^^^^^^^^^^^^^^^^^^^^^^^^^^^^^^^^^^^^^^^^^^^^^^^^^^^
web-1                               |   File "<frozen importlib._bootstrap>", line 1387, in _gcd_import
web-1                               |   File "<frozen importlib._bootstrap>", line 1360, in _find_and_load
web-1                               |   File "<frozen importlib._bootstrap>", line 1331, in _find_and_load_unlocked
web-1                               |   File "<frozen importlib._bootstrap>", line 935, in _load_unlocked
web-1                               |   File "<frozen importlib._bootstrap_external>", line 999, in exec_module
web-1                               |   File "<frozen importlib._bootstrap>", line 488, in _call_with_frames_removed
web-1                               |   File "/app/docspot/urls.py", line 37, in <module>
web-1                               |     path("kidney/", include("kidney.urls")),
web-1                               |                     ^^^^^^^^^^^^^^^^^^^^^^
web-1                               |   File "/usr/local/lib/python3.12/site-packages/django/urls/conf.py", line 39, in include
web-1                               |     urlconf_module = import_module(urlconf_module)
web-1                               |                      ^^^^^^^^^^^^^^^^^^^^^^^^^^^^^
web-1                               |   File "/usr/local/lib/python3.12/importlib/__init__.py", line 90, in import_module
web-1                               |     return _bootstrap._gcd_import(name[level:], package, level)
web-1                               |            ^^^^^^^^^^^^^^^^^^^^^^^^^^^^^^^^^^^^^^^^^^^^^^^^^^^^
web-1                               |   File "<frozen importlib._bootstrap>", line 1387, in _gcd_import
web-1                               |   File "<frozen importlib._bootstrap>", line 1360, in _find_and_load
web-1                               |   File "<frozen importlib._bootstrap>", line 1331, in _find_and_load_unlocked
web-1                               |   File "<frozen importlib._bootstrap>", line 935, in _load_unlocked
web-1                               |   File "<frozen importlib._bootstrap_external>", line 999, in exec_module
web-1                               |   File "<frozen importlib._bootstrap>", line 488, in _call_with_frames_removed
web-1                               |   File "/app/kidney/urls.py", line 2, in <module>
web-1                               |     from . import views
web-1                               |   File "/app/kidney/views.py", line 277
web-1                               |     eexcept Exception as e:
web-1                               |     ^^^^^^^
web-1                               | SyntaxError: expected 'except' or 'finally' block
web-1                               | INFO /app/kidney/views.py changed, reloading.
web-1                               | INFO Watching for file changes with StatReloader
web-1                               | Performing system checks...
web-1                               | 
web-1                               | WARNING:absl:Compiled the loaded model, but the compiled metrics have yet to be built. `model.compile_metrics` will be empty until you train or evaluate the model.
web-1                               | System check identified no issues (0 silenced).
web-1                               | August 11, 2026 - 17:30:20
web-1                               | Django version 5.1.2, using settings 'docspot.settings'
web-1                               | Starting development server at http://0.0.0.0:8000/
web-1                               | Quit the server with CONTROL-C.
web-1                               | 
web-1                               | INFO /app/kidney/views.py changed, reloading.
web-1                               | INFO:django.utils.autoreload:/app/kidney/views.py changed, reloading.
web-1                               | INFO Watching for file changes with StatReloader
web-1                               | Performing system checks...
web-1                               | 
web-1                               | Exception in thread django-main-thread:
web-1                               | Traceback (most recent call last):
web-1                               |   File "/usr/local/lib/python3.12/threading.py", line 1075, in _bootstrap_inner
web-1                               |     self.run()
web-1                               |   File "/usr/local/lib/python3.12/threading.py", line 1012, in run
web-1                               |     self._target(*self._args, **self._kwargs)
web-1                               |   File "/usr/local/lib/python3.12/site-packages/django/utils/autoreload.py", line 64, in wrapper
web-1                               |     fn(*args, **kwargs)
web-1                               |   File "/usr/local/lib/python3.12/site-packages/django/core/management/commands/runserver.py", line 134, in inner_run
web-1                               |     self.check(display_num_errors=True)
web-1                               |   File "/usr/local/lib/python3.12/site-packages/django/core/management/base.py", line 486, in check
web-1                               |     all_issues = checks.run_checks(
web-1                               |                  ^^^^^^^^^^^^^^^^^^
web-1                               |   File "/usr/local/lib/python3.12/site-packages/django/core/checks/registry.py", line 88, in run_checks
web-1                               |     new_errors = check(app_configs=app_configs, databases=databases)
web-1                               |                  ^^^^^^^^^^^^^^^^^^^^^^^^^^^^^^^^^^^^^^^^^^^^^^^^^^^
web-1                               |   File "/usr/local/lib/python3.12/site-packages/django/core/checks/urls.py", line 44, in check_url_namespaces_unique
web-1                               |     all_namespaces = _load_all_namespaces(resolver)
web-1                               |                      ^^^^^^^^^^^^^^^^^^^^^^^^^^^^^^
web-1                               |   File "/usr/local/lib/python3.12/site-packages/django/core/checks/urls.py", line 63, in _load_all_namespaces
web-1                               |     url_patterns = getattr(resolver, "url_patterns", [])
web-1                               |                    ^^^^^^^^^^^^^^^^^^^^^^^^^^^^^^^^^^^^^
web-1                               |   File "/usr/local/lib/python3.12/site-packages/django/utils/functional.py", line 47, in __get__
web-1                               |     res = instance.__dict__[self.name] = self.func(instance)
web-1                               |                                          ^^^^^^^^^^^^^^^^^^^
web-1                               |   File "/usr/local/lib/python3.12/site-packages/django/urls/resolvers.py", line 718, in url_patterns
web-1                               |     patterns = getattr(self.urlconf_module, "urlpatterns", self.urlconf_module)
web-1                               |                        ^^^^^^^^^^^^^^^^^^^
web-1                               |   File "/usr/local/lib/python3.12/site-packages/django/utils/functional.py", line 47, in __get__
web-1                               |     res = instance.__dict__[self.name] = self.func(instance)
web-1                               |                                          ^^^^^^^^^^^^^^^^^^^
web-1                               |   File "/usr/local/lib/python3.12/site-packages/django/urls/resolvers.py", line 711, in urlconf_module
web-1                               |     return import_module(self.urlconf_name)
web-1                               |            ^^^^^^^^^^^^^^^^^^^^^^^^^^^^^^^^
web-1                               |   File "/usr/local/lib/python3.12/importlib/__init__.py", line 90, in import_module
web-1                               |     return _bootstrap._gcd_import(name[level:], package, level)
web-1                               |            ^^^^^^^^^^^^^^^^^^^^^^^^^^^^^^^^^^^^^^^^^^^^^^^^^^^^
web-1                               |   File "<frozen importlib._bootstrap>", line 1387, in _gcd_import
web-1                               |   File "<frozen importlib._bootstrap>", line 1360, in _find_and_load
web-1                               |   File "<frozen importlib._bootstrap>", line 1331, in _find_and_load_unlocked
web-1                               |   File "<frozen importlib._bootstrap>", line 935, in _load_unlocked
web-1                               |   File "<frozen importlib._bootstrap_external>", line 999, in exec_module
web-1                               |   File "<frozen importlib._bootstrap>", line 488, in _call_with_frames_removed
web-1                               |   File "/app/docspot/urls.py", line 37, in <module>
web-1                               |     path("kidney/", include("kidney.urls")),
web-1                               |                     ^^^^^^^^^^^^^^^^^^^^^^
web-1                               |   File "/usr/local/lib/python3.12/site-packages/django/urls/conf.py", line 39, in include
web-1                               |     urlconf_module = import_module(urlconf_module)
web-1                               |                      ^^^^^^^^^^^^^^^^^^^^^^^^^^^^^
web-1                               |   File "/usr/local/lib/python3.12/importlib/__init__.py", line 90, in import_module
web-1                               |     return _bootstrap._gcd_import(name[level:], package, level)
web-1                               |            ^^^^^^^^^^^^^^^^^^^^^^^^^^^^^^^^^^^^^^^^^^^^^^^^^^^^
web-1                               |   File "<frozen importlib._bootstrap>", line 1387, in _gcd_import
web-1                               |   File "<frozen importlib._bootstrap>", line 1360, in _find_and_load
web-1                               |   File "<frozen importlib._bootstrap>", line 1331, in _find_and_load_unlocked
web-1                               |   File "<frozen importlib._bootstrap>", line 935, in _load_unlocked
web-1                               |   File "<frozen importlib._bootstrap_external>", line 999, in exec_module
web-1                               |   File "<frozen importlib._bootstrap>", line 488, in _call_with_frames_removed
web-1                               |   File "/app/kidney/urls.py", line 2, in <module>
web-1                               |     from . import views
web-1                               |   File "/app/kidney/views.py", line 282
web-1                               |     return render(
web-1                               | IndentationError: unexpected indent
web-1                               | INFO /app/kidney/views.py changed, reloading.
web-1                               | INFO Watching for file changes with StatReloader
web-1                               | Performing system checks...
web-1                               | 
web-1                               | WARNING:absl:Compiled the loaded model, but the compiled metrics have yet to be built. `model.compile_metrics` will be empty until you train or evaluate the model.
web-1                               | System check identified no issues (0 silenced).
web-1                               | August 11, 2026 - 17:30:28
web-1                               | Django version 5.1.2, using settings 'docspot.settings'
web-1                               | Starting development server at http://0.0.0.0:8000/
web-1                               | Quit the server with CONTROL-C.
web-1                               | 
web-1                               | INFO /app/kidney/views.py changed, reloading.
web-1                               | INFO:django.utils.autoreload:/app/kidney/views.py changed, reloading.
web-1                               | INFO Watching for file changes with StatReloader
web-1                               | Performing system checks...
web-1                               | 
web-1                               | WARNING:absl:Compiled the loaded model, but the compiled metrics have yet to be built. `model.compile_metrics` will be empty until you train or evaluate the model.
web-1                               | System check identified no issues (0 silenced).
web-1                               | August 11, 2026 - 17:30:35
web-1                               | Django version 5.1.2, using settings 'docspot.settings'
web-1                               | Starting development server at http://0.0.0.0:8000/
web-1                               | Quit the server with CONTROL-C.
web-1                               | 
web-1                               | INFO /app/kidney/views.py changed, reloading.
web-1                               | INFO:django.utils.autoreload:/app/kidney/views.py changed, reloading.
web-1                               | INFO Watching for file changes with StatReloader
web-1                               | Performing system checks...
web-1                               | 
web-1                               | WARNING:absl:Compiled the loaded model, but the compiled metrics have yet to be built. `model.compile_metrics` will be empty until you train or evaluate the model.
web-1                               | System check identified no issues (0 silenced).
web-1                               | August 11, 2026 - 17:30:41
web-1                               | Django version 5.1.2, using settings 'docspot.settings'
web-1                               | Starting development server at http://0.0.0.0:8000/
web-1                               | Quit the server with CONTROL-C.
web-1                               | 
web-1                               | INFO /app/kidney/views.py changed, reloading.
web-1                               | INFO:django.utils.autoreload:/app/kidney/views.py changed, reloading.
web-1                               | INFO Watching for file changes with StatReloader
web-1                               | Performing system checks...
web-1                               | 
web-1                               | WARNING:absl:Compiled the loaded model, but the compiled metrics have yet to be built. `model.compile_metrics` will be empty until you train or evaluate the model.
web-1                               | System check identified no issues (0 silenced).
web-1                               | August 11, 2026 - 17:30:47
web-1                               | Django version 5.1.2, using settings 'docspot.settings'
web-1                               | Starting development server at http://0.0.0.0:8000/
web-1                               | Quit the server with CONTROL-C.
web-1                               | 
web-1                               | INFO /app/kidney/views.py changed, reloading.
web-1                               | INFO:django.utils.autoreload:/app/kidney/views.py changed, reloading.
web-1                               | INFO Watching for file changes with StatReloader
web-1                               | Performing system checks...
web-1                               | 
web-1                               | WARNING:absl:Compiled the loaded model, but the compiled metrics have yet to be built. `model.compile_metrics` will be empty until you train or evaluate the model.
web-1                               | System check identified no issues (0 silenced).
web-1                               | August 11, 2026 - 17:30:51
web-1                               | Django version 5.1.2, using settings 'docspot.settings'
web-1                               | Starting development server at http://0.0.0.0:8000/
web-1                               | Quit the server with CONTROL-C.
web-1                               | 
web-1                               | INFO /app/kidney/views.py changed, reloading.
web-1                               | INFO:django.utils.autoreload:/app/kidney/views.py changed, reloading.
web-1                               | INFO Watching for file changes with StatReloader
web-1                               | Performing system checks...
web-1                               | 
web-1                               | Exception in thread django-main-thread:
web-1                               | Traceback (most recent call last):
web-1                               |   File "/usr/local/lib/python3.12/threading.py", line 1075, in _bootstrap_inner
web-1                               |     self.run()
web-1                               |   File "/usr/local/lib/python3.12/threading.py", line 1012, in run
web-1                               |     self._target(*self._args, **self._kwargs)
web-1                               |   File "/usr/local/lib/python3.12/site-packages/django/utils/autoreload.py", line 64, in wrapper
web-1                               |     fn(*args, **kwargs)
web-1                               |   File "/usr/local/lib/python3.12/site-packages/django/core/management/commands/runserver.py", line 134, in inner_run
web-1                               |     self.check(display_num_errors=True)
web-1                               |   File "/usr/local/lib/python3.12/site-packages/django/core/management/base.py", line 486, in check
web-1                               |     all_issues = checks.run_checks(
web-1                               |                  ^^^^^^^^^^^^^^^^^^
web-1                               |   File "/usr/local/lib/python3.12/site-packages/django/core/checks/registry.py", line 88, in run_checks
web-1                               |     new_errors = check(app_configs=app_configs, databases=databases)
web-1                               |                  ^^^^^^^^^^^^^^^^^^^^^^^^^^^^^^^^^^^^^^^^^^^^^^^^^^^
web-1                               |   File "/usr/local/lib/python3.12/site-packages/django/core/checks/urls.py", line 44, in check_url_namespaces_unique
web-1                               |     all_namespaces = _load_all_namespaces(resolver)
web-1                               |                      ^^^^^^^^^^^^^^^^^^^^^^^^^^^^^^
web-1                               |   File "/usr/local/lib/python3.12/site-packages/django/core/checks/urls.py", line 63, in _load_all_namespaces
web-1                               |     url_patterns = getattr(resolver, "url_patterns", [])
web-1                               |                    ^^^^^^^^^^^^^^^^^^^^^^^^^^^^^^^^^^^^^
web-1                               |   File "/usr/local/lib/python3.12/site-packages/django/utils/functional.py", line 47, in __get__
web-1                               |     res = instance.__dict__[self.name] = self.func(instance)
web-1                               |                                          ^^^^^^^^^^^^^^^^^^^
web-1                               |   File "/usr/local/lib/python3.12/site-packages/django/urls/resolvers.py", line 718, in url_patterns
web-1                               |     patterns = getattr(self.urlconf_module, "urlpatterns", self.urlconf_module)
web-1                               |                        ^^^^^^^^^^^^^^^^^^^
web-1                               |   File "/usr/local/lib/python3.12/site-packages/django/utils/functional.py", line 47, in __get__
web-1                               |     res = instance.__dict__[self.name] = self.func(instance)
web-1                               |                                          ^^^^^^^^^^^^^^^^^^^
web-1                               |   File "/usr/local/lib/python3.12/site-packages/django/urls/resolvers.py", line 711, in urlconf_module
web-1                               |     return import_module(self.urlconf_name)
web-1                               |            ^^^^^^^^^^^^^^^^^^^^^^^^^^^^^^^^
web-1                               |   File "/usr/local/lib/python3.12/importlib/__init__.py", line 90, in import_module
web-1                               |     return _bootstrap._gcd_import(name[level:], package, level)
web-1                               |            ^^^^^^^^^^^^^^^^^^^^^^^^^^^^^^^^^^^^^^^^^^^^^^^^^^^^
web-1                               |   File "<frozen importlib._bootstrap>", line 1387, in _gcd_import
web-1                               |   File "<frozen importlib._bootstrap>", line 1360, in _find_and_load
web-1                               |   File "<frozen importlib._bootstrap>", line 1331, in _find_and_load_unlocked
web-1                               |   File "<frozen importlib._bootstrap>", line 935, in _load_unlocked
web-1                               |   File "<frozen importlib._bootstrap_external>", line 999, in exec_module
web-1                               |   File "<frozen importlib._bootstrap>", line 488, in _call_with_frames_removed
web-1                               |   File "/app/docspot/urls.py", line 37, in <module>
web-1                               |     path("kidney/", include("kidney.urls")),
web-1                               |                     ^^^^^^^^^^^^^^^^^^^^^^
web-1                               |   File "/usr/local/lib/python3.12/site-packages/django/urls/conf.py", line 39, in include
web-1                               |     urlconf_module = import_module(urlconf_module)
web-1                               |                      ^^^^^^^^^^^^^^^^^^^^^^^^^^^^^
web-1                               |   File "/usr/local/lib/python3.12/importlib/__init__.py", line 90, in import_module
web-1                               |     return _bootstrap._gcd_import(name[level:], package, level)
web-1                               |            ^^^^^^^^^^^^^^^^^^^^^^^^^^^^^^^^^^^^^^^^^^^^^^^^^^^^
web-1                               |   File "<frozen importlib._bootstrap>", line 1387, in _gcd_import
web-1                               |   File "<frozen importlib._bootstrap>", line 1360, in _find_and_load
web-1                               |   File "<frozen importlib._bootstrap>", line 1331, in _find_and_load_unlocked
web-1                               |   File "<frozen importlib._bootstrap>", line 935, in _load_unlocked
web-1                               |   File "<frozen importlib._bootstrap_external>", line 999, in exec_module
web-1                               |   File "<frozen importlib._bootstrap>", line 488, in _call_with_frames_removed
web-1                               |   File "/app/kidney/urls.py", line 2, in <module>
web-1                               |     from . import views
web-1                               |   File "/app/kidney/views.py", line 292
web-1                               |     print(form.errors)
web-1                               | IndentationError: unexpected indent
web-1                               | INFO /app/kidney/views.py changed, reloading.
web-1                               | INFO Watching for file changes with StatReloader
web-1                               | Performing system checks...
web-1                               | 
web-1                               | WARNING:absl:Compiled the loaded model, but the compiled metrics have yet to be built. `model.compile_metrics` will be empty until you train or evaluate the model.
web-1                               | System check identified no issues (0 silenced).
web-1                               | August 11, 2026 - 17:31:31
web-1                               | Django version 5.1.2, using settings 'docspot.settings'
web-1                               | Starting development server at http://0.0.0.0:8000/
web-1                               | Quit the server with CONTROL-C.
web-1                               | 
web-1                               | INFO /app/kidney/views.py changed, reloading.
web-1                               | INFO:django.utils.autoreload:/app/kidney/views.py changed, reloading.
web-1                               | INFO Watching for file changes with StatReloader
web-1                               | Performing system checks...
web-1                               | 
web-1                               | WARNING:absl:Compiled the loaded model, but the compiled metrics have yet to be built. `model.compile_metrics` will be empty until you train or evaluate the model.
web-1                               | System check identified no issues (0 silenced).
web-1                               | August 11, 2026 - 17:31:35
web-1                               | Django version 5.1.2, using settings 'docspot.settings'
web-1                               | Starting development server at http://0.0.0.0:8000/
web-1                               | Quit the server with CONTROL-C.
web-1                               | 
web-1                               | INFO /app/kidney/views.py changed, reloading.
web-1                               | INFO:django.utils.autoreload:/app/kidney/views.py changed, reloading.
web-1                               | INFO Watching for file changes with StatReloader
web-1                               | Performing system checks...
web-1                               | 
web-1                               | WARNING:absl:Compiled the loaded model, but the compiled metrics have yet to be built. `model.compile_metrics` will be empty until you train or evaluate the model.
web-1                               | System check identified no issues (0 silenced).
web-1                               | August 11, 2026 - 17:31:41
web-1                               | Django version 5.1.2, using settings 'docspot.settings'
web-1                               | Starting development server at http://0.0.0.0:8000/
web-1                               | Quit the server with CONTROL-C.
web-1                               | 
web-1                               | INFO /app/kidney/views.py changed, reloading.
web-1                               | INFO:django.utils.autoreload:/app/kidney/views.py changed, reloading.
web-1                               | INFO Watching for file changes with StatReloader
web-1                               | Performing system checks...
web-1                               | 
web-1                               | WARNING:absl:Compiled the loaded model, but the compiled metrics have yet to be built. `model.compile_metrics` will be empty until you train or evaluate the model.
web-1                               | System check identified no issues (0 silenced).
web-1                               | August 11, 2026 - 17:31:49
web-1                               | Django version 5.1.2, using settings 'docspot.settings'
web-1                               | Starting development server at http://0.0.0.0:8000/
web-1                               | Quit the server with CONTROL-C.
web-1                               | 
web-1                               | INFO /app/kidney/views.py changed, reloading.
web-1                               | INFO:django.utils.autoreload:/app/kidney/views.py changed, reloading.
web-1                               | INFO Watching for file changes with StatReloader
web-1                               | Performing system checks...
web-1                               | 
web-1                               | WARNING:absl:Compiled the loaded model, but the compiled metrics have yet to be built. `model.compile_metrics` will be empty until you train or evaluate the model.
web-1                               | System check identified no issues (0 silenced).
web-1                               | August 11, 2026 - 17:32:17
web-1                               | Django version 5.1.2, using settings 'docspot.settings'
web-1                               | Starting development server at http://0.0.0.0:8000/
web-1                               | Quit the server with CONTROL-C.
web-1                               | 
web-1                               | INFO /app/kidney/views.py changed, reloading.
web-1                               | INFO:django.utils.autoreload:/app/kidney/views.py changed, reloading.
web-1                               | Performing system checks...
web-1                               | 
web-1                               | INFO Watching for file changes with StatReloader
web-1                               | Exception in thread django-main-thread:
web-1                               | Traceback (most recent call last):
web-1                               |   File "/usr/local/lib/python3.12/threading.py", line 1075, in _bootstrap_inner
web-1                               |     self.run()
web-1                               |   File "/usr/local/lib/python3.12/threading.py", line 1012, in run
web-1                               |     self._target(*self._args, **self._kwargs)
web-1                               |   File "/usr/local/lib/python3.12/site-packages/django/utils/autoreload.py", line 64, in wrapper
web-1                               |     fn(*args, **kwargs)
web-1                               |   File "/usr/local/lib/python3.12/site-packages/django/core/management/commands/runserver.py", line 134, in inner_run
web-1                               |     self.check(display_num_errors=True)
web-1                               |   File "/usr/local/lib/python3.12/site-packages/django/core/management/base.py", line 486, in check
web-1                               |     all_issues = checks.run_checks(
web-1                               |                  ^^^^^^^^^^^^^^^^^^
web-1                               |   File "/usr/local/lib/python3.12/site-packages/django/core/checks/registry.py", line 88, in run_checks
web-1                               |     new_errors = check(app_configs=app_configs, databases=databases)
web-1                               |                  ^^^^^^^^^^^^^^^^^^^^^^^^^^^^^^^^^^^^^^^^^^^^^^^^^^^
web-1                               |   File "/usr/local/lib/python3.12/site-packages/django/core/checks/urls.py", line 44, in check_url_namespaces_unique
web-1                               |     all_namespaces = _load_all_namespaces(resolver)
web-1                               |                      ^^^^^^^^^^^^^^^^^^^^^^^^^^^^^^
web-1                               |   File "/usr/local/lib/python3.12/site-packages/django/core/checks/urls.py", line 63, in _load_all_namespaces
web-1                               |     url_patterns = getattr(resolver, "url_patterns", [])
web-1                               |                    ^^^^^^^^^^^^^^^^^^^^^^^^^^^^^^^^^^^^^
web-1                               |   File "/usr/local/lib/python3.12/site-packages/django/utils/functional.py", line 47, in __get__
web-1                               |     res = instance.__dict__[self.name] = self.func(instance)
web-1                               |                                          ^^^^^^^^^^^^^^^^^^^
web-1                               |   File "/usr/local/lib/python3.12/site-packages/django/urls/resolvers.py", line 718, in url_patterns
web-1                               |     patterns = getattr(self.urlconf_module, "urlpatterns", self.urlconf_module)
web-1                               |                        ^^^^^^^^^^^^^^^^^^^
web-1                               |   File "/usr/local/lib/python3.12/site-packages/django/utils/functional.py", line 47, in __get__
web-1                               |     res = instance.__dict__[self.name] = self.func(instance)
web-1                               |                                          ^^^^^^^^^^^^^^^^^^^
web-1                               |   File "/usr/local/lib/python3.12/site-packages/django/urls/resolvers.py", line 711, in urlconf_module
web-1                               |     return import_module(self.urlconf_name)
web-1                               |            ^^^^^^^^^^^^^^^^^^^^^^^^^^^^^^^^
web-1                               |   File "/usr/local/lib/python3.12/importlib/__init__.py", line 90, in import_module
web-1                               |     return _bootstrap._gcd_import(name[level:], package, level)
web-1                               |            ^^^^^^^^^^^^^^^^^^^^^^^^^^^^^^^^^^^^^^^^^^^^^^^^^^^^
web-1                               |   File "<frozen importlib._bootstrap>", line 1387, in _gcd_import
web-1                               |   File "<frozen importlib._bootstrap>", line 1360, in _find_and_load
web-1                               |   File "<frozen importlib._bootstrap>", line 1331, in _find_and_load_unlocked
web-1                               |   File "<frozen importlib._bootstrap>", line 935, in _load_unlocked
web-1                               |   File "<frozen importlib._bootstrap_external>", line 999, in exec_module
web-1                               |   File "<frozen importlib._bootstrap>", line 488, in _call_with_frames_removed
web-1                               |   File "/app/docspot/urls.py", line 37, in <module>
web-1                               |     path("kidney/", include("kidney.urls")),
web-1                               |                     ^^^^^^^^^^^^^^^^^^^^^^
web-1                               |   File "/usr/local/lib/python3.12/site-packages/django/urls/conf.py", line 39, in include
web-1                               |     urlconf_module = import_module(urlconf_module)
web-1                               |                      ^^^^^^^^^^^^^^^^^^^^^^^^^^^^^
web-1                               |   File "/usr/local/lib/python3.12/importlib/__init__.py", line 90, in import_module
web-1                               |     return _bootstrap._gcd_import(name[level:], package, level)
web-1                               |            ^^^^^^^^^^^^^^^^^^^^^^^^^^^^^^^^^^^^^^^^^^^^^^^^^^^^
web-1                               |   File "<frozen importlib._bootstrap>", line 1387, in _gcd_import
web-1                               |   File "<frozen importlib._bootstrap>", line 1360, in _find_and_load
web-1                               |   File "<frozen importlib._bootstrap>", line 1331, in _find_and_load_unlocked
web-1                               |   File "<frozen importlib._bootstrap>", line 935, in _load_unlocked
web-1                               |   File "<frozen importlib._bootstrap_external>", line 999, in exec_module
web-1                               |   File "<frozen importlib._bootstrap>", line 488, in _call_with_frames_removed
web-1                               |   File "/app/kidney/urls.py", line 2, in <module>
web-1                               |     from . import views
web-1                               |   File "/app/kidney/views.py", line 301
web-1                               |     else:
web-1                               |     ^^^^
web-1                               | SyntaxError: invalid syntax
web-1                               | INFO /app/kidney/views.py changed, reloading.
web-1                               | INFO Watching for file changes with StatReloader
web-1                               | Performing system checks...
web-1                               | 
web-1                               | Exception in thread django-main-thread:
web-1                               | Traceback (most recent call last):
web-1                               |   File "/usr/local/lib/python3.12/threading.py", line 1075, in _bootstrap_inner
web-1                               |     self.run()
web-1                               |   File "/usr/local/lib/python3.12/threading.py", line 1012, in run
web-1                               |     self._target(*self._args, **self._kwargs)
web-1                               |   File "/usr/local/lib/python3.12/site-packages/django/utils/autoreload.py", line 64, in wrapper
web-1                               |     fn(*args, **kwargs)
web-1                               |   File "/usr/local/lib/python3.12/site-packages/django/core/management/commands/runserver.py", line 134, in inner_run
web-1                               |     self.check(display_num_errors=True)
web-1                               |   File "/usr/local/lib/python3.12/site-packages/django/core/management/base.py", line 486, in check
web-1                               |     all_issues = checks.run_checks(
web-1                               |                  ^^^^^^^^^^^^^^^^^^
web-1                               |   File "/usr/local/lib/python3.12/site-packages/django/core/checks/registry.py", line 88, in run_checks
web-1                               |     new_errors = check(app_configs=app_configs, databases=databases)
web-1                               |                  ^^^^^^^^^^^^^^^^^^^^^^^^^^^^^^^^^^^^^^^^^^^^^^^^^^^
web-1                               |   File "/usr/local/lib/python3.12/site-packages/django/core/checks/urls.py", line 44, in check_url_namespaces_unique
web-1                               |     all_namespaces = _load_all_namespaces(resolver)
web-1                               |                      ^^^^^^^^^^^^^^^^^^^^^^^^^^^^^^
web-1                               |   File "/usr/local/lib/python3.12/site-packages/django/core/checks/urls.py", line 63, in _load_all_namespaces
web-1                               |     url_patterns = getattr(resolver, "url_patterns", [])
web-1                               |                    ^^^^^^^^^^^^^^^^^^^^^^^^^^^^^^^^^^^^^
web-1                               |   File "/usr/local/lib/python3.12/site-packages/django/utils/functional.py", line 47, in __get__
web-1                               |     res = instance.__dict__[self.name] = self.func(instance)
web-1                               |                                          ^^^^^^^^^^^^^^^^^^^
web-1                               |   File "/usr/local/lib/python3.12/site-packages/django/urls/resolvers.py", line 718, in url_patterns
web-1                               |     patterns = getattr(self.urlconf_module, "urlpatterns", self.urlconf_module)
web-1                               |                        ^^^^^^^^^^^^^^^^^^^
web-1                               |   File "/usr/local/lib/python3.12/site-packages/django/utils/functional.py", line 47, in __get__
web-1                               |     res = instance.__dict__[self.name] = self.func(instance)
web-1                               |                                          ^^^^^^^^^^^^^^^^^^^
web-1                               |   File "/usr/local/lib/python3.12/site-packages/django/urls/resolvers.py", line 711, in urlconf_module
web-1                               |     return import_module(self.urlconf_name)
web-1                               |            ^^^^^^^^^^^^^^^^^^^^^^^^^^^^^^^^
web-1                               |   File "/usr/local/lib/python3.12/importlib/__init__.py", line 90, in import_module
web-1                               |     return _bootstrap._gcd_import(name[level:], package, level)
web-1                               |            ^^^^^^^^^^^^^^^^^^^^^^^^^^^^^^^^^^^^^^^^^^^^^^^^^^^^
web-1                               |   File "<frozen importlib._bootstrap>", line 1387, in _gcd_import
web-1                               |   File "<frozen importlib._bootstrap>", line 1360, in _find_and_load
web-1                               |   File "<frozen importlib._bootstrap>", line 1331, in _find_and_load_unlocked
web-1                               |   File "<frozen importlib._bootstrap>", line 935, in _load_unlocked
web-1                               |   File "<frozen importlib._bootstrap_external>", line 999, in exec_module
web-1                               |   File "<frozen importlib._bootstrap>", line 488, in _call_with_frames_removed
web-1                               |   File "/app/docspot/urls.py", line 37, in <module>
web-1                               |     path("kidney/", include("kidney.urls")),
web-1                               |                     ^^^^^^^^^^^^^^^^^^^^^^
web-1                               |   File "/usr/local/lib/python3.12/site-packages/django/urls/conf.py", line 39, in include
web-1                               |     urlconf_module = import_module(urlconf_module)
web-1                               |                      ^^^^^^^^^^^^^^^^^^^^^^^^^^^^^
web-1                               |   File "/usr/local/lib/python3.12/importlib/__init__.py", line 90, in import_module
web-1                               |     return _bootstrap._gcd_import(name[level:], package, level)
web-1                               |            ^^^^^^^^^^^^^^^^^^^^^^^^^^^^^^^^^^^^^^^^^^^^^^^^^^^^
web-1                               |   File "<frozen importlib._bootstrap>", line 1387, in _gcd_import
web-1                               |   File "<frozen importlib._bootstrap>", line 1360, in _find_and_load
web-1                               |   File "<frozen importlib._bootstrap>", line 1331, in _find_and_load_unlocked
web-1                               |   File "<frozen importlib._bootstrap>", line 935, in _load_unlocked
web-1                               |   File "<frozen importlib._bootstrap_external>", line 999, in exec_module
web-1                               |   File "<frozen importlib._bootstrap>", line 488, in _call_with_frames_removed
web-1                               |   File "/app/kidney/urls.py", line 2, in <module>
web-1                               |     from . import views
web-1                               |   File "/app/kidney/views.py", line 303
web-1                               |     else:
web-1                               |     ^^^^
web-1                               | SyntaxError: invalid syntax
web-1                               | INFO /app/kidney/views.py changed, reloading.
web-1                               | INFO Watching for file changes with StatReloader
web-1                               | Performing system checks...
web-1                               | 
web-1                               | Exception in thread django-main-thread:
web-1                               | Traceback (most recent call last):
web-1                               |   File "/usr/local/lib/python3.12/threading.py", line 1075, in _bootstrap_inner
web-1                               |     self.run()
web-1                               |   File "/usr/local/lib/python3.12/threading.py", line 1012, in run
web-1                               |     self._target(*self._args, **self._kwargs)
web-1                               |   File "/usr/local/lib/python3.12/site-packages/django/utils/autoreload.py", line 64, in wrapper
web-1                               |     fn(*args, **kwargs)
web-1                               |   File "/usr/local/lib/python3.12/site-packages/django/core/management/commands/runserver.py", line 134, in inner_run
web-1                               |     self.check(display_num_errors=True)
web-1                               |   File "/usr/local/lib/python3.12/site-packages/django/core/management/base.py", line 486, in check
web-1                               |     all_issues = checks.run_checks(
web-1                               |                  ^^^^^^^^^^^^^^^^^^
web-1                               |   File "/usr/local/lib/python3.12/site-packages/django/core/checks/registry.py", line 88, in run_checks
web-1                               |     new_errors = check(app_configs=app_configs, databases=databases)
web-1                               |                  ^^^^^^^^^^^^^^^^^^^^^^^^^^^^^^^^^^^^^^^^^^^^^^^^^^^
web-1                               |   File "/usr/local/lib/python3.12/site-packages/django/core/checks/urls.py", line 44, in check_url_namespaces_unique
web-1                               |     all_namespaces = _load_all_namespaces(resolver)
web-1                               |                      ^^^^^^^^^^^^^^^^^^^^^^^^^^^^^^
web-1                               |   File "/usr/local/lib/python3.12/site-packages/django/core/checks/urls.py", line 63, in _load_all_namespaces
web-1                               |     url_patterns = getattr(resolver, "url_patterns", [])
web-1                               |                    ^^^^^^^^^^^^^^^^^^^^^^^^^^^^^^^^^^^^^
web-1                               |   File "/usr/local/lib/python3.12/site-packages/django/utils/functional.py", line 47, in __get__
web-1                               |     res = instance.__dict__[self.name] = self.func(instance)
web-1                               |                                          ^^^^^^^^^^^^^^^^^^^
web-1                               |   File "/usr/local/lib/python3.12/site-packages/django/urls/resolvers.py", line 718, in url_patterns
web-1                               |     patterns = getattr(self.urlconf_module, "urlpatterns", self.urlconf_module)
web-1                               |                        ^^^^^^^^^^^^^^^^^^^
web-1                               |   File "/usr/local/lib/python3.12/site-packages/django/utils/functional.py", line 47, in __get__
web-1                               |     res = instance.__dict__[self.name] = self.func(instance)
web-1                               |                                          ^^^^^^^^^^^^^^^^^^^
web-1                               |   File "/usr/local/lib/python3.12/site-packages/django/urls/resolvers.py", line 711, in urlconf_module
web-1                               |     return import_module(self.urlconf_name)
web-1                               |            ^^^^^^^^^^^^^^^^^^^^^^^^^^^^^^^^
web-1                               |   File "/usr/local/lib/python3.12/importlib/__init__.py", line 90, in import_module
web-1                               |     return _bootstrap._gcd_import(name[level:], package, level)
web-1                               |            ^^^^^^^^^^^^^^^^^^^^^^^^^^^^^^^^^^^^^^^^^^^^^^^^^^^^
web-1                               |   File "<frozen importlib._bootstrap>", line 1387, in _gcd_import
web-1                               |   File "<frozen importlib._bootstrap>", line 1360, in _find_and_load
web-1                               |   File "<frozen importlib._bootstrap>", line 1331, in _find_and_load_unlocked
web-1                               |   File "<frozen importlib._bootstrap>", line 935, in _load_unlocked
web-1                               |   File "<frozen importlib._bootstrap_external>", line 999, in exec_module
web-1                               |   File "<frozen importlib._bootstrap>", line 488, in _call_with_frames_removed
web-1                               |   File "/app/docspot/urls.py", line 37, in <module>
web-1                               |     path("kidney/", include("kidney.urls")),
web-1                               |                     ^^^^^^^^^^^^^^^^^^^^^^
web-1                               |   File "/usr/local/lib/python3.12/site-packages/django/urls/conf.py", line 39, in include
web-1                               |     urlconf_module = import_module(urlconf_module)
web-1                               |                      ^^^^^^^^^^^^^^^^^^^^^^^^^^^^^
web-1                               |   File "/usr/local/lib/python3.12/importlib/__init__.py", line 90, in import_module
web-1                               |     return _bootstrap._gcd_import(name[level:], package, level)
web-1                               |            ^^^^^^^^^^^^^^^^^^^^^^^^^^^^^^^^^^^^^^^^^^^^^^^^^^^^
web-1                               |   File "<frozen importlib._bootstrap>", line 1387, in _gcd_import
web-1                               |   File "<frozen importlib._bootstrap>", line 1360, in _find_and_load
web-1                               |   File "<frozen importlib._bootstrap>", line 1331, in _find_and_load_unlocked
web-1                               |   File "<frozen importlib._bootstrap>", line 935, in _load_unlocked
web-1                               |   File "<frozen importlib._bootstrap_external>", line 999, in exec_module
web-1                               |   File "<frozen importlib._bootstrap>", line 488, in _call_with_frames_removed
web-1                               |   File "/app/kidney/urls.py", line 2, in <module>
web-1                               |     from . import views
web-1                               |   File "/app/kidney/views.py", line 279
web-1                               |     except Exception as e:
web-1                               | SyntaxError: expected 'except' or 'finally' block
web-1                               | INFO /app/kidney/views.py changed, reloading.
web-1                               | INFO Watching for file changes with StatReloader
web-1                               | Performing system checks...
web-1                               | 
web-1                               | Exception in thread django-main-thread:
web-1                               | Traceback (most recent call last):
web-1                               |   File "/usr/local/lib/python3.12/threading.py", line 1075, in _bootstrap_inner
web-1                               |     self.run()
web-1                               |   File "/usr/local/lib/python3.12/threading.py", line 1012, in run
web-1                               |     self._target(*self._args, **self._kwargs)
web-1                               |   File "/usr/local/lib/python3.12/site-packages/django/utils/autoreload.py", line 64, in wrapper
web-1                               |     fn(*args, **kwargs)
web-1                               |   File "/usr/local/lib/python3.12/site-packages/django/core/management/commands/runserver.py", line 134, in inner_run
web-1                               |     self.check(display_num_errors=True)
web-1                               |   File "/usr/local/lib/python3.12/site-packages/django/core/management/base.py", line 486, in check
web-1                               |     all_issues = checks.run_checks(
web-1                               |                  ^^^^^^^^^^^^^^^^^^
web-1                               |   File "/usr/local/lib/python3.12/site-packages/django/core/checks/registry.py", line 88, in run_checks
web-1                               |     new_errors = check(app_configs=app_configs, databases=databases)
web-1                               |                  ^^^^^^^^^^^^^^^^^^^^^^^^^^^^^^^^^^^^^^^^^^^^^^^^^^^
web-1                               |   File "/usr/local/lib/python3.12/site-packages/django/core/checks/urls.py", line 44, in check_url_namespaces_unique
web-1                               |     all_namespaces = _load_all_namespaces(resolver)
web-1                               |                      ^^^^^^^^^^^^^^^^^^^^^^^^^^^^^^
web-1                               |   File "/usr/local/lib/python3.12/site-packages/django/core/checks/urls.py", line 63, in _load_all_namespaces
web-1                               |     url_patterns = getattr(resolver, "url_patterns", [])
web-1                               |                    ^^^^^^^^^^^^^^^^^^^^^^^^^^^^^^^^^^^^^
web-1                               |   File "/usr/local/lib/python3.12/site-packages/django/utils/functional.py", line 47, in __get__
web-1                               |     res = instance.__dict__[self.name] = self.func(instance)
web-1                               |                                          ^^^^^^^^^^^^^^^^^^^
web-1                               |   File "/usr/local/lib/python3.12/site-packages/django/urls/resolvers.py", line 718, in url_patterns
web-1                               |     patterns = getattr(self.urlconf_module, "urlpatterns", self.urlconf_module)
web-1                               |                        ^^^^^^^^^^^^^^^^^^^
web-1                               |   File "/usr/local/lib/python3.12/site-packages/django/utils/functional.py", line 47, in __get__
web-1                               |     res = instance.__dict__[self.name] = self.func(instance)
web-1                               |                                          ^^^^^^^^^^^^^^^^^^^
web-1                               |   File "/usr/local/lib/python3.12/site-packages/django/urls/resolvers.py", line 711, in urlconf_module
web-1                               |     return import_module(self.urlconf_name)
web-1                               |            ^^^^^^^^^^^^^^^^^^^^^^^^^^^^^^^^
web-1                               |   File "/usr/local/lib/python3.12/importlib/__init__.py", line 90, in import_module
web-1                               |     return _bootstrap._gcd_import(name[level:], package, level)
web-1                               |            ^^^^^^^^^^^^^^^^^^^^^^^^^^^^^^^^^^^^^^^^^^^^^^^^^^^^
web-1                               |   File "<frozen importlib._bootstrap>", line 1387, in _gcd_import
web-1                               |   File "<frozen importlib._bootstrap>", line 1360, in _find_and_load
web-1                               |   File "<frozen importlib._bootstrap>", line 1331, in _find_and_load_unlocked
web-1                               |   File "<frozen importlib._bootstrap>", line 935, in _load_unlocked
web-1                               |   File "<frozen importlib._bootstrap_external>", line 999, in exec_module
web-1                               |   File "<frozen importlib._bootstrap>", line 488, in _call_with_frames_removed
web-1                               |   File "/app/docspot/urls.py", line 37, in <module>
web-1                               |     path("kidney/", include("kidney.urls")),
web-1                               |                     ^^^^^^^^^^^^^^^^^^^^^^
web-1                               |   File "/usr/local/lib/python3.12/site-packages/django/urls/conf.py", line 39, in include
web-1                               |     urlconf_module = import_module(urlconf_module)
web-1                               |                      ^^^^^^^^^^^^^^^^^^^^^^^^^^^^^
web-1                               |   File "/usr/local/lib/python3.12/importlib/__init__.py", line 90, in import_module
web-1                               |     return _bootstrap._gcd_import(name[level:], package, level)
web-1                               |            ^^^^^^^^^^^^^^^^^^^^^^^^^^^^^^^^^^^^^^^^^^^^^^^^^^^^
web-1                               |   File "<frozen importlib._bootstrap>", line 1387, in _gcd_import
web-1                               |   File "<frozen importlib._bootstrap>", line 1360, in _find_and_load
web-1                               |   File "<frozen importlib._bootstrap>", line 1331, in _find_and_load_unlocked
web-1                               |   File "<frozen importlib._bootstrap>", line 935, in _load_unlocked
web-1                               |   File "<frozen importlib._bootstrap_external>", line 999, in exec_module
web-1                               |   File "<frozen importlib._bootstrap>", line 488, in _call_with_frames_removed
web-1                               |   File "/app/kidney/urls.py", line 2, in <module>
web-1                               |     from . import views
web-1                               |   File "/app/kidney/views.py", line 303
web-1                               |     else:
web-1                               |     ^^^^
web-1                               | SyntaxError: invalid syntax
web-1                               | INFO /app/kidney/views.py changed, reloading.
web-1                               | INFO Watching for file changes with StatReloader
web-1                               | Performing system checks...
web-1                               | 
web-1                               | Exception in thread django-main-thread:
web-1                               | Traceback (most recent call last):
web-1                               |   File "/usr/local/lib/python3.12/threading.py", line 1075, in _bootstrap_inner
web-1                               |     self.run()
web-1                               |   File "/usr/local/lib/python3.12/threading.py", line 1012, in run
web-1                               |     self._target(*self._args, **self._kwargs)
web-1                               |   File "/usr/local/lib/python3.12/site-packages/django/utils/autoreload.py", line 64, in wrapper
web-1                               |     fn(*args, **kwargs)
web-1                               |   File "/usr/local/lib/python3.12/site-packages/django/core/management/commands/runserver.py", line 134, in inner_run
web-1                               |     self.check(display_num_errors=True)
web-1                               |   File "/usr/local/lib/python3.12/site-packages/django/core/management/base.py", line 486, in check
web-1                               |     all_issues = checks.run_checks(
web-1                               |                  ^^^^^^^^^^^^^^^^^^
web-1                               |   File "/usr/local/lib/python3.12/site-packages/django/core/checks/registry.py", line 88, in run_checks
web-1                               |     new_errors = check(app_configs=app_configs, databases=databases)
web-1                               |                  ^^^^^^^^^^^^^^^^^^^^^^^^^^^^^^^^^^^^^^^^^^^^^^^^^^^
web-1                               |   File "/usr/local/lib/python3.12/site-packages/django/core/checks/urls.py", line 44, in check_url_namespaces_unique
web-1                               |     all_namespaces = _load_all_namespaces(resolver)
web-1                               |                      ^^^^^^^^^^^^^^^^^^^^^^^^^^^^^^
web-1                               |   File "/usr/local/lib/python3.12/site-packages/django/core/checks/urls.py", line 63, in _load_all_namespaces
web-1                               |     url_patterns = getattr(resolver, "url_patterns", [])
web-1                               |                    ^^^^^^^^^^^^^^^^^^^^^^^^^^^^^^^^^^^^^
web-1                               |   File "/usr/local/lib/python3.12/site-packages/django/utils/functional.py", line 47, in __get__
web-1                               |     res = instance.__dict__[self.name] = self.func(instance)
web-1                               |                                          ^^^^^^^^^^^^^^^^^^^
web-1                               |   File "/usr/local/lib/python3.12/site-packages/django/urls/resolvers.py", line 718, in url_patterns
web-1                               |     patterns = getattr(self.urlconf_module, "urlpatterns", self.urlconf_module)
web-1                               |                        ^^^^^^^^^^^^^^^^^^^
web-1                               |   File "/usr/local/lib/python3.12/site-packages/django/utils/functional.py", line 47, in __get__
web-1                               |     res = instance.__dict__[self.name] = self.func(instance)
web-1                               |                                          ^^^^^^^^^^^^^^^^^^^
web-1                               |   File "/usr/local/lib/python3.12/site-packages/django/urls/resolvers.py", line 711, in urlconf_module
web-1                               |     return import_module(self.urlconf_name)
web-1                               |            ^^^^^^^^^^^^^^^^^^^^^^^^^^^^^^^^
web-1                               |   File "/usr/local/lib/python3.12/importlib/__init__.py", line 90, in import_module
web-1                               |     return _bootstrap._gcd_import(name[level:], package, level)
web-1                               |            ^^^^^^^^^^^^^^^^^^^^^^^^^^^^^^^^^^^^^^^^^^^^^^^^^^^^
web-1                               |   File "<frozen importlib._bootstrap>", line 1387, in _gcd_import
web-1                               |   File "<frozen importlib._bootstrap>", line 1360, in _find_and_load
web-1                               |   File "<frozen importlib._bootstrap>", line 1331, in _find_and_load_unlocked
web-1                               |   File "<frozen importlib._bootstrap>", line 935, in _load_unlocked
web-1                               |   File "<frozen importlib._bootstrap_external>", line 999, in exec_module
web-1                               |   File "<frozen importlib._bootstrap>", line 488, in _call_with_frames_removed
web-1                               |   File "/app/docspot/urls.py", line 37, in <module>
web-1                               |     path("kidney/", include("kidney.urls")),
web-1                               |                     ^^^^^^^^^^^^^^^^^^^^^^
web-1                               |   File "/usr/local/lib/python3.12/site-packages/django/urls/conf.py", line 39, in include
web-1                               |     urlconf_module = import_module(urlconf_module)
web-1                               |                      ^^^^^^^^^^^^^^^^^^^^^^^^^^^^^
web-1                               |   File "/usr/local/lib/python3.12/importlib/__init__.py", line 90, in import_module
web-1                               |     return _bootstrap._gcd_import(name[level:], package, level)
web-1                               |            ^^^^^^^^^^^^^^^^^^^^^^^^^^^^^^^^^^^^^^^^^^^^^^^^^^^^
web-1                               |   File "<frozen importlib._bootstrap>", line 1387, in _gcd_import
web-1                               |   File "<frozen importlib._bootstrap>", line 1360, in _find_and_load
web-1                               |   File "<frozen importlib._bootstrap>", line 1331, in _find_and_load_unlocked
web-1                               |   File "<frozen importlib._bootstrap>", line 935, in _load_unlocked
web-1                               |   File "<frozen importlib._bootstrap_external>", line 999, in exec_module
web-1                               |   File "<frozen importlib._bootstrap>", line 488, in _call_with_frames_removed
web-1                               |   File "/app/kidney/urls.py", line 2, in <module>
web-1                               |     from . import views
web-1                               |   File "/app/kidney/views.py", line 293
web-1                               |     print("=== FORM INVALID ===")
web-1                               |     ^^^^^
web-1                               | IndentationError: expected an indented block after 'else' statement on line 292
web-1                               | INFO /app/kidney/views.py changed, reloading.
web-1                               | INFO Watching for file changes with StatReloader
web-1                               | Performing system checks...
web-1                               | 
web-1                               | WARNING:absl:Compiled the loaded model, but the compiled metrics have yet to be built. `model.compile_metrics` will be empty until you train or evaluate the model.
web-1                               | System check identified no issues (0 silenced).
web-1                               | August 11, 2026 - 17:33:21
web-1                               | Django version 5.1.2, using settings 'docspot.settings'
web-1                               | Starting development server at http://0.0.0.0:8000/
web-1                               | Quit the server with CONTROL-C.
web-1                               | 
web-1                               | INFO /app/kidney/views.py changed, reloading.
web-1                               | INFO:django.utils.autoreload:/app/kidney/views.py changed, reloading.
web-1                               | INFO Watching for file changes with StatReloader
web-1                               | Performing system checks...
web-1                               | 
web-1                               | WARNING:absl:Compiled the loaded model, but the compiled metrics have yet to be built. `model.compile_metrics` will be empty until you train or evaluate the model.
web-1                               | System check identified no issues (0 silenced).
web-1                               | August 11, 2026 - 17:33:37
web-1                               | Django version 5.1.2, using settings 'docspot.settings'
web-1                               | Starting development server at http://0.0.0.0:8000/
web-1                               | Quit the server with CONTROL-C.
web-1                               | 
web-1                               | INFO /app/heart/clinical_interpretation.py changed, reloading.
web-1                               | INFO:django.utils.autoreload:/app/heart/clinical_interpretation.py changed, reloading.
web-1                               | INFO Watching for file changes with StatReloader
web-1                               | Performing system checks...
web-1                               | 
web-1                               | WARNING:absl:Compiled the loaded model, but the compiled metrics have yet to be built. `model.compile_metrics` will be empty until you train or evaluate the model.
web-1                               | System check identified no issues (0 silenced).
web-1                               | August 11, 2026 - 17:33:49
web-1                               | Django version 5.1.2, using settings 'docspot.settings'
web-1                               | Starting development server at http://0.0.0.0:8000/
web-1                               | Quit the server with CONTROL-C.
web-1                               | 
web-1                               | INFO /app/kidney/views.py changed, reloading.
web-1                               | INFO:django.utils.autoreload:/app/kidney/views.py changed, reloading.
web-1                               | INFO Watching for file changes with StatReloader
web-1                               | Performing system checks...
web-1                               | 
web-1                               | WARNING:absl:Compiled the loaded model, but the compiled metrics have yet to be built. `model.compile_metrics` will be empty until you train or evaluate the model.
web-1                               | System check identified no issues (0 silenced).
web-1                               | August 11, 2026 - 17:35:19
web-1                               | Django version 5.1.2, using settings 'docspot.settings'
web-1                               | Starting development server at http://0.0.0.0:8000/
web-1                               | Quit the server with CONTROL-C.
web-1                               | 
web-1                               | INFO /app/kidney/views.py changed, reloading.
web-1                               | INFO:django.utils.autoreload:/app/kidney/views.py changed, reloading.
web-1                               | INFO Watching for file changes with StatReloader
web-1                               | Performing system checks...
web-1                               | 
web-1                               | WARNING:absl:Compiled the loaded model, but the compiled metrics have yet to be built. `model.compile_metrics` will be empty until you train or evaluate the model.
web-1                               | System check identified no issues (0 silenced).
web-1                               | August 11, 2026 - 17:35:30
web-1                               | Django version 5.1.2, using settings 'docspot.settings'
web-1                               | Starting development server at http://0.0.0.0:8000/
web-1                               | Quit the server with CONTROL-C.
web-1                               | 
web-1                               | INFO /app/kidney/views.py changed, reloading.
web-1                               | INFO:django.utils.autoreload:/app/kidney/views.py changed, reloading.
web-1                               | INFO Watching for file changes with StatReloader
web-1                               | Performing system checks...
web-1                               | 
web-1                               | WARNING:absl:Compiled the loaded model, but the compiled metrics have yet to be built. `model.compile_metrics` will be empty until you train or evaluate the model.
web-1                               | System check identified no issues (0 silenced).
web-1                               | August 11, 2026 - 17:37:13
web-1                               | Django version 5.1.2, using settings 'docspot.settings'
web-1                               | Starting development server at http://0.0.0.0:8000/
web-1                               | Quit the server with CONTROL-C.
web-1                               | 
web-1                               | INFO /app/kidney/views.py changed, reloading.
web-1                               | INFO:django.utils.autoreload:/app/kidney/views.py changed, reloading.
web-1                               | INFO Watching for file changes with StatReloader
web-1                               | Performing system checks...
web-1                               | 
web-1                               | WARNING:absl:Compiled the loaded model, but the compiled metrics have yet to be built. `model.compile_metrics` will be empty until you train or evaluate the model.
web-1                               | System check identified no issues (0 silenced).
web-1                               | August 11, 2026 - 17:37:30
web-1                               | Django version 5.1.2, using settings 'docspot.settings'
web-1                               | Starting development server at http://0.0.0.0:8000/
web-1                               | Quit the server with CONTROL-C.
web-1                               | 
web-1                               | DEBUG Dashboard Metrics: {'count_green': 0, 'count_yellow': 1, 'count_red': 2, 'total_predictions': 3, 'health_score': 0.5, 'health_percentage': 17, 'health_status': 'High Risk', 'status_color': 'danger'}
web-1                               | INFO "GET /home/ HTTP/1.1" 200 35418
web-1                               | INFO:django.server:"GET /home/ HTTP/1.1" 200 35418
web-1                               | WARNING Not Found: /favicon.ico
web-1                               | WARNING:django.request:Not Found: /favicon.ico
web-1                               | WARNING Not Found: /apple-touch-icon-precomposed.png
web-1                               | WARNING Not Found: /apple-touch-icon.png
web-1                               | WARNING:django.request:Not Found: /apple-touch-icon-precomposed.png
web-1                               | WARNING:django.request:Not Found: /apple-touch-icon.png
web-1                               | WARNING "GET /apple-touch-icon-precomposed.png HTTP/1.1" 404 7964
web-1                               | WARNING:django.server:"GET /apple-touch-icon-precomposed.png HTTP/1.1" 404 7964
web-1                               | WARNING "GET /apple-touch-icon.png HTTP/1.1" 404 7928
web-1                               | WARNING:django.server:"GET /apple-touch-icon.png HTTP/1.1" 404 7928
web-1                               | WARNING "GET /favicon.ico HTTP/1.1" 404 7901
web-1                               | WARNING:django.server:"GET /favicon.ico HTTP/1.1" 404 7901
web-1                               | === RENDERING PREDICTION FORM ===
web-1                               | INFO "GET /kidney/predict/ HTTP/1.1" 200 15466
web-1                               | INFO:django.server:"GET /kidney/predict/ HTTP/1.1" 200 15466
web-1                               | INFO /app/kidney/views.py changed, reloading.
web-1                               | INFO:django.utils.autoreload:/app/kidney/views.py changed, reloading.
web-1                               | INFO Watching for file changes with StatReloader
web-1                               | Performing system checks...
web-1                               | 
web-1                               | WARNING:absl:Compiled the loaded model, but the compiled metrics have yet to be built. `model.compile_metrics` will be empty until you train or evaluate the model.
web-1                               | System check identified no issues (0 silenced).
web-1                               | August 11, 2026 - 17:38:12
web-1                               | Django version 5.1.2, using settings 'docspot.settings'
web-1                               | Starting development server at http://0.0.0.0:8000/
web-1                               | Quit the server with CONTROL-C.
web-1                               | 
web-1                               | INFO /app/kidney/views.py changed, reloading.
web-1                               | INFO:django.utils.autoreload:/app/kidney/views.py changed, reloading.
web-1                               | INFO Watching for file changes with StatReloader
web-1                               | Performing system checks...
web-1                               | 
web-1                               | WARNING:absl:Compiled the loaded model, but the compiled metrics have yet to be built. `model.compile_metrics` will be empty until you train or evaluate the model.
web-1                               | System check identified no issues (0 silenced).
web-1                               | August 11, 2026 - 17:38:17
web-1                               | Django version 5.1.2, using settings 'docspot.settings'
web-1                               | Starting development server at http://0.0.0.0:8000/
web-1                               | Quit the server with CONTROL-C.
web-1                               | 
web-1                               | === RENDERING PREDICTION FORM ===
web-1                               | INFO "GET /kidney/predict/ HTTP/1.1" 200 15328
web-1                               | INFO:django.server:"GET /kidney/predict/ HTTP/1.1" 200 15328
web-1                               | INFO /app/kidney/views.py changed, reloading.
web-1                               | INFO:django.utils.autoreload:/app/kidney/views.py changed, reloading.
web-1                               | INFO Watching for file changes with StatReloader
web-1                               | Performing system checks...
web-1                               | 
web-1                               | WARNING:absl:Compiled the loaded model, but the compiled metrics have yet to be built. `model.compile_metrics` will be empty until you train or evaluate the model.
web-1                               | System check identified no issues (0 silenced).
web-1                               | August 11, 2026 - 17:39:12
web-1                               | Django version 5.1.2, using settings 'docspot.settings'
web-1                               | Starting development server at http://0.0.0.0:8000/
web-1                               | Quit the server with CONTROL-C.
web-1                               | 
web-1                               | INFO /app/kidney/views.py changed, reloading.
web-1                               | INFO:django.utils.autoreload:/app/kidney/views.py changed, reloading.
web-1                               | INFO Watching for file changes with StatReloader
web-1                               | Performing system checks...
web-1                               | 
web-1                               | WARNING:absl:Compiled the loaded model, but the compiled metrics have yet to be built. `model.compile_metrics` will be empty until you train or evaluate the model.
web-1                               | System check identified no issues (0 silenced).
web-1                               | August 11, 2026 - 17:39:46
web-1                               | Django version 5.1.2, using settings 'docspot.settings'
web-1                               | Starting development server at http://0.0.0.0:8000/
web-1                               | Quit the server with CONTROL-C.
web-1                               | 
web-1                               | === RENDERING PREDICTION FORM ===
web-1                               | INFO "GET /kidney/predict/ HTTP/1.1" 200 22038
web-1                               | INFO:django.server:"GET /kidney/predict/ HTTP/1.1" 200 22038
web-1                               | === EXCEPTION ===
web-1                               | ERROR:kidney.views:Error during kidney prediction: If using all scalar values, you must pass an index
web-1                               | Traceback (most recent call last):
web-1                               |   File "/app/kidney/views.py", line 190, in predict_kidney_disease
web-1                               |     input_data = process_kidney_data(data_for_prediction)
web-1                               |                  ^^^^^^^^^^^^^^^^^^^^^^^^^^^^^^^^^^^^^^^^
web-1                               |   File "/app/kidney/views.py", line 75, in process_kidney_data
web-1                               |     df = pd.DataFrame(data)
web-1                               |          ^^^^^^^^^^^^^^^^^^
web-1                               |   File "/usr/local/lib/python3.12/site-packages/pandas/core/frame.py", line 778, in __init__
web-1                               |     mgr = dict_to_mgr(data, index, columns, dtype=dtype, copy=copy, typ=manager)
web-1                               |           ^^^^^^^^^^^^^^^^^^^^^^^^^^^^^^^^^^^^^^^^^^^^^^^^^^^^^^^^^^^^^^^^^^^^^^
web-1                               |   File "/usr/local/lib/python3.12/site-packages/pandas/core/internals/construction.py", line 503, in dict_to_mgr
web-1                               |     return arrays_to_mgr(arrays, columns, index, dtype=dtype, typ=typ, consolidate=copy)
web-1                               |            ^^^^^^^^^^^^^^^^^^^^^^^^^^^^^^^^^^^^^^^^^^^^^^^^^^^^^^^^^^^^^^^^^^^^^^^^^^^^^
web-1                               |   File "/usr/local/lib/python3.12/site-packages/pandas/core/internals/construction.py", line 114, in arrays_to_mgr
web-1                               |     index = _extract_index(arrays)
web-1                               |             ^^^^^^^^^^^^^^^^^^^^^^
web-1                               |   File "/usr/local/lib/python3.12/site-packages/pandas/core/internals/construction.py", line 667, in _extract_index
web-1                               |     raise ValueError("If using all scalar values, you must pass an index")
web-1                               | ValueError: If using all scalar values, you must pass an index
web-1                               | INFO "POST /kidney/predict/ HTTP/1.1" 200 22260
web-1                               | INFO:django.server:"POST /kidney/predict/ HTTP/1.1" 200 22260
web-1                               | INFO /app/kidney/views.py changed, reloading.
web-1                               | INFO:django.utils.autoreload:/app/kidney/views.py changed, reloading.
web-1                               | INFO Watching for file changes with StatReloader
web-1                               | Performing system checks...
web-1                               | 
web-1                               | WARNING:absl:Compiled the loaded model, but the compiled metrics have yet to be built. `model.compile_metrics` will be empty until you train or evaluate the model.
web-1                               | System check identified no issues (0 silenced).
web-1                               | August 11, 2026 - 17:42:39
web-1                               | Django version 5.1.2, using settings 'docspot.settings'
web-1                               | Starting development server at http://0.0.0.0:8000/
web-1                               | Quit the server with CONTROL-C.
web-1                               | 
web-1                               | INFO /app/kidney/views.py changed, reloading.
web-1                               | INFO:django.utils.autoreload:/app/kidney/views.py changed, reloading.
web-1                               | INFO Watching for file changes with StatReloader
web-1                               | Performing system checks...
web-1                               | 
web-1                               | WARNING:absl:Compiled the loaded model, but the compiled metrics have yet to be built. `model.compile_metrics` will be empty until you train or evaluate the model.
web-1                               | System check identified no issues (0 silenced).
web-1                               | August 11, 2026 - 17:43:11
web-1                               | Django version 5.1.2, using settings 'docspot.settings'
web-1                               | Starting development server at http://0.0.0.0:8000/
web-1                               | Quit the server with CONTROL-C.
web-1                               | 
web-1                               | INFO /app/kidney/views.py changed, reloading.
web-1                               | INFO:django.utils.autoreload:/app/kidney/views.py changed, reloading.
web-1                               | INFO Watching for file changes with StatReloader
web-1                               | Performing system checks...
web-1                               | 
web-1                               | WARNING:absl:Compiled the loaded model, but the compiled metrics have yet to be built. `model.compile_metrics` will be empty until you train or evaluate the model.
web-1                               | System check identified no issues (0 silenced).
web-1                               | August 11, 2026 - 17:43:54
web-1                               | Django version 5.1.2, using settings 'docspot.settings'
web-1                               | Starting development server at http://0.0.0.0:8000/
web-1                               | Quit the server with CONTROL-C.
web-1                               | 
web-1                               | INFO /app/kidney/views.py changed, reloading.
web-1                               | INFO:django.utils.autoreload:/app/kidney/views.py changed, reloading.
web-1                               | INFO Watching for file changes with StatReloader
web-1                               | Performing system checks...
web-1                               | 
web-1                               | WARNING:absl:Compiled the loaded model, but the compiled metrics have yet to be built. `model.compile_metrics` will be empty until you train or evaluate the model.
web-1                               | System check identified no issues (0 silenced).
web-1                               | August 11, 2026 - 17:44:47
web-1                               | Django version 5.1.2, using settings 'docspot.settings'
web-1                               | Starting development server at http://0.0.0.0:8000/
web-1                               | Quit the server with CONTROL-C.
web-1                               | 
web-1                               | === ENTERED TRY BLOCK ===
web-1                               | === EXCEPTION ===
web-1                               | ERROR:kidney.views:Error during kidney prediction: If using all scalar values, you must pass an index
web-1                               | Traceback (most recent call last):
web-1                               |   File "/app/kidney/views.py", line 193, in predict_kidney_disease
web-1                               |     input_data = process_kidney_data(data_for_prediction)
web-1                               |                  ^^^^^^^^^^^^^^^^^^^^^^^^^^^^^^^^^^^^^^^^
web-1                               |   File "/app/kidney/views.py", line 75, in process_kidney_data
web-1                               |     df = pd.DataFrame(data)
web-1                               |          ^^^^^^^^^^^^^^^^^^
web-1                               |   File "/usr/local/lib/python3.12/site-packages/pandas/core/frame.py", line 778, in __init__
web-1                               |     mgr = dict_to_mgr(data, index, columns, dtype=dtype, copy=copy, typ=manager)
web-1                               |           ^^^^^^^^^^^^^^^^^^^^^^^^^^^^^^^^^^^^^^^^^^^^^^^^^^^^^^^^^^^^^^^^^^^^^^
web-1                               |   File "/usr/local/lib/python3.12/site-packages/pandas/core/internals/construction.py", line 503, in dict_to_mgr
web-1                               |     return arrays_to_mgr(arrays, columns, index, dtype=dtype, typ=typ, consolidate=copy)
web-1                               |            ^^^^^^^^^^^^^^^^^^^^^^^^^^^^^^^^^^^^^^^^^^^^^^^^^^^^^^^^^^^^^^^^^^^^^^^^^^^^^
web-1                               |   File "/usr/local/lib/python3.12/site-packages/pandas/core/internals/construction.py", line 114, in arrays_to_mgr
web-1                               |     index = _extract_index(arrays)
web-1                               |             ^^^^^^^^^^^^^^^^^^^^^^
web-1                               |   File "/usr/local/lib/python3.12/site-packages/pandas/core/internals/construction.py", line 667, in _extract_index
web-1                               |     raise ValueError("If using all scalar values, you must pass an index")
web-1                               | ValueError: If using all scalar values, you must pass an index
web-1                               | INFO "POST /kidney/predict/ HTTP/1.1" 200 22260
web-1                               | INFO:django.server:"POST /kidney/predict/ HTTP/1.1" 200 22260
web-1                               | INFO /app/kidney/views.py changed, reloading.
web-1                               | INFO:django.utils.autoreload:/app/kidney/views.py changed, reloading.
web-1                               | INFO Watching for file changes with StatReloader
web-1                               | Performing system checks...
web-1                               | 
web-1                               | WARNING:absl:Compiled the loaded model, but the compiled metrics have yet to be built. `model.compile_metrics` will be empty until you train or evaluate the model.
web-1                               | System check identified no issues (0 silenced).
web-1                               | August 11, 2026 - 17:46:57
web-1                               | Django version 5.1.2, using settings 'docspot.settings'
web-1                               | Starting development server at http://0.0.0.0:8000/
web-1                               | Quit the server with CONTROL-C.
web-1                               | 
web-1                               | INFO /app/kidney/views.py changed, reloading.
web-1                               | INFO:django.utils.autoreload:/app/kidney/views.py changed, reloading.
web-1                               | INFO Watching for file changes with StatReloader
web-1                               | Performing system checks...
web-1                               | 
web-1                               | WARNING:absl:Compiled the loaded model, but the compiled metrics have yet to be built. `model.compile_metrics` will be empty until you train or evaluate the model.
web-1                               | System check identified no issues (0 silenced).
web-1                               | August 11, 2026 - 17:47:21
web-1                               | Django version 5.1.2, using settings 'docspot.settings'
web-1                               | Starting development server at http://0.0.0.0:8000/
web-1                               | Quit the server with CONTROL-C.
web-1                               | 
web-1                               | INFO /app/kidney/views.py changed, reloading.
web-1                               | INFO:django.utils.autoreload:/app/kidney/views.py changed, reloading.
web-1                               | INFO Watching for file changes with StatReloader
web-1                               | Performing system checks...
web-1                               | 
web-1                               | WARNING:absl:Compiled the loaded model, but the compiled metrics have yet to be built. `model.compile_metrics` will be empty until you train or evaluate the model.
web-1                               | System check identified no issues (0 silenced).
web-1                               | August 11, 2026 - 17:47:27
web-1                               | Django version 5.1.2, using settings 'docspot.settings'
web-1                               | Starting development server at http://0.0.0.0:8000/
web-1                               | Quit the server with CONTROL-C.
web-1                               | 
web-1                               | INFO /app/kidney/views.py changed, reloading.
web-1                               | INFO:django.utils.autoreload:/app/kidney/views.py changed, reloading.
web-1                               | INFO Watching for file changes with StatReloader
web-1                               | Performing system checks...
web-1                               | 
web-1                               | WARNING:absl:Compiled the loaded model, but the compiled metrics have yet to be built. `model.compile_metrics` will be empty until you train or evaluate the model.
web-1                               | System check identified no issues (0 silenced).
web-1                               | August 11, 2026 - 17:47:33
web-1                               | Django version 5.1.2, using settings 'docspot.settings'
web-1                               | Starting development server at http://0.0.0.0:8000/
web-1                               | Quit the server with CONTROL-C.
web-1                               | 
web-1                               | INFO /app/kidney/views.py changed, reloading.
web-1                               | INFO:django.utils.autoreload:/app/kidney/views.py changed, reloading.
web-1                               | INFO Watching for file changes with StatReloader
web-1                               | Performing system checks...
web-1                               | 
web-1                               | WARNING:absl:Compiled the loaded model, but the compiled metrics have yet to be built. `model.compile_metrics` will be empty until you train or evaluate the model.
web-1                               | System check identified no issues (0 silenced).
web-1                               | August 11, 2026 - 17:47:39
web-1                               | Django version 5.1.2, using settings 'docspot.settings'
web-1                               | Starting development server at http://0.0.0.0:8000/
web-1                               | Quit the server with CONTROL-C.
web-1                               | 
web-1                               | INFO /app/kidney/views.py changed, reloading.
web-1                               | INFO:django.utils.autoreload:/app/kidney/views.py changed, reloading.
web-1                               | INFO Watching for file changes with StatReloader
web-1                               | Performing system checks...
web-1                               | 
web-1                               | WARNING:absl:Compiled the loaded model, but the compiled metrics have yet to be built. `model.compile_metrics` will be empty until you train or evaluate the model.
web-1                               | System check identified no issues (0 silenced).
web-1                               | August 11, 2026 - 17:47:58
web-1                               | Django version 5.1.2, using settings 'docspot.settings'
web-1                               | Starting development server at http://0.0.0.0:8000/
web-1                               | Quit the server with CONTROL-C.
web-1                               | 
web-1                               | INFO /app/kidney/views.py changed, reloading.
web-1                               | INFO:django.utils.autoreload:/app/kidney/views.py changed, reloading.
web-1                               | INFO Watching for file changes with StatReloader
web-1                               | Performing system checks...
web-1                               | 
web-1                               | WARNING:absl:Compiled the loaded model, but the compiled metrics have yet to be built. `model.compile_metrics` will be empty until you train or evaluate the model.
web-1                               | System check identified no issues (0 silenced).
web-1                               | August 11, 2026 - 17:48:04
web-1                               | Django version 5.1.2, using settings 'docspot.settings'
web-1                               | Starting development server at http://0.0.0.0:8000/
web-1                               | Quit the server with CONTROL-C.
web-1                               | 
web-1                               | INFO /app/kidney/views.py changed, reloading.
web-1                               | INFO:django.utils.autoreload:/app/kidney/views.py changed, reloading.
web-1                               | INFO Watching for file changes with StatReloader
web-1                               | Performing system checks...
web-1                               | 
web-1                               | WARNING:absl:Compiled the loaded model, but the compiled metrics have yet to be built. `model.compile_metrics` will be empty until you train or evaluate the model.
web-1                               | System check identified no issues (0 silenced).
web-1                               | August 11, 2026 - 17:48:16
web-1                               | Django version 5.1.2, using settings 'docspot.settings'
web-1                               | Starting development server at http://0.0.0.0:8000/
web-1                               | Quit the server with CONTROL-C.
web-1                               | 
web-1                               | === ENTERED TRY BLOCK ===
web-1                               | === EXCEPTION ===
web-1                               | ERROR:kidney.views:Error during kidney prediction: If using all scalar values, you must pass an index
web-1                               | Traceback (most recent call last):
web-1                               |   File "/app/kidney/views.py", line 193, in predict_kidney_disease
web-1                               |     input_data = process_kidney_data(data_for_prediction)
web-1                               |                  ^^^^^^^^^^^^^^^^^^^^^^^^^^^^^^^^^^^^^^^^
web-1                               |   File "/app/kidney/views.py", line 75, in process_kidney_data
web-1                               |     df = pd.DataFrame(data)
web-1                               |          ^^^^^^^^^^^^^^^^^^
web-1                               |   File "/usr/local/lib/python3.12/site-packages/pandas/core/frame.py", line 778, in __init__
web-1                               |     mgr = dict_to_mgr(data, index, columns, dtype=dtype, copy=copy, typ=manager)
web-1                               |           ^^^^^^^^^^^^^^^^^^^^^^^^^^^^^^^^^^^^^^^^^^^^^^^^^^^^^^^^^^^^^^^^^^^^^^
web-1                               |   File "/usr/local/lib/python3.12/site-packages/pandas/core/internals/construction.py", line 503, in dict_to_mgr
web-1                               |     return arrays_to_mgr(arrays, columns, index, dtype=dtype, typ=typ, consolidate=copy)
web-1                               |            ^^^^^^^^^^^^^^^^^^^^^^^^^^^^^^^^^^^^^^^^^^^^^^^^^^^^^^^^^^^^^^^^^^^^^^^^^^^^^
web-1                               |   File "/usr/local/lib/python3.12/site-packages/pandas/core/internals/construction.py", line 114, in arrays_to_mgr
web-1                               |     index = _extract_index(arrays)
web-1                               |             ^^^^^^^^^^^^^^^^^^^^^^
web-1                               |   File "/usr/local/lib/python3.12/site-packages/pandas/core/internals/construction.py", line 667, in _extract_index
web-1                               |     raise ValueError("If using all scalar values, you must pass an index")
web-1                               | ValueError: If using all scalar values, you must pass an index
web-1                               | INFO "POST /kidney/predict/ HTTP/1.1" 200 22260
web-1                               | INFO:django.server:"POST /kidney/predict/ HTTP/1.1" 200 22260
web-1                               | INFO /app/kidney/views.py changed, reloading.
web-1                               | INFO:django.utils.autoreload:/app/kidney/views.py changed, reloading.
web-1                               | INFO Watching for file changes with StatReloader
web-1                               | Performing system checks...
web-1                               | 
web-1                               | Exception in thread django-main-thread:
web-1                               | Traceback (most recent call last):
web-1                               |   File "/usr/local/lib/python3.12/threading.py", line 1075, in _bootstrap_inner
web-1                               |     self.run()
web-1                               |   File "/usr/local/lib/python3.12/threading.py", line 1012, in run
web-1                               |     self._target(*self._args, **self._kwargs)
web-1                               |   File "/usr/local/lib/python3.12/site-packages/django/utils/autoreload.py", line 64, in wrapper
web-1                               |     fn(*args, **kwargs)
web-1                               |   File "/usr/local/lib/python3.12/site-packages/django/core/management/commands/runserver.py", line 134, in inner_run
web-1                               |     self.check(display_num_errors=True)
web-1                               |   File "/usr/local/lib/python3.12/site-packages/django/core/management/base.py", line 486, in check
web-1                               |     all_issues = checks.run_checks(
web-1                               |                  ^^^^^^^^^^^^^^^^^^
web-1                               |   File "/usr/local/lib/python3.12/site-packages/django/core/checks/registry.py", line 88, in run_checks
web-1                               |     new_errors = check(app_configs=app_configs, databases=databases)
web-1                               |                  ^^^^^^^^^^^^^^^^^^^^^^^^^^^^^^^^^^^^^^^^^^^^^^^^^^^
web-1                               |   File "/usr/local/lib/python3.12/site-packages/django/core/checks/urls.py", line 44, in check_url_namespaces_unique
web-1                               |     all_namespaces = _load_all_namespaces(resolver)
web-1                               |                      ^^^^^^^^^^^^^^^^^^^^^^^^^^^^^^
web-1                               |   File "/usr/local/lib/python3.12/site-packages/django/core/checks/urls.py", line 63, in _load_all_namespaces
web-1                               |     url_patterns = getattr(resolver, "url_patterns", [])
web-1                               |                    ^^^^^^^^^^^^^^^^^^^^^^^^^^^^^^^^^^^^^
web-1                               |   File "/usr/local/lib/python3.12/site-packages/django/utils/functional.py", line 47, in __get__
web-1                               |     res = instance.__dict__[self.name] = self.func(instance)
web-1                               |                                          ^^^^^^^^^^^^^^^^^^^
web-1                               |   File "/usr/local/lib/python3.12/site-packages/django/urls/resolvers.py", line 718, in url_patterns
web-1                               |     patterns = getattr(self.urlconf_module, "urlpatterns", self.urlconf_module)
web-1                               |                        ^^^^^^^^^^^^^^^^^^^
web-1                               |   File "/usr/local/lib/python3.12/site-packages/django/utils/functional.py", line 47, in __get__
web-1                               |     res = instance.__dict__[self.name] = self.func(instance)
web-1                               |                                          ^^^^^^^^^^^^^^^^^^^
web-1                               |   File "/usr/local/lib/python3.12/site-packages/django/urls/resolvers.py", line 711, in urlconf_module
web-1                               |     return import_module(self.urlconf_name)
web-1                               |            ^^^^^^^^^^^^^^^^^^^^^^^^^^^^^^^^
web-1                               |   File "/usr/local/lib/python3.12/importlib/__init__.py", line 90, in import_module
web-1                               |     return _bootstrap._gcd_import(name[level:], package, level)
web-1                               |            ^^^^^^^^^^^^^^^^^^^^^^^^^^^^^^^^^^^^^^^^^^^^^^^^^^^^
web-1                               |   File "<frozen importlib._bootstrap>", line 1387, in _gcd_import
web-1                               |   File "<frozen importlib._bootstrap>", line 1360, in _find_and_load
web-1                               |   File "<frozen importlib._bootstrap>", line 1331, in _find_and_load_unlocked
web-1                               |   File "<frozen importlib._bootstrap>", line 935, in _load_unlocked
web-1                               |   File "<frozen importlib._bootstrap_external>", line 999, in exec_module
web-1                               |   File "<frozen importlib._bootstrap>", line 488, in _call_with_frames_removed
web-1                               |   File "/app/docspot/urls.py", line 37, in <module>
web-1                               |     path("kidney/", include("kidney.urls")),
web-1                               |                     ^^^^^^^^^^^^^^^^^^^^^^
web-1                               |   File "/usr/local/lib/python3.12/site-packages/django/urls/conf.py", line 39, in include
web-1                               |     urlconf_module = import_module(urlconf_module)
web-1                               |                      ^^^^^^^^^^^^^^^^^^^^^^^^^^^^^
web-1                               |   File "/usr/local/lib/python3.12/importlib/__init__.py", line 90, in import_module
web-1                               |     return _bootstrap._gcd_import(name[level:], package, level)
web-1                               |            ^^^^^^^^^^^^^^^^^^^^^^^^^^^^^^^^^^^^^^^^^^^^^^^^^^^^
web-1                               |   File "<frozen importlib._bootstrap>", line 1387, in _gcd_import
web-1                               |   File "<frozen importlib._bootstrap>", line 1360, in _find_and_load
web-1                               |   File "<frozen importlib._bootstrap>", line 1331, in _find_and_load_unlocked
web-1                               |   File "<frozen importlib._bootstrap>", line 935, in _load_unlocked
web-1                               |   File "<frozen importlib._bootstrap_external>", line 999, in exec_module
web-1                               |   File "<frozen importlib._bootstrap>", line 488, in _call_with_frames_removed
web-1                               |   File "/app/kidney/urls.py", line 2, in <module>
web-1                               |     from . import views
web-1                               |   File "/app/kidney/views.py", line 75
web-1                               |     df = pd.DataFrame([data)
web-1                               |                            ^
web-1                               | SyntaxError: closing parenthesis ')' does not match opening parenthesis '['
web-1                               | INFO /app/kidney/views.py changed, reloading.
web-1                               | INFO Watching for file changes with StatReloader
web-1                               | Performing system checks...
web-1                               | 
web-1                               | WARNING:absl:Compiled the loaded model, but the compiled metrics have yet to be built. `model.compile_metrics` will be empty until you train or evaluate the model.
web-1                               | System check identified no issues (0 silenced).
web-1                               | August 11, 2026 - 17:53:00
web-1                               | Django version 5.1.2, using settings 'docspot.settings'
web-1                               | Starting development server at http://0.0.0.0:8000/
web-1                               | Quit the server with CONTROL-C.
web-1                               | 
web-1                               | === ENTERED TRY BLOCK ===
web-1                               | === EXCEPTION ===
web-1                               | ERROR:kidney.views:Error during kidney prediction: columns are missing: {'age', 'sg'}
web-1                               | Traceback (most recent call last):
web-1                               |   File "/app/kidney/views.py", line 193, in predict_kidney_disease
web-1                               |     input_data = process_kidney_data(data_for_prediction)
web-1                               |                  ^^^^^^^^^^^^^^^^^^^^^^^^^^^^^^^^^^^^^^^^
web-1                               |   File "/app/kidney/views.py", line 94, in process_kidney_data
web-1                               |     return preprocessor.transform(df)
web-1                               |            ^^^^^^^^^^^^^^^^^^^^^^^^^^
web-1                               |   File "/usr/local/lib/python3.12/site-packages/sklearn/utils/_set_output.py", line 316, in wrapped
web-1                               |     data_to_wrap = f(self, X, *args, **kwargs)
web-1                               |                    ^^^^^^^^^^^^^^^^^^^^^^^^^^^
web-1                               |   File "/usr/local/lib/python3.12/site-packages/sklearn/compose/_column_transformer.py", line 1065, in transform
web-1                               |     raise ValueError(f"columns are missing: {diff}")
web-1                               | ValueError: columns are missing: {'age', 'sg'}
web-1                               | INFO "POST /kidney/predict/ HTTP/1.1" 200 22260
web-1                               | INFO:django.server:"POST /kidney/predict/ HTTP/1.1" 200 22260
web-1                               | INFO /app/kidney/views.py changed, reloading.
web-1                               | INFO:django.utils.autoreload:/app/kidney/views.py changed, reloading.
web-1                               | INFO Watching for file changes with StatReloader
web-1                               | Performing system checks...
web-1                               | 
web-1                               | Exception in thread django-main-thread:
web-1                               | Traceback (most recent call last):
web-1                               |   File "/usr/local/lib/python3.12/threading.py", line 1075, in _bootstrap_inner
web-1                               |     self.run()
web-1                               |   File "/usr/local/lib/python3.12/threading.py", line 1012, in run
web-1                               |     self._target(*self._args, **self._kwargs)
web-1                               |   File "/usr/local/lib/python3.12/site-packages/django/utils/autoreload.py", line 64, in wrapper
web-1                               |     fn(*args, **kwargs)
web-1                               |   File "/usr/local/lib/python3.12/site-packages/django/core/management/commands/runserver.py", line 134, in inner_run
web-1                               |     self.check(display_num_errors=True)
web-1                               |   File "/usr/local/lib/python3.12/site-packages/django/core/management/base.py", line 486, in check
web-1                               |     all_issues = checks.run_checks(
web-1                               |                  ^^^^^^^^^^^^^^^^^^
web-1                               |   File "/usr/local/lib/python3.12/site-packages/django/core/checks/registry.py", line 88, in run_checks
web-1                               |     new_errors = check(app_configs=app_configs, databases=databases)
web-1                               |                  ^^^^^^^^^^^^^^^^^^^^^^^^^^^^^^^^^^^^^^^^^^^^^^^^^^^
web-1                               |   File "/usr/local/lib/python3.12/site-packages/django/core/checks/urls.py", line 44, in check_url_namespaces_unique
web-1                               |     all_namespaces = _load_all_namespaces(resolver)
web-1                               |                      ^^^^^^^^^^^^^^^^^^^^^^^^^^^^^^
web-1                               |   File "/usr/local/lib/python3.12/site-packages/django/core/checks/urls.py", line 63, in _load_all_namespaces
web-1                               |     url_patterns = getattr(resolver, "url_patterns", [])
web-1                               |                    ^^^^^^^^^^^^^^^^^^^^^^^^^^^^^^^^^^^^^
web-1                               |   File "/usr/local/lib/python3.12/site-packages/django/utils/functional.py", line 47, in __get__
web-1                               |     res = instance.__dict__[self.name] = self.func(instance)
web-1                               |                                          ^^^^^^^^^^^^^^^^^^^
web-1                               |   File "/usr/local/lib/python3.12/site-packages/django/urls/resolvers.py", line 718, in url_patterns
web-1                               |     patterns = getattr(self.urlconf_module, "urlpatterns", self.urlconf_module)
web-1                               |                        ^^^^^^^^^^^^^^^^^^^
web-1                               |   File "/usr/local/lib/python3.12/site-packages/django/utils/functional.py", line 47, in __get__
web-1                               |     res = instance.__dict__[self.name] = self.func(instance)
web-1                               |                                          ^^^^^^^^^^^^^^^^^^^
web-1                               |   File "/usr/local/lib/python3.12/site-packages/django/urls/resolvers.py", line 711, in urlconf_module
web-1                               |     return import_module(self.urlconf_name)
web-1                               |            ^^^^^^^^^^^^^^^^^^^^^^^^^^^^^^^^
web-1                               |   File "/usr/local/lib/python3.12/importlib/__init__.py", line 90, in import_module
web-1                               |     return _bootstrap._gcd_import(name[level:], package, level)
web-1                               |            ^^^^^^^^^^^^^^^^^^^^^^^^^^^^^^^^^^^^^^^^^^^^^^^^^^^^
web-1                               |   File "<frozen importlib._bootstrap>", line 1387, in _gcd_import
web-1                               |   File "<frozen importlib._bootstrap>", line 1360, in _find_and_load
web-1                               |   File "<frozen importlib._bootstrap>", line 1331, in _find_and_load_unlocked
web-1                               |   File "<frozen importlib._bootstrap>", line 935, in _load_unlocked
web-1                               |   File "<frozen importlib._bootstrap_external>", line 999, in exec_module
web-1                               |   File "<frozen importlib._bootstrap>", line 488, in _call_with_frames_removed
web-1                               |   File "/app/docspot/urls.py", line 37, in <module>
web-1                               |     path("kidney/", include("kidney.urls")),
web-1                               |                     ^^^^^^^^^^^^^^^^^^^^^^
web-1                               |   File "/usr/local/lib/python3.12/site-packages/django/urls/conf.py", line 39, in include
web-1                               |     urlconf_module = import_module(urlconf_module)
web-1                               |                      ^^^^^^^^^^^^^^^^^^^^^^^^^^^^^
web-1                               |   File "/usr/local/lib/python3.12/importlib/__init__.py", line 90, in import_module
web-1                               |     return _bootstrap._gcd_import(name[level:], package, level)
web-1                               |            ^^^^^^^^^^^^^^^^^^^^^^^^^^^^^^^^^^^^^^^^^^^^^^^^^^^^
web-1                               |   File "<frozen importlib._bootstrap>", line 1387, in _gcd_import
web-1                               |   File "<frozen importlib._bootstrap>", line 1360, in _find_and_load
web-1                               |   File "<frozen importlib._bootstrap>", line 1331, in _find_and_load_unlocked
web-1                               |   File "<frozen importlib._bootstrap>", line 935, in _load_unlocked
web-1                               |   File "<frozen importlib._bootstrap_external>", line 999, in exec_module
web-1                               |   File "<frozen importlib._bootstrap>", line 488, in _call_with_frames_removed
web-1                               |   File "/app/kidney/urls.py", line 2, in <module>
web-1                               |     from . import views
web-1                               |   File "/app/kidney/views.py", line 57
web-1                               |     "age"bp","bgr","bu","sc","sod","pot",
web-1                               |                                        ^
web-1                               | SyntaxError: unterminated string literal (detected at line 57)
web-1                               | INFO /app/kidney/views.py changed, reloading.
web-1                               | INFO Watching for file changes with StatReloader
web-1                               | Performing system checks...
web-1                               | 
web-1                               | WARNING:absl:Compiled the loaded model, but the compiled metrics have yet to be built. `model.compile_metrics` will be empty until you train or evaluate the model.
web-1                               | System check identified no issues (0 silenced).
web-1                               | August 11, 2026 - 17:58:48
web-1                               | Django version 5.1.2, using settings 'docspot.settings'
web-1                               | Starting development server at http://0.0.0.0:8000/
web-1                               | Quit the server with CONTROL-C.
web-1                               | 
web-1                               | INFO /app/kidney/views.py changed, reloading.
web-1                               | INFO:django.utils.autoreload:/app/kidney/views.py changed, reloading.
web-1                               | INFO Watching for file changes with StatReloader
web-1                               | Performing system checks...
web-1                               | 
web-1                               | Exception in thread django-main-thread:
web-1                               | Traceback (most recent call last):
web-1                               |   File "/usr/local/lib/python3.12/threading.py", line 1075, in _bootstrap_inner
web-1                               |     self.run()
web-1                               |   File "/usr/local/lib/python3.12/threading.py", line 1012, in run
web-1                               |     self._target(*self._args, **self._kwargs)
web-1                               |   File "/usr/local/lib/python3.12/site-packages/django/utils/autoreload.py", line 64, in wrapper
web-1                               |     fn(*args, **kwargs)
web-1                               |   File "/usr/local/lib/python3.12/site-packages/django/core/management/commands/runserver.py", line 134, in inner_run
web-1                               |     self.check(display_num_errors=True)
web-1                               |   File "/usr/local/lib/python3.12/site-packages/django/core/management/base.py", line 486, in check
web-1                               |     all_issues = checks.run_checks(
web-1                               |                  ^^^^^^^^^^^^^^^^^^
web-1                               |   File "/usr/local/lib/python3.12/site-packages/django/core/checks/registry.py", line 88, in run_checks
web-1                               |     new_errors = check(app_configs=app_configs, databases=databases)
web-1                               |                  ^^^^^^^^^^^^^^^^^^^^^^^^^^^^^^^^^^^^^^^^^^^^^^^^^^^
web-1                               |   File "/usr/local/lib/python3.12/site-packages/django/core/checks/urls.py", line 44, in check_url_namespaces_unique
web-1                               |     all_namespaces = _load_all_namespaces(resolver)
web-1                               |                      ^^^^^^^^^^^^^^^^^^^^^^^^^^^^^^
web-1                               |   File "/usr/local/lib/python3.12/site-packages/django/core/checks/urls.py", line 63, in _load_all_namespaces
web-1                               |     url_patterns = getattr(resolver, "url_patterns", [])
web-1                               |                    ^^^^^^^^^^^^^^^^^^^^^^^^^^^^^^^^^^^^^
web-1                               |   File "/usr/local/lib/python3.12/site-packages/django/utils/functional.py", line 47, in __get__
web-1                               |     res = instance.__dict__[self.name] = self.func(instance)
web-1                               |                                          ^^^^^^^^^^^^^^^^^^^
web-1                               |   File "/usr/local/lib/python3.12/site-packages/django/urls/resolvers.py", line 718, in url_patterns
web-1                               |     patterns = getattr(self.urlconf_module, "urlpatterns", self.urlconf_module)
web-1                               |                        ^^^^^^^^^^^^^^^^^^^
web-1                               |   File "/usr/local/lib/python3.12/site-packages/django/utils/functional.py", line 47, in __get__
web-1                               |     res = instance.__dict__[self.name] = self.func(instance)
web-1                               |                                          ^^^^^^^^^^^^^^^^^^^
web-1                               |   File "/usr/local/lib/python3.12/site-packages/django/urls/resolvers.py", line 711, in urlconf_module
web-1                               |     return import_module(self.urlconf_name)
web-1                               |            ^^^^^^^^^^^^^^^^^^^^^^^^^^^^^^^^
web-1                               |   File "/usr/local/lib/python3.12/importlib/__init__.py", line 90, in import_module
web-1                               |     return _bootstrap._gcd_import(name[level:], package, level)
web-1                               |            ^^^^^^^^^^^^^^^^^^^^^^^^^^^^^^^^^^^^^^^^^^^^^^^^^^^^
web-1                               |   File "<frozen importlib._bootstrap>", line 1387, in _gcd_import
web-1                               |   File "<frozen importlib._bootstrap>", line 1360, in _find_and_load
web-1                               |   File "<frozen importlib._bootstrap>", line 1331, in _find_and_load_unlocked
web-1                               |   File "<frozen importlib._bootstrap>", line 935, in _load_unlocked
web-1                               |   File "<frozen importlib._bootstrap_external>", line 999, in exec_module
web-1                               |   File "<frozen importlib._bootstrap>", line 488, in _call_with_frames_removed
web-1                               |   File "/app/docspot/urls.py", line 37, in <module>
web-1                               |     path("kidney/", include("kidney.urls")),
web-1                               |                     ^^^^^^^^^^^^^^^^^^^^^^
web-1                               |   File "/usr/local/lib/python3.12/site-packages/django/urls/conf.py", line 39, in include
web-1                               |     urlconf_module = import_module(urlconf_module)
web-1                               |                      ^^^^^^^^^^^^^^^^^^^^^^^^^^^^^
web-1                               |   File "/usr/local/lib/python3.12/importlib/__init__.py", line 90, in import_module
web-1                               |     return _bootstrap._gcd_import(name[level:], package, level)
web-1                               |            ^^^^^^^^^^^^^^^^^^^^^^^^^^^^^^^^^^^^^^^^^^^^^^^^^^^^
web-1                               |   File "<frozen importlib._bootstrap>", line 1387, in _gcd_import
web-1                               |   File "<frozen importlib._bootstrap>", line 1360, in _find_and_load
web-1                               |   File "<frozen importlib._bootstrap>", line 1331, in _find_and_load_unlocked
web-1                               |   File "<frozen importlib._bootstrap>", line 935, in _load_unlocked
web-1                               |   File "<frozen importlib._bootstrap_external>", line 999, in exec_module
web-1                               |   File "<frozen importlib._bootstrap>", line 488, in _call_with_frames_removed
web-1                               |   File "/app/kidney/urls.py", line 2, in <module>
web-1                               |     from . import views
web-1                               |   File "/app/kidney/views.py", line 57
web-1                               |     "age","bp","s"bgr","bu","sc","sod","pot",
web-1                               |                                            ^
web-1                               | SyntaxError: unterminated string literal (detected at line 57)
web-1                               | INFO /app/kidney/views.py changed, reloading.
web-1                               | INFO Watching for file changes with StatReloader
web-1                               | Performing system checks...
web-1                               | 
web-1                               | WARNING:absl:Compiled the loaded model, but the compiled metrics have yet to be built. `model.compile_metrics` will be empty until you train or evaluate the model.
web-1                               | System check identified no issues (0 silenced).
web-1                               | August 11, 2026 - 17:59:06
web-1                               | Django version 5.1.2, using settings 'docspot.settings'
web-1                               | Starting development server at http://0.0.0.0:8000/
web-1                               | Quit the server with CONTROL-C.
web-1                               | 
web-1                               | === ENTERED TRY BLOCK ===
web-1                               | Acute Kidney Injury (AKI): 0.450
web-1                               | Selected Diagnosis: Acute Kidney Injury (AKI)
web-1                               | Confidence: 45.0%
web-1                               | Chronic Kidney Disease (CKD): 0.300
web-1                               | Selected Diagnosis: Acute Kidney Injury (AKI)
web-1                               | Confidence: 45.0%
web-1                               | Diabetic Nephropathy: 0.200
web-1                               | Selected Diagnosis: Acute Kidney Injury (AKI)
web-1                               | Confidence: 45.0%
web-1                               | Hypertensive Nephropathy: 0.040
web-1                               | Selected Diagnosis: Acute Kidney Injury (AKI)
web-1                               | Confidence: 45.0%
web-1                               | Normal: 0.000
web-1                               | Selected Diagnosis: Acute Kidney Injury (AKI)
web-1                               | Confidence: 45.0%
web-1                               | Urinary Tract Infection (UTI): 0.010
web-1                               | Selected Diagnosis: Acute Kidney Injury (AKI)
web-1                               | Confidence: 45.0%
web-1                               | diagnosis: Acute Kidney Injury (AKI)
web-1                               | ['Acute Kidney Injury (AKI)' 'Chronic Kidney Disease (CKD)'
web-1                               |  'Diabetic Nephropathy' 'Hypertensive Nephropathy' 'Normal'
web-1                               |  'Urinary Tract Infection (UTI)']
web-1                               | === ABOUT TO RENDER RESULT ===
web-1                               | === EXCEPTION ===
web-1                               | ERROR:kidney.views:Error during kidney prediction: prediction/kidney/result.html
web-1                               | Traceback (most recent call last):
web-1                               |   File "/app/kidney/views.py", line 276, in predict_kidney_disease
web-1                               |     return render(request,
web-1                               |           ^^^^^^^^^^^^^^^
web-1                               |   File "/usr/local/lib/python3.12/site-packages/django/shortcuts.py", line 25, in render
web-1                               |     content = loader.render_to_string(template_name, context, request, using=using)
web-1                               |               ^^^^^^^^^^^^^^^^^^^^^^^^^^^^^^^^^^^^^^^^^^^^^^^^^^^^^^^^^^^^^^^^^^^^^
web-1                               |   File "/usr/local/lib/python3.12/site-packages/django/template/loader.py", line 61, in render_to_string
web-1                               |     template = get_template(template_name, using=using)
web-1                               |                ^^^^^^^^^^^^^^^^^^^^^^^^^^^^^^^^^^^^^^^^
web-1                               |   File "/usr/local/lib/python3.12/site-packages/django/template/loader.py", line 19, in get_template
web-1                               |     raise TemplateDoesNotExist(template_name, chain=chain)
web-1                               | django.template.exceptions.TemplateDoesNotExist: prediction/kidney/result.html
web-1                               | INFO "POST /kidney/predict/ HTTP/1.1" 200 22260
web-1                               | INFO:django.server:"POST /kidney/predict/ HTTP/1.1" 200 22260
web-1                               | === ENTERED TRY BLOCK ===
web-1                               | Acute Kidney Injury (AKI): 0.450
web-1                               | Selected Diagnosis: Acute Kidney Injury (AKI)
web-1                               | Confidence: 45.0%
web-1                               | Chronic Kidney Disease (CKD): 0.300
web-1                               | Selected Diagnosis: Acute Kidney Injury (AKI)
web-1                               | Confidence: 45.0%
web-1                               | Diabetic Nephropathy: 0.200
web-1                               | Selected Diagnosis: Acute Kidney Injury (AKI)
web-1                               | Confidence: 45.0%
web-1                               | Hypertensive Nephropathy: 0.040
web-1                               | Selected Diagnosis: Acute Kidney Injury (AKI)
web-1                               | Confidence: 45.0%
web-1                               | Normal: 0.000
web-1                               | Selected Diagnosis: Acute Kidney Injury (AKI)
web-1                               | Confidence: 45.0%
web-1                               | Urinary Tract Infection (UTI): 0.010
web-1                               | Selected Diagnosis: Acute Kidney Injury (AKI)
web-1                               | Confidence: 45.0%
web-1                               | diagnosis: Acute Kidney Injury (AKI)
web-1                               | ['Acute Kidney Injury (AKI)' 'Chronic Kidney Disease (CKD)'
web-1                               |  'Diabetic Nephropathy' 'Hypertensive Nephropathy' 'Normal'
web-1                               |  'Urinary Tract Infection (UTI)']
web-1                               | === ABOUT TO RENDER RESULT ===
web-1                               | INFO "POST /kidney/predict/ HTTP/1.1" 200 10089
web-1                               | INFO:django.server:"POST /kidney/predict/ HTTP/1.1" 200 10089
web-1                               | INFO /app/heart/views.py changed, reloading.
web-1                               | INFO:django.utils.autoreload:/app/heart/views.py changed, reloading.
web-1                               | INFO Watching for file changes with StatReloader
web-1                               | Performing system checks...
web-1                               | 
web-1                               | WARNING:absl:Compiled the loaded model, but the compiled metrics have yet to be built. `model.compile_metrics` will be empty until you train or evaluate the model.
web-1                               | System check identified no issues (0 silenced).
web-1                               | August 11, 2026 - 18:03:13
web-1                               | Django version 5.1.2, using settings 'docspot.settings'
web-1                               | Starting development server at http://0.0.0.0:8000/
web-1                               | Quit the server with CONTROL-C.
web-1                               | 
web-1                               | INFO /app/lungs/views.py changed, reloading.
web-1                               | INFO:django.utils.autoreload:/app/lungs/views.py changed, reloading.
web-1                               | INFO Watching for file changes with StatReloader
web-1                               | Performing system checks...
web-1                               | 
web-1                               | WARNING:absl:Compiled the loaded model, but the compiled metrics have yet to be built. `model.compile_metrics` will be empty until you train or evaluate the model.
web-1                               | System check identified no issues (0 silenced).
web-1                               | August 11, 2026 - 18:03:25
web-1                               | Django version 5.1.2, using settings 'docspot.settings'
web-1                               | Starting development server at http://0.0.0.0:8000/
web-1                               | Quit the server with CONTROL-C.
web-1                               | 
web-1                               | INFO /app/lungs/views.py changed, reloading.
web-1                               | INFO:django.utils.autoreload:/app/lungs/views.py changed, reloading.
web-1                               | Performing system checks...
web-1                               | 
web-1                               | INFO Watching for file changes with StatReloader
web-1                               | WARNING:absl:Compiled the loaded model, but the compiled metrics have yet to be built. `model.compile_metrics` will be empty until you train or evaluate the model.
web-1                               | System check identified no issues (0 silenced).
web-1                               | August 11, 2026 - 18:04:07
web-1                               | Django version 5.1.2, using settings 'docspot.settings'
web-1                               | Starting development server at http://0.0.0.0:8000/
web-1                               | Quit the server with CONTROL-C.
web-1                               | 
web-1                               | INFO /app/lungs/views.py changed, reloading.
web-1                               | INFO:django.utils.autoreload:/app/lungs/views.py changed, reloading.
web-1                               | INFO Watching for file changes with StatReloader
web-1                               | Performing system checks...
web-1                               | 
web-1                               | Exception in thread django-main-thread:
web-1                               | Traceback (most recent call last):
web-1                               |   File "/usr/local/lib/python3.12/threading.py", line 1075, in _bootstrap_inner
web-1                               |     self.run()
web-1                               |   File "/usr/local/lib/python3.12/threading.py", line 1012, in run
web-1                               |     self._target(*self._args, **self._kwargs)
web-1                               |   File "/usr/local/lib/python3.12/site-packages/django/utils/autoreload.py", line 64, in wrapper
web-1                               |     fn(*args, **kwargs)
web-1                               |   File "/usr/local/lib/python3.12/site-packages/django/core/management/commands/runserver.py", line 134, in inner_run
web-1                               |     self.check(display_num_errors=True)
web-1                               |   File "/usr/local/lib/python3.12/site-packages/django/core/management/base.py", line 486, in check
web-1                               |     all_issues = checks.run_checks(
web-1                               |                  ^^^^^^^^^^^^^^^^^^
web-1                               |   File "/usr/local/lib/python3.12/site-packages/django/core/checks/registry.py", line 88, in run_checks
web-1                               |     new_errors = check(app_configs=app_configs, databases=databases)
web-1                               |                  ^^^^^^^^^^^^^^^^^^^^^^^^^^^^^^^^^^^^^^^^^^^^^^^^^^^
web-1                               |   File "/usr/local/lib/python3.12/site-packages/django/core/checks/urls.py", line 44, in check_url_namespaces_unique
web-1                               |     all_namespaces = _load_all_namespaces(resolver)
web-1                               |                      ^^^^^^^^^^^^^^^^^^^^^^^^^^^^^^
web-1                               |   File "/usr/local/lib/python3.12/site-packages/django/core/checks/urls.py", line 63, in _load_all_namespaces
web-1                               |     url_patterns = getattr(resolver, "url_patterns", [])
web-1                               |                    ^^^^^^^^^^^^^^^^^^^^^^^^^^^^^^^^^^^^^
web-1                               |   File "/usr/local/lib/python3.12/site-packages/django/utils/functional.py", line 47, in __get__
web-1                               |     res = instance.__dict__[self.name] = self.func(instance)
web-1                               |                                          ^^^^^^^^^^^^^^^^^^^
web-1                               |   File "/usr/local/lib/python3.12/site-packages/django/urls/resolvers.py", line 718, in url_patterns
web-1                               |     patterns = getattr(self.urlconf_module, "urlpatterns", self.urlconf_module)
web-1                               |                        ^^^^^^^^^^^^^^^^^^^
web-1                               |   File "/usr/local/lib/python3.12/site-packages/django/utils/functional.py", line 47, in __get__
web-1                               |     res = instance.__dict__[self.name] = self.func(instance)
web-1                               |                                          ^^^^^^^^^^^^^^^^^^^
web-1                               |   File "/usr/local/lib/python3.12/site-packages/django/urls/resolvers.py", line 711, in urlconf_module
web-1                               |     return import_module(self.urlconf_name)
web-1                               |            ^^^^^^^^^^^^^^^^^^^^^^^^^^^^^^^^
web-1                               |   File "/usr/local/lib/python3.12/importlib/__init__.py", line 90, in import_module
web-1                               |     return _bootstrap._gcd_import(name[level:], package, level)
web-1                               |            ^^^^^^^^^^^^^^^^^^^^^^^^^^^^^^^^^^^^^^^^^^^^^^^^^^^^
web-1                               |   File "<frozen importlib._bootstrap>", line 1387, in _gcd_import
web-1                               |   File "<frozen importlib._bootstrap>", line 1360, in _find_and_load
web-1                               |   File "<frozen importlib._bootstrap>", line 1331, in _find_and_load_unlocked
web-1                               |   File "<frozen importlib._bootstrap>", line 935, in _load_unlocked
web-1                               |   File "<frozen importlib._bootstrap_external>", line 999, in exec_module
web-1                               |   File "<frozen importlib._bootstrap>", line 488, in _call_with_frames_removed
web-1                               |   File "/app/docspot/urls.py", line 39, in <module>
web-1                               |     path("lungs/", include("lungs.urls")),
web-1                               |                    ^^^^^^^^^^^^^^^^^^^^^
web-1                               |   File "/usr/local/lib/python3.12/site-packages/django/urls/conf.py", line 39, in include
web-1                               |     urlconf_module = import_module(urlconf_module)
web-1                               |                      ^^^^^^^^^^^^^^^^^^^^^^^^^^^^^
web-1                               |   File "/usr/local/lib/python3.12/importlib/__init__.py", line 90, in import_module
web-1                               |     return _bootstrap._gcd_import(name[level:], package, level)
web-1                               |            ^^^^^^^^^^^^^^^^^^^^^^^^^^^^^^^^^^^^^^^^^^^^^^^^^^^^
web-1                               |   File "<frozen importlib._bootstrap>", line 1387, in _gcd_import
web-1                               |   File "<frozen importlib._bootstrap>", line 1360, in _find_and_load
web-1                               |   File "<frozen importlib._bootstrap>", line 1331, in _find_and_load_unlocked
web-1                               |   File "<frozen importlib._bootstrap>", line 935, in _load_unlocked
web-1                               |   File "<frozen importlib._bootstrap_external>", line 999, in exec_module
web-1                               |   File "<frozen importlib._bootstrap>", line 488, in _call_with_frames_removed
web-1                               |   File "/app/lungs/urls.py", line 2, in <module>
web-1                               |     from . import views
web-1                               |   File "/app/lungs/views.py", line 14, in <module>
web-1                               |     from lungs.clinical_interpretation import HEART_INTERPRETATION
web-1                               | ImportError: cannot import name 'HEART_INTERPRETATION' from 'lungs.clinical_interpretation' (/app/lungs/clinical_interpretation.py)
web-1                               | INFO /app/lungs/views.py changed, reloading.
web-1                               | INFO Watching for file changes with StatReloader
web-1                               | Performing system checks...
web-1                               | 
web-1                               | Exception in thread django-main-thread:
web-1                               | Traceback (most recent call last):
web-1                               |   File "/usr/local/lib/python3.12/threading.py", line 1075, in _bootstrap_inner
web-1                               |     self.run()
web-1                               |   File "/usr/local/lib/python3.12/threading.py", line 1012, in run
web-1                               |     self._target(*self._args, **self._kwargs)
web-1                               |   File "/usr/local/lib/python3.12/site-packages/django/utils/autoreload.py", line 64, in wrapper
web-1                               |     fn(*args, **kwargs)
web-1                               |   File "/usr/local/lib/python3.12/site-packages/django/core/management/commands/runserver.py", line 134, in inner_run
web-1                               |     self.check(display_num_errors=True)
web-1                               |   File "/usr/local/lib/python3.12/site-packages/django/core/management/base.py", line 486, in check
web-1                               |     all_issues = checks.run_checks(
web-1                               |                  ^^^^^^^^^^^^^^^^^^
web-1                               |   File "/usr/local/lib/python3.12/site-packages/django/core/checks/registry.py", line 88, in run_checks
web-1                               |     new_errors = check(app_configs=app_configs, databases=databases)
web-1                               |                  ^^^^^^^^^^^^^^^^^^^^^^^^^^^^^^^^^^^^^^^^^^^^^^^^^^^
web-1                               |   File "/usr/local/lib/python3.12/site-packages/django/core/checks/urls.py", line 44, in check_url_namespaces_unique
web-1                               |     all_namespaces = _load_all_namespaces(resolver)
web-1                               |                      ^^^^^^^^^^^^^^^^^^^^^^^^^^^^^^
web-1                               |   File "/usr/local/lib/python3.12/site-packages/django/core/checks/urls.py", line 63, in _load_all_namespaces
web-1                               |     url_patterns = getattr(resolver, "url_patterns", [])
web-1                               |                    ^^^^^^^^^^^^^^^^^^^^^^^^^^^^^^^^^^^^^
web-1                               |   File "/usr/local/lib/python3.12/site-packages/django/utils/functional.py", line 47, in __get__
web-1                               |     res = instance.__dict__[self.name] = self.func(instance)
web-1                               |                                          ^^^^^^^^^^^^^^^^^^^
web-1                               |   File "/usr/local/lib/python3.12/site-packages/django/urls/resolvers.py", line 718, in url_patterns
web-1                               |     patterns = getattr(self.urlconf_module, "urlpatterns", self.urlconf_module)
web-1                               |                        ^^^^^^^^^^^^^^^^^^^
web-1                               |   File "/usr/local/lib/python3.12/site-packages/django/utils/functional.py", line 47, in __get__
web-1                               |     res = instance.__dict__[self.name] = self.func(instance)
web-1                               |                                          ^^^^^^^^^^^^^^^^^^^
web-1                               |   File "/usr/local/lib/python3.12/site-packages/django/urls/resolvers.py", line 711, in urlconf_module
web-1                               |     return import_module(self.urlconf_name)
web-1                               |            ^^^^^^^^^^^^^^^^^^^^^^^^^^^^^^^^
web-1                               |   File "/usr/local/lib/python3.12/importlib/__init__.py", line 90, in import_module
web-1                               |     return _bootstrap._gcd_import(name[level:], package, level)
web-1                               |            ^^^^^^^^^^^^^^^^^^^^^^^^^^^^^^^^^^^^^^^^^^^^^^^^^^^^
web-1                               |   File "<frozen importlib._bootstrap>", line 1387, in _gcd_import
web-1                               |   File "<frozen importlib._bootstrap>", line 1360, in _find_and_load
web-1                               |   File "<frozen importlib._bootstrap>", line 1331, in _find_and_load_unlocked
web-1                               |   File "<frozen importlib._bootstrap>", line 935, in _load_unlocked
web-1                               |   File "<frozen importlib._bootstrap_external>", line 999, in exec_module
web-1                               |   File "<frozen importlib._bootstrap>", line 488, in _call_with_frames_removed
web-1                               |   File "/app/docspot/urls.py", line 39, in <module>
web-1                               |     path("lungs/", include("lungs.urls")),
web-1                               |                    ^^^^^^^^^^^^^^^^^^^^^
web-1                               |   File "/usr/local/lib/python3.12/site-packages/django/urls/conf.py", line 39, in include
web-1                               |     urlconf_module = import_module(urlconf_module)
web-1                               |                      ^^^^^^^^^^^^^^^^^^^^^^^^^^^^^
web-1                               |   File "/usr/local/lib/python3.12/importlib/__init__.py", line 90, in import_module
web-1                               |     return _bootstrap._gcd_import(name[level:], package, level)
web-1                               |            ^^^^^^^^^^^^^^^^^^^^^^^^^^^^^^^^^^^^^^^^^^^^^^^^^^^^
web-1                               |   File "<frozen importlib._bootstrap>", line 1387, in _gcd_import
web-1                               |   File "<frozen importlib._bootstrap>", line 1360, in _find_and_load
web-1                               |   File "<frozen importlib._bootstrap>", line 1331, in _find_and_load_unlocked
web-1                               |   File "<frozen importlib._bootstrap>", line 935, in _load_unlocked
web-1                               |   File "<frozen importlib._bootstrap_external>", line 999, in exec_module
web-1                               |   File "<frozen importlib._bootstrap>", line 488, in _call_with_frames_removed
web-1                               |   File "/app/lungs/urls.py", line 2, in <module>
web-1                               |     from . import views
web-1                               |   File "/app/lungs/views.py", line 14, in <module>
web-1                               |     from lungs.clinical_interpretation import LUNG_INTERPRETATION
web-1                               | ImportError: cannot import name 'LUNG_INTERPRETATION' from 'lungs.clinical_interpretation' (/app/lungs/clinical_interpretation.py)
web-1                               | INFO /app/lungs/views.py changed, reloading.
web-1                               | INFO Watching for file changes with StatReloader
web-1                               | Performing system checks...
web-1                               | 
web-1                               | Exception in thread django-main-thread:
web-1                               | Traceback (most recent call last):
web-1                               |   File "/usr/local/lib/python3.12/threading.py", line 1075, in _bootstrap_inner
web-1                               |     self.run()
web-1                               |   File "/usr/local/lib/python3.12/threading.py", line 1012, in run
web-1                               |     self._target(*self._args, **self._kwargs)
web-1                               |   File "/usr/local/lib/python3.12/site-packages/django/utils/autoreload.py", line 64, in wrapper
web-1                               |     fn(*args, **kwargs)
web-1                               |   File "/usr/local/lib/python3.12/site-packages/django/core/management/commands/runserver.py", line 134, in inner_run
web-1                               |     self.check(display_num_errors=True)
web-1                               |   File "/usr/local/lib/python3.12/site-packages/django/core/management/base.py", line 486, in check
web-1                               |     all_issues = checks.run_checks(
web-1                               |                  ^^^^^^^^^^^^^^^^^^
web-1                               |   File "/usr/local/lib/python3.12/site-packages/django/core/checks/registry.py", line 88, in run_checks
web-1                               |     new_errors = check(app_configs=app_configs, databases=databases)
web-1                               |                  ^^^^^^^^^^^^^^^^^^^^^^^^^^^^^^^^^^^^^^^^^^^^^^^^^^^
web-1                               |   File "/usr/local/lib/python3.12/site-packages/django/core/checks/urls.py", line 44, in check_url_namespaces_unique
web-1                               |     all_namespaces = _load_all_namespaces(resolver)
web-1                               |                      ^^^^^^^^^^^^^^^^^^^^^^^^^^^^^^
web-1                               |   File "/usr/local/lib/python3.12/site-packages/django/core/checks/urls.py", line 63, in _load_all_namespaces
web-1                               |     url_patterns = getattr(resolver, "url_patterns", [])
web-1                               |                    ^^^^^^^^^^^^^^^^^^^^^^^^^^^^^^^^^^^^^
web-1                               |   File "/usr/local/lib/python3.12/site-packages/django/utils/functional.py", line 47, in __get__
web-1                               |     res = instance.__dict__[self.name] = self.func(instance)
web-1                               |                                          ^^^^^^^^^^^^^^^^^^^
web-1                               |   File "/usr/local/lib/python3.12/site-packages/django/urls/resolvers.py", line 718, in url_patterns
web-1                               |     patterns = getattr(self.urlconf_module, "urlpatterns", self.urlconf_module)
web-1                               |                        ^^^^^^^^^^^^^^^^^^^
web-1                               |   File "/usr/local/lib/python3.12/site-packages/django/utils/functional.py", line 47, in __get__
web-1                               |     res = instance.__dict__[self.name] = self.func(instance)
web-1                               |                                          ^^^^^^^^^^^^^^^^^^^
web-1                               |   File "/usr/local/lib/python3.12/site-packages/django/urls/resolvers.py", line 711, in urlconf_module
web-1                               |     return import_module(self.urlconf_name)
web-1                               |            ^^^^^^^^^^^^^^^^^^^^^^^^^^^^^^^^
web-1                               |   File "/usr/local/lib/python3.12/importlib/__init__.py", line 90, in import_module
web-1                               |     return _bootstrap._gcd_import(name[level:], package, level)
web-1                               |            ^^^^^^^^^^^^^^^^^^^^^^^^^^^^^^^^^^^^^^^^^^^^^^^^^^^^
web-1                               |   File "<frozen importlib._bootstrap>", line 1387, in _gcd_import
web-1                               |   File "<frozen importlib._bootstrap>", line 1360, in _find_and_load
web-1                               |   File "<frozen importlib._bootstrap>", line 1331, in _find_and_load_unlocked
web-1                               |   File "<frozen importlib._bootstrap>", line 935, in _load_unlocked
web-1                               |   File "<frozen importlib._bootstrap_external>", line 999, in exec_module
web-1                               |   File "<frozen importlib._bootstrap>", line 488, in _call_with_frames_removed
web-1                               |   File "/app/docspot/urls.py", line 39, in <module>
web-1                               |     path("lungs/", include("lungs.urls")),
web-1                               |                    ^^^^^^^^^^^^^^^^^^^^^
web-1                               |   File "/usr/local/lib/python3.12/site-packages/django/urls/conf.py", line 39, in include
web-1                               |     urlconf_module = import_module(urlconf_module)
web-1                               |                      ^^^^^^^^^^^^^^^^^^^^^^^^^^^^^
web-1                               |   File "/usr/local/lib/python3.12/importlib/__init__.py", line 90, in import_module
web-1                               |     return _bootstrap._gcd_import(name[level:], package, level)
web-1                               |            ^^^^^^^^^^^^^^^^^^^^^^^^^^^^^^^^^^^^^^^^^^^^^^^^^^^^
web-1                               |   File "<frozen importlib._bootstrap>", line 1387, in _gcd_import
web-1                               |   File "<frozen importlib._bootstrap>", line 1360, in _find_and_load
web-1                               |   File "<frozen importlib._bootstrap>", line 1331, in _find_and_load_unlocked
web-1                               |   File "<frozen importlib._bootstrap>", line 935, in _load_unlocked
web-1                               |   File "<frozen importlib._bootstrap_external>", line 999, in exec_module
web-1                               |   File "<frozen importlib._bootstrap>", line 488, in _call_with_frames_removed
web-1                               |   File "/app/lungs/urls.py", line 2, in <module>
web-1                               |     from . import views
web-1                               |   File "/app/lungs/views.py", line 14, in <module>
web-1                               |     from lungs.clinical_interpretation import LUNGS_INTERPRETATION
web-1                               | ImportError: cannot import name 'LUNGS_INTERPRETATION' from 'lungs.clinical_interpretation' (/app/lungs/clinical_interpretation.py)
web-1                               | INFO /app/lungs/clinical_interpretation.py changed, reloading.
web-1                               | INFO Watching for file changes with StatReloader
web-1                               | Performing system checks...
web-1                               | 
web-1                               | Exception in thread django-main-thread:
web-1                               | Traceback (most recent call last):
web-1                               |   File "/usr/local/lib/python3.12/threading.py", line 1075, in _bootstrap_inner
web-1                               |     self.run()
web-1                               |   File "/usr/local/lib/python3.12/threading.py", line 1012, in run
web-1                               |     self._target(*self._args, **self._kwargs)
web-1                               |   File "/usr/local/lib/python3.12/site-packages/django/utils/autoreload.py", line 64, in wrapper
web-1                               |     fn(*args, **kwargs)
web-1                               |   File "/usr/local/lib/python3.12/site-packages/django/core/management/commands/runserver.py", line 134, in inner_run
web-1                               |     self.check(display_num_errors=True)
web-1                               |   File "/usr/local/lib/python3.12/site-packages/django/core/management/base.py", line 486, in check
web-1                               |     all_issues = checks.run_checks(
web-1                               |                  ^^^^^^^^^^^^^^^^^^
web-1                               |   File "/usr/local/lib/python3.12/site-packages/django/core/checks/registry.py", line 88, in run_checks
web-1                               |     new_errors = check(app_configs=app_configs, databases=databases)
web-1                               |                  ^^^^^^^^^^^^^^^^^^^^^^^^^^^^^^^^^^^^^^^^^^^^^^^^^^^
web-1                               |   File "/usr/local/lib/python3.12/site-packages/django/core/checks/urls.py", line 44, in check_url_namespaces_unique
web-1                               |     all_namespaces = _load_all_namespaces(resolver)
web-1                               |                      ^^^^^^^^^^^^^^^^^^^^^^^^^^^^^^
web-1                               |   File "/usr/local/lib/python3.12/site-packages/django/core/checks/urls.py", line 63, in _load_all_namespaces
web-1                               |     url_patterns = getattr(resolver, "url_patterns", [])
web-1                               |                    ^^^^^^^^^^^^^^^^^^^^^^^^^^^^^^^^^^^^^
web-1                               |   File "/usr/local/lib/python3.12/site-packages/django/utils/functional.py", line 47, in __get__
web-1                               |     res = instance.__dict__[self.name] = self.func(instance)
web-1                               |                                          ^^^^^^^^^^^^^^^^^^^
web-1                               |   File "/usr/local/lib/python3.12/site-packages/django/urls/resolvers.py", line 718, in url_patterns
web-1                               |     patterns = getattr(self.urlconf_module, "urlpatterns", self.urlconf_module)
web-1                               |                        ^^^^^^^^^^^^^^^^^^^
web-1                               |   File "/usr/local/lib/python3.12/site-packages/django/utils/functional.py", line 47, in __get__
web-1                               |     res = instance.__dict__[self.name] = self.func(instance)
web-1                               |                                          ^^^^^^^^^^^^^^^^^^^
web-1                               |   File "/usr/local/lib/python3.12/site-packages/django/urls/resolvers.py", line 711, in urlconf_module
web-1                               |     return import_module(self.urlconf_name)
web-1                               |            ^^^^^^^^^^^^^^^^^^^^^^^^^^^^^^^^
web-1                               |   File "/usr/local/lib/python3.12/importlib/__init__.py", line 90, in import_module
web-1                               |     return _bootstrap._gcd_import(name[level:], package, level)
web-1                               |            ^^^^^^^^^^^^^^^^^^^^^^^^^^^^^^^^^^^^^^^^^^^^^^^^^^^^
web-1                               |   File "<frozen importlib._bootstrap>", line 1387, in _gcd_import
web-1                               |   File "<frozen importlib._bootstrap>", line 1360, in _find_and_load
web-1                               |   File "<frozen importlib._bootstrap>", line 1331, in _find_and_load_unlocked
web-1                               |   File "<frozen importlib._bootstrap>", line 935, in _load_unlocked
web-1                               |   File "<frozen importlib._bootstrap_external>", line 999, in exec_module
web-1                               |   File "<frozen importlib._bootstrap>", line 488, in _call_with_frames_removed
web-1                               |   File "/app/docspot/urls.py", line 39, in <module>
web-1                               |     path("lungs/", include("lungs.urls")),
web-1                               |                    ^^^^^^^^^^^^^^^^^^^^^
web-1                               |   File "/usr/local/lib/python3.12/site-packages/django/urls/conf.py", line 39, in include
web-1                               |     urlconf_module = import_module(urlconf_module)
web-1                               |                      ^^^^^^^^^^^^^^^^^^^^^^^^^^^^^
web-1                               |   File "/usr/local/lib/python3.12/importlib/__init__.py", line 90, in import_module
web-1                               |     return _bootstrap._gcd_import(name[level:], package, level)
web-1                               |            ^^^^^^^^^^^^^^^^^^^^^^^^^^^^^^^^^^^^^^^^^^^^^^^^^^^^
web-1                               |   File "<frozen importlib._bootstrap>", line 1387, in _gcd_import
web-1                               |   File "<frozen importlib._bootstrap>", line 1360, in _find_and_load
web-1                               |   File "<frozen importlib._bootstrap>", line 1331, in _find_and_load_unlocked
web-1                               |   File "<frozen importlib._bootstrap>", line 935, in _load_unlocked
web-1                               |   File "<frozen importlib._bootstrap_external>", line 999, in exec_module
web-1                               |   File "<frozen importlib._bootstrap>", line 488, in _call_with_frames_removed
web-1                               |   File "/app/lungs/urls.py", line 2, in <module>
web-1                               |     from . import views
web-1                               |   File "/app/lungs/views.py", line 14, in <module>
web-1                               |     from lungs.clinical_interpretation import LUNGS_INTERPRETATION
web-1                               |   File "/app/lungs/clinical_interpretation.py", line 1
web-1                               |     LUNGS_INTERPRETATION = 
web-1                               |                            ^
web-1                               | SyntaxError: invalid syntax
web-1                               | INFO /app/lungs/clinical_interpretation.py changed, reloading.
web-1                               | INFO Watching for file changes with StatReloader
web-1                               | Performing system checks...
web-1                               | 
web-1                               | Exception in thread django-main-thread:
web-1                               | Traceback (most recent call last):
web-1                               |   File "/usr/local/lib/python3.12/threading.py", line 1075, in _bootstrap_inner
web-1                               |     self.run()
web-1                               |   File "/usr/local/lib/python3.12/threading.py", line 1012, in run
web-1                               |     self._target(*self._args, **self._kwargs)
web-1                               |   File "/usr/local/lib/python3.12/site-packages/django/utils/autoreload.py", line 64, in wrapper
web-1                               |     fn(*args, **kwargs)
web-1                               |   File "/usr/local/lib/python3.12/site-packages/django/core/management/commands/runserver.py", line 134, in inner_run
web-1                               |     self.check(display_num_errors=True)
web-1                               |   File "/usr/local/lib/python3.12/site-packages/django/core/management/base.py", line 486, in check
web-1                               |     all_issues = checks.run_checks(
web-1                               |                  ^^^^^^^^^^^^^^^^^^
web-1                               |   File "/usr/local/lib/python3.12/site-packages/django/core/checks/registry.py", line 88, in run_checks
web-1                               |     new_errors = check(app_configs=app_configs, databases=databases)
web-1                               |                  ^^^^^^^^^^^^^^^^^^^^^^^^^^^^^^^^^^^^^^^^^^^^^^^^^^^
web-1                               |   File "/usr/local/lib/python3.12/site-packages/django/core/checks/urls.py", line 44, in check_url_namespaces_unique
web-1                               |     all_namespaces = _load_all_namespaces(resolver)
web-1                               |                      ^^^^^^^^^^^^^^^^^^^^^^^^^^^^^^
web-1                               |   File "/usr/local/lib/python3.12/site-packages/django/core/checks/urls.py", line 63, in _load_all_namespaces
web-1                               |     url_patterns = getattr(resolver, "url_patterns", [])
web-1                               |                    ^^^^^^^^^^^^^^^^^^^^^^^^^^^^^^^^^^^^^
web-1                               |   File "/usr/local/lib/python3.12/site-packages/django/utils/functional.py", line 47, in __get__
web-1                               |     res = instance.__dict__[self.name] = self.func(instance)
web-1                               |                                          ^^^^^^^^^^^^^^^^^^^
web-1                               |   File "/usr/local/lib/python3.12/site-packages/django/urls/resolvers.py", line 718, in url_patterns
web-1                               |     patterns = getattr(self.urlconf_module, "urlpatterns", self.urlconf_module)
web-1                               |                        ^^^^^^^^^^^^^^^^^^^
web-1                               |   File "/usr/local/lib/python3.12/site-packages/django/utils/functional.py", line 47, in __get__
web-1                               |     res = instance.__dict__[self.name] = self.func(instance)
web-1                               |                                          ^^^^^^^^^^^^^^^^^^^
web-1                               |   File "/usr/local/lib/python3.12/site-packages/django/urls/resolvers.py", line 711, in urlconf_module
web-1                               |     return import_module(self.urlconf_name)
web-1                               |            ^^^^^^^^^^^^^^^^^^^^^^^^^^^^^^^^
web-1                               |   File "/usr/local/lib/python3.12/importlib/__init__.py", line 90, in import_module
web-1                               |     return _bootstrap._gcd_import(name[level:], package, level)
web-1                               |            ^^^^^^^^^^^^^^^^^^^^^^^^^^^^^^^^^^^^^^^^^^^^^^^^^^^^
web-1                               |   File "<frozen importlib._bootstrap>", line 1387, in _gcd_import
web-1                               |   File "<frozen importlib._bootstrap>", line 1360, in _find_and_load
web-1                               |   File "<frozen importlib._bootstrap>", line 1331, in _find_and_load_unlocked
web-1                               |   File "<frozen importlib._bootstrap>", line 935, in _load_unlocked
web-1                               |   File "<frozen importlib._bootstrap_external>", line 999, in exec_module
web-1                               |   File "<frozen importlib._bootstrap>", line 488, in _call_with_frames_removed
web-1                               |   File "/app/docspot/urls.py", line 39, in <module>
web-1                               |     path("lungs/", include("lungs.urls")),
web-1                               |                    ^^^^^^^^^^^^^^^^^^^^^
web-1                               |   File "/usr/local/lib/python3.12/site-packages/django/urls/conf.py", line 39, in include
web-1                               |     urlconf_module = import_module(urlconf_module)
web-1                               |                      ^^^^^^^^^^^^^^^^^^^^^^^^^^^^^
web-1                               |   File "/usr/local/lib/python3.12/importlib/__init__.py", line 90, in import_module
web-1                               |     return _bootstrap._gcd_import(name[level:], package, level)
web-1                               |            ^^^^^^^^^^^^^^^^^^^^^^^^^^^^^^^^^^^^^^^^^^^^^^^^^^^^
web-1                               |   File "<frozen importlib._bootstrap>", line 1387, in _gcd_import
web-1                               |   File "<frozen importlib._bootstrap>", line 1360, in _find_and_load
web-1                               |   File "<frozen importlib._bootstrap>", line 1331, in _find_and_load_unlocked
web-1                               |   File "<frozen importlib._bootstrap>", line 935, in _load_unlocked
web-1                               |   File "<frozen importlib._bootstrap_external>", line 999, in exec_module
web-1                               |   File "<frozen importlib._bootstrap>", line 488, in _call_with_frames_removed
web-1                               |   File "/app/lungs/urls.py", line 2, in <module>
web-1                               |     from . import views
web-1                               |   File "/app/lungs/views.py", line 14, in <module>
web-1                               |     from lungs.clinical_interpretation import LUNGS_INTERPRETATION
web-1                               |   File "/app/lungs/clinical_interpretation.py", line 1
web-1                               |     LUNGS_INTERPRETATION = {
web-1                               |                            ^
web-1                               | SyntaxError: '{' was never closed
web-1                               | INFO /app/lungs/clinical_interpretation.py changed, reloading.
web-1                               | INFO Watching for file changes with StatReloader
web-1                               | Performing system checks...
web-1                               | 
web-1                               | Exception in thread django-main-thread:
web-1                               | Traceback (most recent call last):
web-1                               |   File "/usr/local/lib/python3.12/threading.py", line 1075, in _bootstrap_inner
web-1                               |     self.run()
web-1                               |   File "/usr/local/lib/python3.12/threading.py", line 1012, in run
web-1                               |     self._target(*self._args, **self._kwargs)
web-1                               |   File "/usr/local/lib/python3.12/site-packages/django/utils/autoreload.py", line 64, in wrapper
web-1                               |     fn(*args, **kwargs)
web-1                               |   File "/usr/local/lib/python3.12/site-packages/django/core/management/commands/runserver.py", line 134, in inner_run
web-1                               |     self.check(display_num_errors=True)
web-1                               |   File "/usr/local/lib/python3.12/site-packages/django/core/management/base.py", line 486, in check
web-1                               |     all_issues = checks.run_checks(
web-1                               |                  ^^^^^^^^^^^^^^^^^^
web-1                               |   File "/usr/local/lib/python3.12/site-packages/django/core/checks/registry.py", line 88, in run_checks
web-1                               |     new_errors = check(app_configs=app_configs, databases=databases)
web-1                               |                  ^^^^^^^^^^^^^^^^^^^^^^^^^^^^^^^^^^^^^^^^^^^^^^^^^^^
web-1                               |   File "/usr/local/lib/python3.12/site-packages/django/core/checks/urls.py", line 44, in check_url_namespaces_unique
web-1                               |     all_namespaces = _load_all_namespaces(resolver)
web-1                               |                      ^^^^^^^^^^^^^^^^^^^^^^^^^^^^^^
web-1                               |   File "/usr/local/lib/python3.12/site-packages/django/core/checks/urls.py", line 63, in _load_all_namespaces
web-1                               |     url_patterns = getattr(resolver, "url_patterns", [])
web-1                               |                    ^^^^^^^^^^^^^^^^^^^^^^^^^^^^^^^^^^^^^
web-1                               |   File "/usr/local/lib/python3.12/site-packages/django/utils/functional.py", line 47, in __get__
web-1                               |     res = instance.__dict__[self.name] = self.func(instance)
web-1                               |                                          ^^^^^^^^^^^^^^^^^^^
web-1                               |   File "/usr/local/lib/python3.12/site-packages/django/urls/resolvers.py", line 718, in url_patterns
web-1                               |     patterns = getattr(self.urlconf_module, "urlpatterns", self.urlconf_module)
web-1                               |                        ^^^^^^^^^^^^^^^^^^^
web-1                               |   File "/usr/local/lib/python3.12/site-packages/django/utils/functional.py", line 47, in __get__
web-1                               |     res = instance.__dict__[self.name] = self.func(instance)
web-1                               |                                          ^^^^^^^^^^^^^^^^^^^
web-1                               |   File "/usr/local/lib/python3.12/site-packages/django/urls/resolvers.py", line 711, in urlconf_module
web-1                               |     return import_module(self.urlconf_name)
web-1                               |            ^^^^^^^^^^^^^^^^^^^^^^^^^^^^^^^^
web-1                               |   File "/usr/local/lib/python3.12/importlib/__init__.py", line 90, in import_module
web-1                               |     return _bootstrap._gcd_import(name[level:], package, level)
web-1                               |            ^^^^^^^^^^^^^^^^^^^^^^^^^^^^^^^^^^^^^^^^^^^^^^^^^^^^
web-1                               |   File "<frozen importlib._bootstrap>", line 1387, in _gcd_import
web-1                               |   File "<frozen importlib._bootstrap>", line 1360, in _find_and_load
web-1                               |   File "<frozen importlib._bootstrap>", line 1331, in _find_and_load_unlocked
web-1                               |   File "<frozen importlib._bootstrap>", line 935, in _load_unlocked
web-1                               |   File "<frozen importlib._bootstrap_external>", line 999, in exec_module
web-1                               |   File "<frozen importlib._bootstrap>", line 488, in _call_with_frames_removed
web-1                               |   File "/app/docspot/urls.py", line 39, in <module>
web-1                               |     path("lungs/", include("lungs.urls")),
web-1                               |                    ^^^^^^^^^^^^^^^^^^^^^
web-1                               |   File "/usr/local/lib/python3.12/site-packages/django/urls/conf.py", line 39, in include
web-1                               |     urlconf_module = import_module(urlconf_module)
web-1                               |                      ^^^^^^^^^^^^^^^^^^^^^^^^^^^^^
web-1                               |   File "/usr/local/lib/python3.12/importlib/__init__.py", line 90, in import_module
web-1                               |     return _bootstrap._gcd_import(name[level:], package, level)
web-1                               |            ^^^^^^^^^^^^^^^^^^^^^^^^^^^^^^^^^^^^^^^^^^^^^^^^^^^^
web-1                               |   File "<frozen importlib._bootstrap>", line 1387, in _gcd_import
web-1                               |   File "<frozen importlib._bootstrap>", line 1360, in _find_and_load
web-1                               |   File "<frozen importlib._bootstrap>", line 1331, in _find_and_load_unlocked
web-1                               |   File "<frozen importlib._bootstrap>", line 935, in _load_unlocked
web-1                               |   File "<frozen importlib._bootstrap_external>", line 999, in exec_module
web-1                               |   File "<frozen importlib._bootstrap>", line 488, in _call_with_frames_removed
web-1                               |   File "/app/lungs/urls.py", line 2, in <module>
web-1                               |     from . import views
web-1                               |   File "/app/lungs/views.py", line 14, in <module>
web-1                               |     from lungs.clinical_interpretation import LUNGS_INTERPRETATION
web-1                               |   File "/app/lungs/clinical_interpretation.py", line 1
web-1                               |     LUNGS_INTERPRETATION = {
web-1                               |                            ^
web-1                               | SyntaxError: '{' was never closed
web-1                               | INFO /app/lungs/clinical_interpretation.py changed, reloading.
web-1                               | INFO Watching for file changes with StatReloader
web-1                               | Performing system checks...
web-1                               | 
web-1                               | Exception in thread django-main-thread:
web-1                               | Traceback (most recent call last):
web-1                               |   File "/usr/local/lib/python3.12/threading.py", line 1075, in _bootstrap_inner
web-1                               |     self.run()
web-1                               |   File "/usr/local/lib/python3.12/threading.py", line 1012, in run
web-1                               |     self._target(*self._args, **self._kwargs)
web-1                               |   File "/usr/local/lib/python3.12/site-packages/django/utils/autoreload.py", line 64, in wrapper
web-1                               |     fn(*args, **kwargs)
web-1                               |   File "/usr/local/lib/python3.12/site-packages/django/core/management/commands/runserver.py", line 134, in inner_run
web-1                               |     self.check(display_num_errors=True)
web-1                               |   File "/usr/local/lib/python3.12/site-packages/django/core/management/base.py", line 486, in check
web-1                               |     all_issues = checks.run_checks(
web-1                               |                  ^^^^^^^^^^^^^^^^^^
web-1                               |   File "/usr/local/lib/python3.12/site-packages/django/core/checks/registry.py", line 88, in run_checks
web-1                               |     new_errors = check(app_configs=app_configs, databases=databases)
web-1                               |                  ^^^^^^^^^^^^^^^^^^^^^^^^^^^^^^^^^^^^^^^^^^^^^^^^^^^
web-1                               |   File "/usr/local/lib/python3.12/site-packages/django/core/checks/urls.py", line 44, in check_url_namespaces_unique
web-1                               |     all_namespaces = _load_all_namespaces(resolver)
web-1                               |                      ^^^^^^^^^^^^^^^^^^^^^^^^^^^^^^
web-1                               |   File "/usr/local/lib/python3.12/site-packages/django/core/checks/urls.py", line 63, in _load_all_namespaces
web-1                               |     url_patterns = getattr(resolver, "url_patterns", [])
web-1                               |                    ^^^^^^^^^^^^^^^^^^^^^^^^^^^^^^^^^^^^^
web-1                               |   File "/usr/local/lib/python3.12/site-packages/django/utils/functional.py", line 47, in __get__
web-1                               |     res = instance.__dict__[self.name] = self.func(instance)
web-1                               |                                          ^^^^^^^^^^^^^^^^^^^
web-1                               |   File "/usr/local/lib/python3.12/site-packages/django/urls/resolvers.py", line 718, in url_patterns
web-1                               |     patterns = getattr(self.urlconf_module, "urlpatterns", self.urlconf_module)
web-1                               |                        ^^^^^^^^^^^^^^^^^^^
web-1                               |   File "/usr/local/lib/python3.12/site-packages/django/utils/functional.py", line 47, in __get__
web-1                               |     res = instance.__dict__[self.name] = self.func(instance)
web-1                               |                                          ^^^^^^^^^^^^^^^^^^^
web-1                               |   File "/usr/local/lib/python3.12/site-packages/django/urls/resolvers.py", line 711, in urlconf_module
web-1                               |     return import_module(self.urlconf_name)
web-1                               |            ^^^^^^^^^^^^^^^^^^^^^^^^^^^^^^^^
web-1                               |   File "/usr/local/lib/python3.12/importlib/__init__.py", line 90, in import_module
web-1                               |     return _bootstrap._gcd_import(name[level:], package, level)
web-1                               |            ^^^^^^^^^^^^^^^^^^^^^^^^^^^^^^^^^^^^^^^^^^^^^^^^^^^^
web-1                               |   File "<frozen importlib._bootstrap>", line 1387, in _gcd_import
web-1                               |   File "<frozen importlib._bootstrap>", line 1360, in _find_and_load
web-1                               |   File "<frozen importlib._bootstrap>", line 1331, in _find_and_load_unlocked
web-1                               |   File "<frozen importlib._bootstrap>", line 935, in _load_unlocked
web-1                               |   File "<frozen importlib._bootstrap_external>", line 999, in exec_module
web-1                               |   File "<frozen importlib._bootstrap>", line 488, in _call_with_frames_removed
web-1                               |   File "/app/docspot/urls.py", line 39, in <module>
web-1                               |     path("lungs/", include("lungs.urls")),
web-1                               |                    ^^^^^^^^^^^^^^^^^^^^^
web-1                               |   File "/usr/local/lib/python3.12/site-packages/django/urls/conf.py", line 39, in include
web-1                               |     urlconf_module = import_module(urlconf_module)
web-1                               |                      ^^^^^^^^^^^^^^^^^^^^^^^^^^^^^
web-1                               |   File "/usr/local/lib/python3.12/importlib/__init__.py", line 90, in import_module
web-1                               |     return _bootstrap._gcd_import(name[level:], package, level)
web-1                               |            ^^^^^^^^^^^^^^^^^^^^^^^^^^^^^^^^^^^^^^^^^^^^^^^^^^^^
web-1                               |   File "<frozen importlib._bootstrap>", line 1387, in _gcd_import
web-1                               |   File "<frozen importlib._bootstrap>", line 1360, in _find_and_load
web-1                               |   File "<frozen importlib._bootstrap>", line 1331, in _find_and_load_unlocked
web-1                               |   File "<frozen importlib._bootstrap>", line 935, in _load_unlocked
web-1                               |   File "<frozen importlib._bootstrap_external>", line 999, in exec_module
web-1                               |   File "<frozen importlib._bootstrap>", line 488, in _call_with_frames_removed
web-1                               |   File "/app/lungs/urls.py", line 2, in <module>
web-1                               |     from . import views
web-1                               |   File "/app/lungs/views.py", line 14, in <module>
web-1                               |     from lungs.clinical_interpretation import LUNGS_INTERPRETATION
web-1                               |   File "/app/lungs/clinical_interpretation.py", line 1
web-1                               |     LUNGS_INTERPRETATION = {
web-1                               |                            ^
web-1                               | SyntaxError: '{' was never closed
web-1                               | INFO /app/lungs/clinical_interpretation.py changed, reloading.
web-1                               | INFO Watching for file changes with StatReloader
web-1                               | Performing system checks...
web-1                               | 
web-1                               | WARNING:absl:Compiled the loaded model, but the compiled metrics have yet to be built. `model.compile_metrics` will be empty until you train or evaluate the model.
web-1                               | System check identified no issues (0 silenced).
web-1                               | August 11, 2026 - 18:05:02
web-1                               | Django version 5.1.2, using settings 'docspot.settings'
web-1                               | Starting development server at http://0.0.0.0:8000/
web-1                               | Quit the server with CONTROL-C.
web-1                               | 
web-1                               | INFO /app/lungs/views.py changed, reloading.
web-1                               | INFO:django.utils.autoreload:/app/lungs/views.py changed, reloading.
web-1                               | INFO Watching for file changes with StatReloader
web-1                               | Performing system checks...
web-1                               | 
web-1                               | WARNING:absl:Compiled the loaded model, but the compiled metrics have yet to be built. `model.compile_metrics` will be empty until you train or evaluate the model.
web-1                               | System check identified no issues (0 silenced).
web-1                               | August 11, 2026 - 18:05:25
web-1                               | Django version 5.1.2, using settings 'docspot.settings'
web-1                               | Starting development server at http://0.0.0.0:8000/
web-1                               | Quit the server with CONTROL-C.
web-1                               | 
web-1                               | INFO /app/lungs/views.py changed, reloading.
web-1                               | INFO:django.utils.autoreload:/app/lungs/views.py changed, reloading.
web-1                               | INFO Watching for file changes with StatReloader
web-1                               | Performing system checks...
web-1                               | 
web-1                               | WARNING:absl:Compiled the loaded model, but the compiled metrics have yet to be built. `model.compile_metrics` will be empty until you train or evaluate the model.
web-1                               | System check identified no issues (0 silenced).
web-1                               | August 11, 2026 - 18:05:40
web-1                               | Django version 5.1.2, using settings 'docspot.settings'
web-1                               | Starting development server at http://0.0.0.0:8000/
web-1                               | Quit the server with CONTROL-C.
web-1                               | 
web-1                               | INFO /app/heart/views.py changed, reloading.
web-1                               | INFO:django.utils.autoreload:/app/heart/views.py changed, reloading.
web-1                               | INFO Watching for file changes with StatReloader
web-1                               | Performing system checks...
web-1                               | 
web-1                               | WARNING:absl:Compiled the loaded model, but the compiled metrics have yet to be built. `model.compile_metrics` will be empty until you train or evaluate the model.
web-1                               | System check identified no issues (0 silenced).
web-1                               | August 11, 2026 - 18:12:15
web-1                               | Django version 5.1.2, using settings 'docspot.settings'
web-1                               | Starting development server at http://0.0.0.0:8000/
web-1                               | Quit the server with CONTROL-C.
web-1                               | 
web-1                               | INFO /app/lungs/views.py changed, reloading.
web-1                               | INFO:django.utils.autoreload:/app/lungs/views.py changed, reloading.
web-1                               | INFO Watching for file changes with StatReloader
web-1                               | Performing system checks...
web-1                               | 
web-1                               | WARNING:absl:Compiled the loaded model, but the compiled metrics have yet to be built. `model.compile_metrics` will be empty until you train or evaluate the model.
web-1                               | System check identified no issues (0 silenced).
web-1                               | August 11, 2026 - 18:12:35
web-1                               | Django version 5.1.2, using settings 'docspot.settings'
web-1                               | Starting development server at http://0.0.0.0:8000/
web-1                               | Quit the server with CONTROL-C.
web-1                               | 
web-1                               | INFO /app/lungs/views.py changed, reloading.
web-1                               | INFO:django.utils.autoreload:/app/lungs/views.py changed, reloading.
web-1                               | INFO Watching for file changes with StatReloader
web-1                               | Performing system checks...
web-1                               | 
web-1                               | WARNING:absl:Compiled the loaded model, but the compiled metrics have yet to be built. `model.compile_metrics` will be empty until you train or evaluate the model.
web-1                               | System check identified no issues (0 silenced).
web-1                               | August 11, 2026 - 18:12:55
web-1                               | Django version 5.1.2, using settings 'docspot.settings'
web-1                               | Starting development server at http://0.0.0.0:8000/
web-1                               | Quit the server with CONTROL-C.
web-1                               | 
web-1                               | INFO /app/lungs/views.py changed, reloading.
web-1                               | INFO:django.utils.autoreload:/app/lungs/views.py changed, reloading.
web-1                               | INFO Watching for file changes with StatReloader
web-1                               | Performing system checks...
web-1                               | 
web-1                               | WARNING:absl:Compiled the loaded model, but the compiled metrics have yet to be built. `model.compile_metrics` will be empty until you train or evaluate the model.
web-1                               | System check identified no issues (0 silenced).
web-1                               | August 11, 2026 - 18:13:26
web-1                               | Django version 5.1.2, using settings 'docspot.settings'
web-1                               | Starting development server at http://0.0.0.0:8000/
web-1                               | Quit the server with CONTROL-C.
web-1                               | 
web-1                               | INFO /app/lungs/views.py changed, reloading.
web-1                               | INFO:django.utils.autoreload:/app/lungs/views.py changed, reloading.
web-1                               | INFO Watching for file changes with StatReloader
web-1                               | Performing system checks...
web-1                               | 
web-1                               | WARNING:absl:Compiled the loaded model, but the compiled metrics have yet to be built. `model.compile_metrics` will be empty until you train or evaluate the model.
web-1                               | System check identified no issues (0 silenced).
web-1                               | August 11, 2026 - 18:14:00
web-1                               | Django version 5.1.2, using settings 'docspot.settings'
web-1                               | Starting development server at http://0.0.0.0:8000/
web-1                               | Quit the server with CONTROL-C.
web-1                               | 
web-1                               | INFO /app/lungs/views.py changed, reloading.
web-1                               | INFO:django.utils.autoreload:/app/lungs/views.py changed, reloading.
web-1                               | INFO Watching for file changes with StatReloader
web-1                               | Performing system checks...
web-1                               | 
web-1                               | Exception in thread django-main-thread:
web-1                               | Traceback (most recent call last):
web-1                               |   File "/usr/local/lib/python3.12/threading.py", line 1075, in _bootstrap_inner
web-1                               |     self.run()
web-1                               |   File "/usr/local/lib/python3.12/threading.py", line 1012, in run
web-1                               |     self._target(*self._args, **self._kwargs)
web-1                               |   File "/usr/local/lib/python3.12/site-packages/django/utils/autoreload.py", line 64, in wrapper
web-1                               |     fn(*args, **kwargs)
web-1                               |   File "/usr/local/lib/python3.12/site-packages/django/core/management/commands/runserver.py", line 134, in inner_run
web-1                               |     self.check(display_num_errors=True)
web-1                               |   File "/usr/local/lib/python3.12/site-packages/django/core/management/base.py", line 486, in check
web-1                               |     all_issues = checks.run_checks(
web-1                               |                  ^^^^^^^^^^^^^^^^^^
web-1                               |   File "/usr/local/lib/python3.12/site-packages/django/core/checks/registry.py", line 88, in run_checks
web-1                               |     new_errors = check(app_configs=app_configs, databases=databases)
web-1                               |                  ^^^^^^^^^^^^^^^^^^^^^^^^^^^^^^^^^^^^^^^^^^^^^^^^^^^
web-1                               |   File "/usr/local/lib/python3.12/site-packages/django/core/checks/urls.py", line 44, in check_url_namespaces_unique
web-1                               |     all_namespaces = _load_all_namespaces(resolver)
web-1                               |                      ^^^^^^^^^^^^^^^^^^^^^^^^^^^^^^
web-1                               |   File "/usr/local/lib/python3.12/site-packages/django/core/checks/urls.py", line 63, in _load_all_namespaces
web-1                               |     url_patterns = getattr(resolver, "url_patterns", [])
web-1                               |                    ^^^^^^^^^^^^^^^^^^^^^^^^^^^^^^^^^^^^^
web-1                               |   File "/usr/local/lib/python3.12/site-packages/django/utils/functional.py", line 47, in __get__
web-1                               |     res = instance.__dict__[self.name] = self.func(instance)
web-1                               |                                          ^^^^^^^^^^^^^^^^^^^
web-1                               |   File "/usr/local/lib/python3.12/site-packages/django/urls/resolvers.py", line 718, in url_patterns
web-1                               |     patterns = getattr(self.urlconf_module, "urlpatterns", self.urlconf_module)
web-1                               |                        ^^^^^^^^^^^^^^^^^^^
web-1                               |   File "/usr/local/lib/python3.12/site-packages/django/utils/functional.py", line 47, in __get__
web-1                               |     res = instance.__dict__[self.name] = self.func(instance)
web-1                               |                                          ^^^^^^^^^^^^^^^^^^^
web-1                               |   File "/usr/local/lib/python3.12/site-packages/django/urls/resolvers.py", line 711, in urlconf_module
web-1                               |     return import_module(self.urlconf_name)
web-1                               |            ^^^^^^^^^^^^^^^^^^^^^^^^^^^^^^^^
web-1                               |   File "/usr/local/lib/python3.12/importlib/__init__.py", line 90, in import_module
web-1                               |     return _bootstrap._gcd_import(name[level:], package, level)
web-1                               |            ^^^^^^^^^^^^^^^^^^^^^^^^^^^^^^^^^^^^^^^^^^^^^^^^^^^^
web-1                               |   File "<frozen importlib._bootstrap>", line 1387, in _gcd_import
web-1                               |   File "<frozen importlib._bootstrap>", line 1360, in _find_and_load
web-1                               |   File "<frozen importlib._bootstrap>", line 1331, in _find_and_load_unlocked
web-1                               |   File "<frozen importlib._bootstrap>", line 935, in _load_unlocked
web-1                               |   File "<frozen importlib._bootstrap_external>", line 999, in exec_module
web-1                               |   File "<frozen importlib._bootstrap>", line 488, in _call_with_frames_removed
web-1                               |   File "/app/docspot/urls.py", line 39, in <module>
web-1                               |     path("lungs/", include("lungs.urls")),
web-1                               |                    ^^^^^^^^^^^^^^^^^^^^^
web-1                               |   File "/usr/local/lib/python3.12/site-packages/django/urls/conf.py", line 39, in include
web-1                               |     urlconf_module = import_module(urlconf_module)
web-1                               |                      ^^^^^^^^^^^^^^^^^^^^^^^^^^^^^
web-1                               |   File "/usr/local/lib/python3.12/importlib/__init__.py", line 90, in import_module
web-1                               |     return _bootstrap._gcd_import(name[level:], package, level)
web-1                               |            ^^^^^^^^^^^^^^^^^^^^^^^^^^^^^^^^^^^^^^^^^^^^^^^^^^^^
web-1                               |   File "<frozen importlib._bootstrap>", line 1387, in _gcd_import
web-1                               |   File "<frozen importlib._bootstrap>", line 1360, in _find_and_load
web-1                               |   File "<frozen importlib._bootstrap>", line 1331, in _find_and_load_unlocked
web-1                               |   File "<frozen importlib._bootstrap>", line 935, in _load_unlocked
web-1                               |   File "<frozen importlib._bootstrap_external>", line 999, in exec_module
web-1                               |   File "<frozen importlib._bootstrap>", line 488, in _call_with_frames_removed
web-1                               |   File "/app/lungs/urls.py", line 2, in <module>
web-1                               |     from . import views
web-1                               |   File "/app/lungs/views.py", line 157
web-1                               |     print("=== POST RECEIVED ===")
web-1                               | IndentationError: unexpected indent
web-1                               | INFO /app/lungs/views.py changed, reloading.
web-1                               | INFO Watching for file changes with StatReloader
web-1                               | Performing system checks...
web-1                               | 
web-1                               | WARNING:absl:Compiled the loaded model, but the compiled metrics have yet to be built. `model.compile_metrics` will be empty until you train or evaluate the model.
web-1                               | System check identified no issues (0 silenced).
web-1                               | August 11, 2026 - 18:14:39
web-1                               | Django version 5.1.2, using settings 'docspot.settings'
web-1                               | Starting development server at http://0.0.0.0:8000/
web-1                               | Quit the server with CONTROL-C.
web-1                               | 
web-1                               | INFO /app/lungs/views.py changed, reloading.
web-1                               | INFO:django.utils.autoreload:/app/lungs/views.py changed, reloading.
web-1                               | INFO Watching for file changes with StatReloader
web-1                               | Performing system checks...
web-1                               | 
web-1                               | WARNING:absl:Compiled the loaded model, but the compiled metrics have yet to be built. `model.compile_metrics` will be empty until you train or evaluate the model.
web-1                               | System check identified no issues (0 silenced).
web-1                               | August 11, 2026 - 18:14:47
web-1                               | Django version 5.1.2, using settings 'docspot.settings'
web-1                               | Starting development server at http://0.0.0.0:8000/
web-1                               | Quit the server with CONTROL-C.
web-1                               | 
web-1                               | INFO /app/lungs/views.py changed, reloading.
web-1                               | INFO:django.utils.autoreload:/app/lungs/views.py changed, reloading.
web-1                               | INFO Watching for file changes with StatReloader
web-1                               | Performing system checks...
web-1                               | 
web-1                               | WARNING:absl:Compiled the loaded model, but the compiled metrics have yet to be built. `model.compile_metrics` will be empty until you train or evaluate the model.
web-1                               | System check identified no issues (0 silenced).
web-1                               | August 11, 2026 - 18:14:56
web-1                               | Django version 5.1.2, using settings 'docspot.settings'
web-1                               | Starting development server at http://0.0.0.0:8000/
web-1                               | Quit the server with CONTROL-C.
web-1                               | 
web-1                               | INFO /app/lungs/views.py changed, reloading.
web-1                               | INFO:django.utils.autoreload:/app/lungs/views.py changed, reloading.
web-1                               | Performing system checks...
web-1                               | 
web-1                               | INFO Watching for file changes with StatReloader
web-1                               | WARNING:absl:Compiled the loaded model, but the compiled metrics have yet to be built. `model.compile_metrics` will be empty until you train or evaluate the model.
web-1                               | System check identified no issues (0 silenced).
web-1                               | August 11, 2026 - 18:15:17
web-1                               | Django version 5.1.2, using settings 'docspot.settings'
web-1                               | Starting development server at http://0.0.0.0:8000/
web-1                               | Quit the server with CONTROL-C.
web-1                               | 
web-1                               | INFO /app/lungs/views.py changed, reloading.
web-1                               | INFO:django.utils.autoreload:/app/lungs/views.py changed, reloading.
web-1                               | INFO Watching for file changes with StatReloader
web-1                               | Performing system checks...
web-1                               | 
web-1                               | WARNING:absl:Compiled the loaded model, but the compiled metrics have yet to be built. `model.compile_metrics` will be empty until you train or evaluate the model.
web-1                               | System check identified no issues (0 silenced).
web-1                               | August 11, 2026 - 18:15:22
web-1                               | Django version 5.1.2, using settings 'docspot.settings'
web-1                               | Starting development server at http://0.0.0.0:8000/
web-1                               | Quit the server with CONTROL-C.
web-1                               | 
web-1                               | INFO /app/lungs/views.py changed, reloading.
web-1                               | INFO:django.utils.autoreload:/app/lungs/views.py changed, reloading.
web-1                               | INFO Watching for file changes with StatReloader
web-1                               | Performing system checks...
web-1                               | 
web-1                               | WARNING:absl:Compiled the loaded model, but the compiled metrics have yet to be built. `model.compile_metrics` will be empty until you train or evaluate the model.
web-1                               | System check identified no issues (0 silenced).
web-1                               | August 11, 2026 - 18:15:38
web-1                               | Django version 5.1.2, using settings 'docspot.settings'
web-1                               | Starting development server at http://0.0.0.0:8000/
web-1                               | Quit the server with CONTROL-C.
web-1                               | 
web-1                               | INFO /app/lungs/views.py changed, reloading.
web-1                               | INFO:django.utils.autoreload:/app/lungs/views.py changed, reloading.
web-1                               | INFO Watching for file changes with StatReloader
web-1                               | Performing system checks...
web-1                               | 
web-1                               | Exception in thread django-main-thread:
web-1                               | Traceback (most recent call last):
web-1                               |   File "/usr/local/lib/python3.12/threading.py", line 1075, in _bootstrap_inner
web-1                               |     self.run()
web-1                               |   File "/usr/local/lib/python3.12/threading.py", line 1012, in run
web-1                               |     self._target(*self._args, **self._kwargs)
web-1                               |   File "/usr/local/lib/python3.12/site-packages/django/utils/autoreload.py", line 64, in wrapper
web-1                               |     fn(*args, **kwargs)
web-1                               |   File "/usr/local/lib/python3.12/site-packages/django/core/management/commands/runserver.py", line 134, in inner_run
web-1                               |     self.check(display_num_errors=True)
web-1                               |   File "/usr/local/lib/python3.12/site-packages/django/core/management/base.py", line 486, in check
web-1                               |     all_issues = checks.run_checks(
web-1                               |                  ^^^^^^^^^^^^^^^^^^
web-1                               |   File "/usr/local/lib/python3.12/site-packages/django/core/checks/registry.py", line 88, in run_checks
web-1                               |     new_errors = check(app_configs=app_configs, databases=databases)
web-1                               |                  ^^^^^^^^^^^^^^^^^^^^^^^^^^^^^^^^^^^^^^^^^^^^^^^^^^^
web-1                               |   File "/usr/local/lib/python3.12/site-packages/django/core/checks/urls.py", line 44, in check_url_namespaces_unique
web-1                               |     all_namespaces = _load_all_namespaces(resolver)
web-1                               |                      ^^^^^^^^^^^^^^^^^^^^^^^^^^^^^^
web-1                               |   File "/usr/local/lib/python3.12/site-packages/django/core/checks/urls.py", line 63, in _load_all_namespaces
web-1                               |     url_patterns = getattr(resolver, "url_patterns", [])
web-1                               |                    ^^^^^^^^^^^^^^^^^^^^^^^^^^^^^^^^^^^^^
web-1                               |   File "/usr/local/lib/python3.12/site-packages/django/utils/functional.py", line 47, in __get__
web-1                               |     res = instance.__dict__[self.name] = self.func(instance)
web-1                               |                                          ^^^^^^^^^^^^^^^^^^^
web-1                               |   File "/usr/local/lib/python3.12/site-packages/django/urls/resolvers.py", line 718, in url_patterns
web-1                               |     patterns = getattr(self.urlconf_module, "urlpatterns", self.urlconf_module)
web-1                               |                        ^^^^^^^^^^^^^^^^^^^
web-1                               |   File "/usr/local/lib/python3.12/site-packages/django/utils/functional.py", line 47, in __get__
web-1                               |     res = instance.__dict__[self.name] = self.func(instance)
web-1                               |                                          ^^^^^^^^^^^^^^^^^^^
web-1                               |   File "/usr/local/lib/python3.12/site-packages/django/urls/resolvers.py", line 711, in urlconf_module
web-1                               |     return import_module(self.urlconf_name)
web-1                               |            ^^^^^^^^^^^^^^^^^^^^^^^^^^^^^^^^
web-1                               |   File "/usr/local/lib/python3.12/importlib/__init__.py", line 90, in import_module
web-1                               |     return _bootstrap._gcd_import(name[level:], package, level)
web-1                               |            ^^^^^^^^^^^^^^^^^^^^^^^^^^^^^^^^^^^^^^^^^^^^^^^^^^^^
web-1                               |   File "<frozen importlib._bootstrap>", line 1387, in _gcd_import
web-1                               |   File "<frozen importlib._bootstrap>", line 1360, in _find_and_load
web-1                               |   File "<frozen importlib._bootstrap>", line 1331, in _find_and_load_unlocked
web-1                               |   File "<frozen importlib._bootstrap>", line 935, in _load_unlocked
web-1                               |   File "<frozen importlib._bootstrap_external>", line 999, in exec_module
web-1                               |   File "<frozen importlib._bootstrap>", line 488, in _call_with_frames_removed
web-1                               |   File "/app/docspot/urls.py", line 39, in <module>
web-1                               |     path("lungs/", include("lungs.urls")),
web-1                               |                    ^^^^^^^^^^^^^^^^^^^^^
web-1                               |   File "/usr/local/lib/python3.12/site-packages/django/urls/conf.py", line 39, in include
web-1                               |     urlconf_module = import_module(urlconf_module)
web-1                               |                      ^^^^^^^^^^^^^^^^^^^^^^^^^^^^^
web-1                               |   File "/usr/local/lib/python3.12/importlib/__init__.py", line 90, in import_module
web-1                               |     return _bootstrap._gcd_import(name[level:], package, level)
web-1                               |            ^^^^^^^^^^^^^^^^^^^^^^^^^^^^^^^^^^^^^^^^^^^^^^^^^^^^
web-1                               |   File "<frozen importlib._bootstrap>", line 1387, in _gcd_import
web-1                               |   File "<frozen importlib._bootstrap>", line 1360, in _find_and_load
web-1                               |   File "<frozen importlib._bootstrap>", line 1331, in _find_and_load_unlocked
web-1                               |   File "<frozen importlib._bootstrap>", line 935, in _load_unlocked
web-1                               |   File "<frozen importlib._bootstrap_external>", line 999, in exec_module
web-1                               |   File "<frozen importlib._bootstrap>", line 488, in _call_with_frames_removed
web-1                               |   File "/app/lungs/urls.py", line 2, in <module>
web-1                               |     from . import views
web-1                               |   File "/app/lungs/views.py", line 191
web-1                               |     best_idx = probs.argmax()
web-1                               | IndentationError: unexpected indent
web-1                               | INFO /app/lungs/views.py changed, reloading.
web-1                               | INFO Watching for file changes with StatReloader
web-1                               | Performing system checks...
web-1                               | 
web-1                               | Exception in thread django-main-thread:
web-1                               | Traceback (most recent call last):
web-1                               |   File "/usr/local/lib/python3.12/threading.py", line 1075, in _bootstrap_inner
web-1                               |     self.run()
web-1                               |   File "/usr/local/lib/python3.12/threading.py", line 1012, in run
web-1                               |     self._target(*self._args, **self._kwargs)
web-1                               |   File "/usr/local/lib/python3.12/site-packages/django/utils/autoreload.py", line 64, in wrapper
web-1                               |     fn(*args, **kwargs)
web-1                               |   File "/usr/local/lib/python3.12/site-packages/django/core/management/commands/runserver.py", line 134, in inner_run
web-1                               |     self.check(display_num_errors=True)
web-1                               |   File "/usr/local/lib/python3.12/site-packages/django/core/management/base.py", line 486, in check
web-1                               |     all_issues = checks.run_checks(
web-1                               |                  ^^^^^^^^^^^^^^^^^^
web-1                               |   File "/usr/local/lib/python3.12/site-packages/django/core/checks/registry.py", line 88, in run_checks
web-1                               |     new_errors = check(app_configs=app_configs, databases=databases)
web-1                               |                  ^^^^^^^^^^^^^^^^^^^^^^^^^^^^^^^^^^^^^^^^^^^^^^^^^^^
web-1                               |   File "/usr/local/lib/python3.12/site-packages/django/core/checks/urls.py", line 44, in check_url_namespaces_unique
web-1                               |     all_namespaces = _load_all_namespaces(resolver)
web-1                               |                      ^^^^^^^^^^^^^^^^^^^^^^^^^^^^^^
web-1                               |   File "/usr/local/lib/python3.12/site-packages/django/core/checks/urls.py", line 63, in _load_all_namespaces
web-1                               |     url_patterns = getattr(resolver, "url_patterns", [])
web-1                               |                    ^^^^^^^^^^^^^^^^^^^^^^^^^^^^^^^^^^^^^
web-1                               |   File "/usr/local/lib/python3.12/site-packages/django/utils/functional.py", line 47, in __get__
web-1                               |     res = instance.__dict__[self.name] = self.func(instance)
web-1                               |                                          ^^^^^^^^^^^^^^^^^^^
web-1                               |   File "/usr/local/lib/python3.12/site-packages/django/urls/resolvers.py", line 718, in url_patterns
web-1                               |     patterns = getattr(self.urlconf_module, "urlpatterns", self.urlconf_module)
web-1                               |                        ^^^^^^^^^^^^^^^^^^^
web-1                               |   File "/usr/local/lib/python3.12/site-packages/django/utils/functional.py", line 47, in __get__
web-1                               |     res = instance.__dict__[self.name] = self.func(instance)
web-1                               |                                          ^^^^^^^^^^^^^^^^^^^
web-1                               |   File "/usr/local/lib/python3.12/site-packages/django/urls/resolvers.py", line 711, in urlconf_module
web-1                               |     return import_module(self.urlconf_name)
web-1                               |            ^^^^^^^^^^^^^^^^^^^^^^^^^^^^^^^^
web-1                               |   File "/usr/local/lib/python3.12/importlib/__init__.py", line 90, in import_module
web-1                               |     return _bootstrap._gcd_import(name[level:], package, level)
web-1                               |            ^^^^^^^^^^^^^^^^^^^^^^^^^^^^^^^^^^^^^^^^^^^^^^^^^^^^
web-1                               |   File "<frozen importlib._bootstrap>", line 1387, in _gcd_import
web-1                               |   File "<frozen importlib._bootstrap>", line 1360, in _find_and_load
web-1                               |   File "<frozen importlib._bootstrap>", line 1331, in _find_and_load_unlocked
web-1                               |   File "<frozen importlib._bootstrap>", line 935, in _load_unlocked
web-1                               |   File "<frozen importlib._bootstrap_external>", line 999, in exec_module
web-1                               |   File "<frozen importlib._bootstrap>", line 488, in _call_with_frames_removed
web-1                               |   File "/app/docspot/urls.py", line 39, in <module>
web-1                               |     path("lungs/", include("lungs.urls")),
web-1                               |                    ^^^^^^^^^^^^^^^^^^^^^
web-1                               |   File "/usr/local/lib/python3.12/site-packages/django/urls/conf.py", line 39, in include
web-1                               |     urlconf_module = import_module(urlconf_module)
web-1                               |                      ^^^^^^^^^^^^^^^^^^^^^^^^^^^^^
web-1                               |   File "/usr/local/lib/python3.12/importlib/__init__.py", line 90, in import_module
web-1                               |     return _bootstrap._gcd_import(name[level:], package, level)
web-1                               |            ^^^^^^^^^^^^^^^^^^^^^^^^^^^^^^^^^^^^^^^^^^^^^^^^^^^^
web-1                               |   File "<frozen importlib._bootstrap>", line 1387, in _gcd_import
web-1                               |   File "<frozen importlib._bootstrap>", line 1360, in _find_and_load
web-1                               |   File "<frozen importlib._bootstrap>", line 1331, in _find_and_load_unlocked
web-1                               |   File "<frozen importlib._bootstrap>", line 935, in _load_unlocked
web-1                               |   File "<frozen importlib._bootstrap_external>", line 999, in exec_module
web-1                               |   File "<frozen importlib._bootstrap>", line 488, in _call_with_frames_removed
web-1                               |   File "/app/lungs/urls.py", line 2, in <module>
web-1                               |     from . import views
web-1                               |   File "/app/lungs/views.py", line 203
web-1                               |     ).get(
web-1                               |          ^
web-1                               | SyntaxError: '(' was never closed
web-1                               | INFO /app/lungs/views.py changed, reloading.
web-1                               | INFO Watching for file changes with StatReloader
web-1                               | Performing system checks...
web-1                               | 
web-1                               | Exception in thread django-main-thread:
web-1                               | Traceback (most recent call last):
web-1                               |   File "/usr/local/lib/python3.12/threading.py", line 1075, in _bootstrap_inner
web-1                               |     self.run()
web-1                               |   File "/usr/local/lib/python3.12/threading.py", line 1012, in run
web-1                               |     self._target(*self._args, **self._kwargs)
web-1                               |   File "/usr/local/lib/python3.12/site-packages/django/utils/autoreload.py", line 64, in wrapper
web-1                               |     fn(*args, **kwargs)
web-1                               |   File "/usr/local/lib/python3.12/site-packages/django/core/management/commands/runserver.py", line 134, in inner_run
web-1                               |     self.check(display_num_errors=True)
web-1                               |   File "/usr/local/lib/python3.12/site-packages/django/core/management/base.py", line 486, in check
web-1                               |     all_issues = checks.run_checks(
web-1                               |                  ^^^^^^^^^^^^^^^^^^
web-1                               |   File "/usr/local/lib/python3.12/site-packages/django/core/checks/registry.py", line 88, in run_checks
web-1                               |     new_errors = check(app_configs=app_configs, databases=databases)
web-1                               |                  ^^^^^^^^^^^^^^^^^^^^^^^^^^^^^^^^^^^^^^^^^^^^^^^^^^^
web-1                               |   File "/usr/local/lib/python3.12/site-packages/django/core/checks/urls.py", line 44, in check_url_namespaces_unique
web-1                               |     all_namespaces = _load_all_namespaces(resolver)
web-1                               |                      ^^^^^^^^^^^^^^^^^^^^^^^^^^^^^^
web-1                               |   File "/usr/local/lib/python3.12/site-packages/django/core/checks/urls.py", line 63, in _load_all_namespaces
web-1                               |     url_patterns = getattr(resolver, "url_patterns", [])
web-1                               |                    ^^^^^^^^^^^^^^^^^^^^^^^^^^^^^^^^^^^^^
web-1                               |   File "/usr/local/lib/python3.12/site-packages/django/utils/functional.py", line 47, in __get__
web-1                               |     res = instance.__dict__[self.name] = self.func(instance)
web-1                               |                                          ^^^^^^^^^^^^^^^^^^^
web-1                               |   File "/usr/local/lib/python3.12/site-packages/django/urls/resolvers.py", line 718, in url_patterns
web-1                               |     patterns = getattr(self.urlconf_module, "urlpatterns", self.urlconf_module)
web-1                               |                        ^^^^^^^^^^^^^^^^^^^
web-1                               |   File "/usr/local/lib/python3.12/site-packages/django/utils/functional.py", line 47, in __get__
web-1                               |     res = instance.__dict__[self.name] = self.func(instance)
web-1                               |                                          ^^^^^^^^^^^^^^^^^^^
web-1                               |   File "/usr/local/lib/python3.12/site-packages/django/urls/resolvers.py", line 711, in urlconf_module
web-1                               |     return import_module(self.urlconf_name)
web-1                               |            ^^^^^^^^^^^^^^^^^^^^^^^^^^^^^^^^
web-1                               |   File "/usr/local/lib/python3.12/importlib/__init__.py", line 90, in import_module
web-1                               |     return _bootstrap._gcd_import(name[level:], package, level)
web-1                               |            ^^^^^^^^^^^^^^^^^^^^^^^^^^^^^^^^^^^^^^^^^^^^^^^^^^^^
web-1                               |   File "<frozen importlib._bootstrap>", line 1387, in _gcd_import
web-1                               |   File "<frozen importlib._bootstrap>", line 1360, in _find_and_load
web-1                               |   File "<frozen importlib._bootstrap>", line 1331, in _find_and_load_unlocked
web-1                               |   File "<frozen importlib._bootstrap>", line 935, in _load_unlocked
web-1                               |   File "<frozen importlib._bootstrap_external>", line 999, in exec_module
web-1                               |   File "<frozen importlib._bootstrap>", line 488, in _call_with_frames_removed
web-1                               |   File "/app/docspot/urls.py", line 39, in <module>
web-1                               |     path("lungs/", include("lungs.urls")),
web-1                               |                    ^^^^^^^^^^^^^^^^^^^^^
web-1                               |   File "/usr/local/lib/python3.12/site-packages/django/urls/conf.py", line 39, in include
web-1                               |     urlconf_module = import_module(urlconf_module)
web-1                               |                      ^^^^^^^^^^^^^^^^^^^^^^^^^^^^^
web-1                               |   File "/usr/local/lib/python3.12/importlib/__init__.py", line 90, in import_module
web-1                               |     return _bootstrap._gcd_import(name[level:], package, level)
web-1                               |            ^^^^^^^^^^^^^^^^^^^^^^^^^^^^^^^^^^^^^^^^^^^^^^^^^^^^
web-1                               |   File "<frozen importlib._bootstrap>", line 1387, in _gcd_import
web-1                               |   File "<frozen importlib._bootstrap>", line 1360, in _find_and_load
web-1                               |   File "<frozen importlib._bootstrap>", line 1331, in _find_and_load_unlocked
web-1                               |   File "<frozen importlib._bootstrap>", line 935, in _load_unlocked
web-1                               |   File "<frozen importlib._bootstrap_external>", line 999, in exec_module
web-1                               |   File "<frozen importlib._bootstrap>", line 488, in _call_with_frames_removed
web-1                               |   File "/app/lungs/urls.py", line 2, in <module>
web-1                               |     from . import views
web-1                               |   File "/app/lungs/views.py", line 206
web-1                               |     }
web-1                               |     ^
web-1                               | SyntaxError: closing parenthesis '}' does not match opening parenthesis '(' on line 203
web-1                               | INFO /app/lungs/views.py changed, reloading.
web-1                               | INFO Watching for file changes with StatReloader
web-1                               | Performing system checks...
web-1                               | 
web-1                               | Exception in thread django-main-thread:
web-1                               | Traceback (most recent call last):
web-1                               |   File "/usr/local/lib/python3.12/threading.py", line 1075, in _bootstrap_inner
web-1                               |     self.run()
web-1                               |   File "/usr/local/lib/python3.12/threading.py", line 1012, in run
web-1                               |     self._target(*self._args, **self._kwargs)
web-1                               |   File "/usr/local/lib/python3.12/site-packages/django/utils/autoreload.py", line 64, in wrapper
web-1                               |     fn(*args, **kwargs)
web-1                               |   File "/usr/local/lib/python3.12/site-packages/django/core/management/commands/runserver.py", line 134, in inner_run
web-1                               |     self.check(display_num_errors=True)
web-1                               |   File "/usr/local/lib/python3.12/site-packages/django/core/management/base.py", line 486, in check
web-1                               |     all_issues = checks.run_checks(
web-1                               |                  ^^^^^^^^^^^^^^^^^^
web-1                               |   File "/usr/local/lib/python3.12/site-packages/django/core/checks/registry.py", line 88, in run_checks
web-1                               |     new_errors = check(app_configs=app_configs, databases=databases)
web-1                               |                  ^^^^^^^^^^^^^^^^^^^^^^^^^^^^^^^^^^^^^^^^^^^^^^^^^^^
web-1                               |   File "/usr/local/lib/python3.12/site-packages/django/core/checks/urls.py", line 44, in check_url_namespaces_unique
web-1                               |     all_namespaces = _load_all_namespaces(resolver)
web-1                               |                      ^^^^^^^^^^^^^^^^^^^^^^^^^^^^^^
web-1                               |   File "/usr/local/lib/python3.12/site-packages/django/core/checks/urls.py", line 63, in _load_all_namespaces
web-1                               |     url_patterns = getattr(resolver, "url_patterns", [])
web-1                               |                    ^^^^^^^^^^^^^^^^^^^^^^^^^^^^^^^^^^^^^
web-1                               |   File "/usr/local/lib/python3.12/site-packages/django/utils/functional.py", line 47, in __get__
web-1                               |     res = instance.__dict__[self.name] = self.func(instance)
web-1                               |                                          ^^^^^^^^^^^^^^^^^^^
web-1                               |   File "/usr/local/lib/python3.12/site-packages/django/urls/resolvers.py", line 718, in url_patterns
web-1                               |     patterns = getattr(self.urlconf_module, "urlpatterns", self.urlconf_module)
web-1                               |                        ^^^^^^^^^^^^^^^^^^^
web-1                               |   File "/usr/local/lib/python3.12/site-packages/django/utils/functional.py", line 47, in __get__
web-1                               |     res = instance.__dict__[self.name] = self.func(instance)
web-1                               |                                          ^^^^^^^^^^^^^^^^^^^
web-1                               |   File "/usr/local/lib/python3.12/site-packages/django/urls/resolvers.py", line 711, in urlconf_module
web-1                               |     return import_module(self.urlconf_name)
web-1                               |            ^^^^^^^^^^^^^^^^^^^^^^^^^^^^^^^^
web-1                               |   File "/usr/local/lib/python3.12/importlib/__init__.py", line 90, in import_module
web-1                               |     return _bootstrap._gcd_import(name[level:], package, level)
web-1                               |            ^^^^^^^^^^^^^^^^^^^^^^^^^^^^^^^^^^^^^^^^^^^^^^^^^^^^
web-1                               |   File "<frozen importlib._bootstrap>", line 1387, in _gcd_import
web-1                               |   File "<frozen importlib._bootstrap>", line 1360, in _find_and_load
web-1                               |   File "<frozen importlib._bootstrap>", line 1331, in _find_and_load_unlocked
web-1                               |   File "<frozen importlib._bootstrap>", line 935, in _load_unlocked
web-1                               |   File "<frozen importlib._bootstrap_external>", line 999, in exec_module
web-1                               |   File "<frozen importlib._bootstrap>", line 488, in _call_with_frames_removed
web-1                               |   File "/app/docspot/urls.py", line 39, in <module>
web-1                               |     path("lungs/", include("lungs.urls")),
web-1                               |                    ^^^^^^^^^^^^^^^^^^^^^
web-1                               |   File "/usr/local/lib/python3.12/site-packages/django/urls/conf.py", line 39, in include
web-1                               |     urlconf_module = import_module(urlconf_module)
web-1                               |                      ^^^^^^^^^^^^^^^^^^^^^^^^^^^^^
web-1                               |   File "/usr/local/lib/python3.12/importlib/__init__.py", line 90, in import_module
web-1                               |     return _bootstrap._gcd_import(name[level:], package, level)
web-1                               |            ^^^^^^^^^^^^^^^^^^^^^^^^^^^^^^^^^^^^^^^^^^^^^^^^^^^^
web-1                               |   File "<frozen importlib._bootstrap>", line 1387, in _gcd_import
web-1                               |   File "<frozen importlib._bootstrap>", line 1360, in _find_and_load
web-1                               |   File "<frozen importlib._bootstrap>", line 1331, in _find_and_load_unlocked
web-1                               |   File "<frozen importlib._bootstrap>", line 935, in _load_unlocked
web-1                               |   File "<frozen importlib._bootstrap_external>", line 999, in exec_module
web-1                               |   File "<frozen importlib._bootstrap>", line 488, in _call_with_frames_removed
web-1                               |   File "/app/lungs/urls.py", line 2, in <module>
web-1                               |     from . import views
web-1                               |   File "/app/lungs/views.py", line 203
web-1                               |     ).get(
web-1                               |          ^
web-1                               | SyntaxError: '(' was never closed
web-1                               | INFO /app/lungs/views.py changed, reloading.
web-1                               | INFO Watching for file changes with StatReloader
web-1                               | Performing system checks...
web-1                               | 
web-1                               | WARNING:absl:Compiled the loaded model, but the compiled metrics have yet to be built. `model.compile_metrics` will be empty until you train or evaluate the model.
web-1                               | System check identified no issues (0 silenced).
web-1                               | August 11, 2026 - 18:16:25
web-1                               | Django version 5.1.2, using settings 'docspot.settings'
web-1                               | Starting development server at http://0.0.0.0:8000/
web-1                               | Quit the server with CONTROL-C.
web-1                               | 
web-1                               | INFO /app/lungs/views.py changed, reloading.
web-1                               | INFO:django.utils.autoreload:/app/lungs/views.py changed, reloading.
web-1                               | INFO Watching for file changes with StatReloader
web-1                               | Performing system checks...
web-1                               | 
web-1                               | WARNING:absl:Compiled the loaded model, but the compiled metrics have yet to be built. `model.compile_metrics` will be empty until you train or evaluate the model.
web-1                               | System check identified no issues (0 silenced).
web-1                               | August 11, 2026 - 18:16:33
web-1                               | Django version 5.1.2, using settings 'docspot.settings'
web-1                               | Starting development server at http://0.0.0.0:8000/
web-1                               | Quit the server with CONTROL-C.
web-1                               | 
web-1                               | INFO /app/lungs/views.py changed, reloading.
web-1                               | INFO:django.utils.autoreload:/app/lungs/views.py changed, reloading.
web-1                               | INFO Watching for file changes with StatReloader
web-1                               | Performing system checks...
web-1                               | 
web-1                               | WARNING:absl:Compiled the loaded model, but the compiled metrics have yet to be built. `model.compile_metrics` will be empty until you train or evaluate the model.
web-1                               | System check identified no issues (0 silenced).
web-1                               | August 11, 2026 - 18:16:37
web-1                               | Django version 5.1.2, using settings 'docspot.settings'
web-1                               | Starting development server at http://0.0.0.0:8000/
web-1                               | Quit the server with CONTROL-C.
web-1                               | 
web-1                               | INFO /app/heart/views.py changed, reloading.
web-1                               | INFO:django.utils.autoreload:/app/heart/views.py changed, reloading.
web-1                               | INFO Watching for file changes with StatReloader
web-1                               | Performing system checks...
web-1                               | 
web-1                               | WARNING:absl:Compiled the loaded model, but the compiled metrics have yet to be built. `model.compile_metrics` will be empty until you train or evaluate the model.
web-1                               | System check identified no issues (0 silenced).
web-1                               | August 11, 2026 - 18:16:55
web-1                               | Django version 5.1.2, using settings 'docspot.settings'
web-1                               | Starting development server at http://0.0.0.0:8000/
web-1                               | Quit the server with CONTROL-C.
web-1                               | 
web-1                               | INFO /app/heart/views.py changed, reloading.
web-1                               | INFO:django.utils.autoreload:/app/heart/views.py changed, reloading.
web-1                               | INFO Watching for file changes with StatReloader
web-1                               | Performing system checks...
web-1                               | 
web-1                               | WARNING:absl:Compiled the loaded model, but the compiled metrics have yet to be built. `model.compile_metrics` will be empty until you train or evaluate the model.
web-1                               | System check identified no issues (0 silenced).
web-1                               | August 11, 2026 - 18:17:06
web-1                               | Django version 5.1.2, using settings 'docspot.settings'
web-1                               | Starting development server at http://0.0.0.0:8000/
web-1                               | Quit the server with CONTROL-C.
web-1                               | 
web-1                               | INFO /app/lungs/views.py changed, reloading.
web-1                               | INFO:django.utils.autoreload:/app/lungs/views.py changed, reloading.
web-1                               | INFO Watching for file changes with StatReloader
web-1                               | Performing system checks...
web-1                               | 
web-1                               | WARNING:absl:Compiled the loaded model, but the compiled metrics have yet to be built. `model.compile_metrics` will be empty until you train or evaluate the model.
web-1                               | System check identified no issues (0 silenced).
web-1                               | August 11, 2026 - 18:17:58
web-1                               | Django version 5.1.2, using settings 'docspot.settings'
web-1                               | Starting development server at http://0.0.0.0:8000/
web-1                               | Quit the server with CONTROL-C.
web-1                               | 
web-1                               | INFO /app/lungs/views.py changed, reloading.
web-1                               | INFO:django.utils.autoreload:/app/lungs/views.py changed, reloading.
web-1                               | INFO Watching for file changes with StatReloader
web-1                               | Performing system checks...
web-1                               | 
web-1                               | WARNING:absl:Compiled the loaded model, but the compiled metrics have yet to be built. `model.compile_metrics` will be empty until you train or evaluate the model.
web-1                               | System check identified no issues (0 silenced).
web-1                               | August 11, 2026 - 18:18:09
web-1                               | Django version 5.1.2, using settings 'docspot.settings'
web-1                               | Starting development server at http://0.0.0.0:8000/
web-1                               | Quit the server with CONTROL-C.
web-1                               | 
web-1                               | INFO /app/lungs/views.py changed, reloading.
web-1                               | INFO:django.utils.autoreload:/app/lungs/views.py changed, reloading.
web-1                               | INFO Watching for file changes with StatReloader
web-1                               | Performing system checks...
web-1                               | 
web-1                               | Exception in thread django-main-thread:
web-1                               | Traceback (most recent call last):
web-1                               |   File "/usr/local/lib/python3.12/threading.py", line 1075, in _bootstrap_inner
web-1                               |     self.run()
web-1                               |   File "/usr/local/lib/python3.12/threading.py", line 1012, in run
web-1                               |     self._target(*self._args, **self._kwargs)
web-1                               |   File "/usr/local/lib/python3.12/site-packages/django/utils/autoreload.py", line 64, in wrapper
web-1                               |     fn(*args, **kwargs)
web-1                               |   File "/usr/local/lib/python3.12/site-packages/django/core/management/commands/runserver.py", line 134, in inner_run
web-1                               |     self.check(display_num_errors=True)
web-1                               |   File "/usr/local/lib/python3.12/site-packages/django/core/management/base.py", line 486, in check
web-1                               |     all_issues = checks.run_checks(
web-1                               |                  ^^^^^^^^^^^^^^^^^^
web-1                               |   File "/usr/local/lib/python3.12/site-packages/django/core/checks/registry.py", line 88, in run_checks
web-1                               |     new_errors = check(app_configs=app_configs, databases=databases)
web-1                               |                  ^^^^^^^^^^^^^^^^^^^^^^^^^^^^^^^^^^^^^^^^^^^^^^^^^^^
web-1                               |   File "/usr/local/lib/python3.12/site-packages/django/core/checks/urls.py", line 44, in check_url_namespaces_unique
web-1                               |     all_namespaces = _load_all_namespaces(resolver)
web-1                               |                      ^^^^^^^^^^^^^^^^^^^^^^^^^^^^^^
web-1                               |   File "/usr/local/lib/python3.12/site-packages/django/core/checks/urls.py", line 63, in _load_all_namespaces
web-1                               |     url_patterns = getattr(resolver, "url_patterns", [])
web-1                               |                    ^^^^^^^^^^^^^^^^^^^^^^^^^^^^^^^^^^^^^
web-1                               |   File "/usr/local/lib/python3.12/site-packages/django/utils/functional.py", line 47, in __get__
web-1                               |     res = instance.__dict__[self.name] = self.func(instance)
web-1                               |                                          ^^^^^^^^^^^^^^^^^^^
web-1                               |   File "/usr/local/lib/python3.12/site-packages/django/urls/resolvers.py", line 718, in url_patterns
web-1                               |     patterns = getattr(self.urlconf_module, "urlpatterns", self.urlconf_module)
web-1                               |                        ^^^^^^^^^^^^^^^^^^^
web-1                               |   File "/usr/local/lib/python3.12/site-packages/django/utils/functional.py", line 47, in __get__
web-1                               |     res = instance.__dict__[self.name] = self.func(instance)
web-1                               |                                          ^^^^^^^^^^^^^^^^^^^
web-1                               |   File "/usr/local/lib/python3.12/site-packages/django/urls/resolvers.py", line 711, in urlconf_module
web-1                               |     return import_module(self.urlconf_name)
web-1                               |            ^^^^^^^^^^^^^^^^^^^^^^^^^^^^^^^^
web-1                               |   File "/usr/local/lib/python3.12/importlib/__init__.py", line 90, in import_module
web-1                               |     return _bootstrap._gcd_import(name[level:], package, level)
web-1                               |            ^^^^^^^^^^^^^^^^^^^^^^^^^^^^^^^^^^^^^^^^^^^^^^^^^^^^
web-1                               |   File "<frozen importlib._bootstrap>", line 1387, in _gcd_import
web-1                               |   File "<frozen importlib._bootstrap>", line 1360, in _find_and_load
web-1                               |   File "<frozen importlib._bootstrap>", line 1331, in _find_and_load_unlocked
web-1                               |   File "<frozen importlib._bootstrap>", line 935, in _load_unlocked
web-1                               |   File "<frozen importlib._bootstrap_external>", line 999, in exec_module
web-1                               |   File "<frozen importlib._bootstrap>", line 488, in _call_with_frames_removed
web-1                               |   File "/app/docspot/urls.py", line 39, in <module>
web-1                               |     path("lungs/", include("lungs.urls")),
web-1                               |                    ^^^^^^^^^^^^^^^^^^^^^
web-1                               |   File "/usr/local/lib/python3.12/site-packages/django/urls/conf.py", line 39, in include
web-1                               |     urlconf_module = import_module(urlconf_module)
web-1                               |                      ^^^^^^^^^^^^^^^^^^^^^^^^^^^^^
web-1                               |   File "/usr/local/lib/python3.12/importlib/__init__.py", line 90, in import_module
web-1                               |     return _bootstrap._gcd_import(name[level:], package, level)
web-1                               |            ^^^^^^^^^^^^^^^^^^^^^^^^^^^^^^^^^^^^^^^^^^^^^^^^^^^^
web-1                               |   File "<frozen importlib._bootstrap>", line 1387, in _gcd_import
web-1                               |   File "<frozen importlib._bootstrap>", line 1360, in _find_and_load
web-1                               |   File "<frozen importlib._bootstrap>", line 1331, in _find_and_load_unlocked
web-1                               |   File "<frozen importlib._bootstrap>", line 935, in _load_unlocked
web-1                               |   File "<frozen importlib._bootstrap_external>", line 999, in exec_module
web-1                               |   File "<frozen importlib._bootstrap>", line 488, in _call_with_frames_removed
web-1                               |   File "/app/lungs/urls.py", line 2, in <module>
web-1                               |     from . import views
web-1                               |   File "/app/lungs/views.py", line 232
web-1                               |     prediction_result = build_prediction_result(
web-1                               | IndentationError: unexpected indent
web-1                               | INFO /app/lungs/views.py changed, reloading.
web-1                               | INFO Watching for file changes with StatReloader
web-1                               | Performing system checks...
web-1                               | 
web-1                               | Exception in thread django-main-thread:
web-1                               | Traceback (most recent call last):
web-1                               |   File "/usr/local/lib/python3.12/threading.py", line 1075, in _bootstrap_inner
web-1                               |     self.run()
web-1                               |   File "/usr/local/lib/python3.12/threading.py", line 1012, in run
web-1                               |     self._target(*self._args, **self._kwargs)
web-1                               |   File "/usr/local/lib/python3.12/site-packages/django/utils/autoreload.py", line 64, in wrapper
web-1                               |     fn(*args, **kwargs)
web-1                               |   File "/usr/local/lib/python3.12/site-packages/django/core/management/commands/runserver.py", line 134, in inner_run
web-1                               |     self.check(display_num_errors=True)
web-1                               |   File "/usr/local/lib/python3.12/site-packages/django/core/management/base.py", line 486, in check
web-1                               |     all_issues = checks.run_checks(
web-1                               |                  ^^^^^^^^^^^^^^^^^^
web-1                               |   File "/usr/local/lib/python3.12/site-packages/django/core/checks/registry.py", line 88, in run_checks
web-1                               |     new_errors = check(app_configs=app_configs, databases=databases)
web-1                               |                  ^^^^^^^^^^^^^^^^^^^^^^^^^^^^^^^^^^^^^^^^^^^^^^^^^^^
web-1                               |   File "/usr/local/lib/python3.12/site-packages/django/core/checks/urls.py", line 44, in check_url_namespaces_unique
web-1                               |     all_namespaces = _load_all_namespaces(resolver)
web-1                               |                      ^^^^^^^^^^^^^^^^^^^^^^^^^^^^^^
web-1                               |   File "/usr/local/lib/python3.12/site-packages/django/core/checks/urls.py", line 63, in _load_all_namespaces
web-1                               |     url_patterns = getattr(resolver, "url_patterns", [])
web-1                               |                    ^^^^^^^^^^^^^^^^^^^^^^^^^^^^^^^^^^^^^
web-1                               |   File "/usr/local/lib/python3.12/site-packages/django/utils/functional.py", line 47, in __get__
web-1                               |     res = instance.__dict__[self.name] = self.func(instance)
web-1                               |                                          ^^^^^^^^^^^^^^^^^^^
web-1                               |   File "/usr/local/lib/python3.12/site-packages/django/urls/resolvers.py", line 718, in url_patterns
web-1                               |     patterns = getattr(self.urlconf_module, "urlpatterns", self.urlconf_module)
web-1                               |                        ^^^^^^^^^^^^^^^^^^^
web-1                               |   File "/usr/local/lib/python3.12/site-packages/django/utils/functional.py", line 47, in __get__
web-1                               |     res = instance.__dict__[self.name] = self.func(instance)
web-1                               |                                          ^^^^^^^^^^^^^^^^^^^
web-1                               |   File "/usr/local/lib/python3.12/site-packages/django/urls/resolvers.py", line 711, in urlconf_module
web-1                               |     return import_module(self.urlconf_name)
web-1                               |            ^^^^^^^^^^^^^^^^^^^^^^^^^^^^^^^^
web-1                               |   File "/usr/local/lib/python3.12/importlib/__init__.py", line 90, in import_module
web-1                               |     return _bootstrap._gcd_import(name[level:], package, level)
web-1                               |            ^^^^^^^^^^^^^^^^^^^^^^^^^^^^^^^^^^^^^^^^^^^^^^^^^^^^
web-1                               |   File "<frozen importlib._bootstrap>", line 1387, in _gcd_import
web-1                               |   File "<frozen importlib._bootstrap>", line 1360, in _find_and_load
web-1                               |   File "<frozen importlib._bootstrap>", line 1331, in _find_and_load_unlocked
web-1                               |   File "<frozen importlib._bootstrap>", line 935, in _load_unlocked
web-1                               |   File "<frozen importlib._bootstrap_external>", line 999, in exec_module
web-1                               |   File "<frozen importlib._bootstrap>", line 488, in _call_with_frames_removed
web-1                               |   File "/app/docspot/urls.py", line 39, in <module>
web-1                               |     path("lungs/", include("lungs.urls")),
web-1                               |                    ^^^^^^^^^^^^^^^^^^^^^
web-1                               |   File "/usr/local/lib/python3.12/site-packages/django/urls/conf.py", line 39, in include
web-1                               |     urlconf_module = import_module(urlconf_module)
web-1                               |                      ^^^^^^^^^^^^^^^^^^^^^^^^^^^^^
web-1                               |   File "/usr/local/lib/python3.12/importlib/__init__.py", line 90, in import_module
web-1                               |     return _bootstrap._gcd_import(name[level:], package, level)
web-1                               |            ^^^^^^^^^^^^^^^^^^^^^^^^^^^^^^^^^^^^^^^^^^^^^^^^^^^^
web-1                               |   File "<frozen importlib._bootstrap>", line 1387, in _gcd_import
web-1                               |   File "<frozen importlib._bootstrap>", line 1360, in _find_and_load
web-1                               |   File "<frozen importlib._bootstrap>", line 1331, in _find_and_load_unlocked
web-1                               |   File "<frozen importlib._bootstrap>", line 935, in _load_unlocked
web-1                               |   File "<frozen importlib._bootstrap_external>", line 999, in exec_module
web-1                               |   File "<frozen importlib._bootstrap>", line 488, in _call_with_frames_removed
web-1                               |   File "/app/lungs/urls.py", line 2, in <module>
web-1                               |     from . import views
web-1                               |   File "/app/lungs/views.py", line 233
web-1                               |     prediction_result = build_prediction_result(
web-1                               | IndentationError: unexpected indent
web-1                               | INFO /app/lungs/views.py changed, reloading.
web-1                               | INFO Watching for file changes with StatReloader
web-1                               | Performing system checks...
web-1                               | 
web-1                               | Exception in thread django-main-thread:
web-1                               | Traceback (most recent call last):
web-1                               |   File "/usr/local/lib/python3.12/threading.py", line 1075, in _bootstrap_inner
web-1                               |     self.run()
web-1                               |   File "/usr/local/lib/python3.12/threading.py", line 1012, in run
web-1                               |     self._target(*self._args, **self._kwargs)
web-1                               |   File "/usr/local/lib/python3.12/site-packages/django/utils/autoreload.py", line 64, in wrapper
web-1                               |     fn(*args, **kwargs)
web-1                               |   File "/usr/local/lib/python3.12/site-packages/django/core/management/commands/runserver.py", line 134, in inner_run
web-1                               |     self.check(display_num_errors=True)
web-1                               |   File "/usr/local/lib/python3.12/site-packages/django/core/management/base.py", line 486, in check
web-1                               |     all_issues = checks.run_checks(
web-1                               |                  ^^^^^^^^^^^^^^^^^^
web-1                               |   File "/usr/local/lib/python3.12/site-packages/django/core/checks/registry.py", line 88, in run_checks
web-1                               |     new_errors = check(app_configs=app_configs, databases=databases)
web-1                               |                  ^^^^^^^^^^^^^^^^^^^^^^^^^^^^^^^^^^^^^^^^^^^^^^^^^^^
web-1                               |   File "/usr/local/lib/python3.12/site-packages/django/core/checks/urls.py", line 44, in check_url_namespaces_unique
web-1                               |     all_namespaces = _load_all_namespaces(resolver)
web-1                               |                      ^^^^^^^^^^^^^^^^^^^^^^^^^^^^^^
web-1                               |   File "/usr/local/lib/python3.12/site-packages/django/core/checks/urls.py", line 63, in _load_all_namespaces
web-1                               |     url_patterns = getattr(resolver, "url_patterns", [])
web-1                               |                    ^^^^^^^^^^^^^^^^^^^^^^^^^^^^^^^^^^^^^
web-1                               |   File "/usr/local/lib/python3.12/site-packages/django/utils/functional.py", line 47, in __get__
web-1                               |     res = instance.__dict__[self.name] = self.func(instance)
web-1                               |                                          ^^^^^^^^^^^^^^^^^^^
web-1                               |   File "/usr/local/lib/python3.12/site-packages/django/urls/resolvers.py", line 718, in url_patterns
web-1                               |     patterns = getattr(self.urlconf_module, "urlpatterns", self.urlconf_module)
web-1                               |                        ^^^^^^^^^^^^^^^^^^^
web-1                               |   File "/usr/local/lib/python3.12/site-packages/django/utils/functional.py", line 47, in __get__
web-1                               |     res = instance.__dict__[self.name] = self.func(instance)
web-1                               |                                          ^^^^^^^^^^^^^^^^^^^
web-1                               |   File "/usr/local/lib/python3.12/site-packages/django/urls/resolvers.py", line 711, in urlconf_module
web-1                               |     return import_module(self.urlconf_name)
web-1                               |            ^^^^^^^^^^^^^^^^^^^^^^^^^^^^^^^^
web-1                               |   File "/usr/local/lib/python3.12/importlib/__init__.py", line 90, in import_module
web-1                               |     return _bootstrap._gcd_import(name[level:], package, level)
web-1                               |            ^^^^^^^^^^^^^^^^^^^^^^^^^^^^^^^^^^^^^^^^^^^^^^^^^^^^
web-1                               |   File "<frozen importlib._bootstrap>", line 1387, in _gcd_import
web-1                               |   File "<frozen importlib._bootstrap>", line 1360, in _find_and_load
web-1                               |   File "<frozen importlib._bootstrap>", line 1331, in _find_and_load_unlocked
web-1                               |   File "<frozen importlib._bootstrap>", line 935, in _load_unlocked
web-1                               |   File "<frozen importlib._bootstrap_external>", line 999, in exec_module
web-1                               |   File "<frozen importlib._bootstrap>", line 488, in _call_with_frames_removed
web-1                               |   File "/app/docspot/urls.py", line 39, in <module>
web-1                               |     path("lungs/", include("lungs.urls")),
web-1                               |                    ^^^^^^^^^^^^^^^^^^^^^
web-1                               |   File "/usr/local/lib/python3.12/site-packages/django/urls/conf.py", line 39, in include
web-1                               |     urlconf_module = import_module(urlconf_module)
web-1                               |                      ^^^^^^^^^^^^^^^^^^^^^^^^^^^^^
web-1                               |   File "/usr/local/lib/python3.12/importlib/__init__.py", line 90, in import_module
web-1                               |     return _bootstrap._gcd_import(name[level:], package, level)
web-1                               |            ^^^^^^^^^^^^^^^^^^^^^^^^^^^^^^^^^^^^^^^^^^^^^^^^^^^^
web-1                               |   File "<frozen importlib._bootstrap>", line 1387, in _gcd_import
web-1                               |   File "<frozen importlib._bootstrap>", line 1360, in _find_and_load
web-1                               |   File "<frozen importlib._bootstrap>", line 1331, in _find_and_load_unlocked
web-1                               |   File "<frozen importlib._bootstrap>", line 935, in _load_unlocked
web-1                               |   File "<frozen importlib._bootstrap_external>", line 999, in exec_module
web-1                               |   File "<frozen importlib._bootstrap>", line 488, in _call_with_frames_removed
web-1                               |   File "/app/lungs/urls.py", line 2, in <module>
web-1                               |     from . import views
web-1                               |   File "/app/lungs/views.py", line 239
web-1                               |     prediction_metadata = generate_prediction_metadata(
web-1                               | IndentationError: unexpected indent
web-1                               | INFO /app/lungs/views.py changed, reloading.
web-1                               | Performing system checks...
web-1                               | 
web-1                               | INFO Watching for file changes with StatReloader
web-1                               | WARNING:absl:Compiled the loaded model, but the compiled metrics have yet to be built. `model.compile_metrics` will be empty until you train or evaluate the model.
web-1                               | System check identified no issues (0 silenced).
web-1                               | August 11, 2026 - 18:19:00
web-1                               | Django version 5.1.2, using settings 'docspot.settings'
web-1                               | Starting development server at http://0.0.0.0:8000/
web-1                               | Quit the server with CONTROL-C.
web-1                               | 
web-1                               | INFO /app/lungs/views.py changed, reloading.
web-1                               | INFO:django.utils.autoreload:/app/lungs/views.py changed, reloading.
web-1                               | INFO Watching for file changes with StatReloader
web-1                               | Performing system checks...
web-1                               | 
web-1                               | WARNING:absl:Compiled the loaded model, but the compiled metrics have yet to be built. `model.compile_metrics` will be empty until you train or evaluate the model.
web-1                               | System check identified no issues (0 silenced).
web-1                               | August 11, 2026 - 18:19:15
web-1                               | Django version 5.1.2, using settings 'docspot.settings'
web-1                               | Starting development server at http://0.0.0.0:8000/
web-1                               | Quit the server with CONTROL-C.
web-1                               | 
web-1                               | INFO /app/lungs/views.py changed, reloading.
web-1                               | INFO:django.utils.autoreload:/app/lungs/views.py changed, reloading.
web-1                               | INFO Watching for file changes with StatReloader
web-1                               | Performing system checks...
web-1                               | 
web-1                               | Exception in thread django-main-thread:
web-1                               | Traceback (most recent call last):
web-1                               |   File "/usr/local/lib/python3.12/threading.py", line 1075, in _bootstrap_inner
web-1                               |     self.run()
web-1                               |   File "/usr/local/lib/python3.12/threading.py", line 1012, in run
web-1                               |     self._target(*self._args, **self._kwargs)
web-1                               |   File "/usr/local/lib/python3.12/site-packages/django/utils/autoreload.py", line 64, in wrapper
web-1                               |     fn(*args, **kwargs)
web-1                               |   File "/usr/local/lib/python3.12/site-packages/django/core/management/commands/runserver.py", line 134, in inner_run
web-1                               |     self.check(display_num_errors=True)
web-1                               |   File "/usr/local/lib/python3.12/site-packages/django/core/management/base.py", line 486, in check
web-1                               |     all_issues = checks.run_checks(
web-1                               |                  ^^^^^^^^^^^^^^^^^^
web-1                               |   File "/usr/local/lib/python3.12/site-packages/django/core/checks/registry.py", line 88, in run_checks
web-1                               |     new_errors = check(app_configs=app_configs, databases=databases)
web-1                               |                  ^^^^^^^^^^^^^^^^^^^^^^^^^^^^^^^^^^^^^^^^^^^^^^^^^^^
web-1                               |   File "/usr/local/lib/python3.12/site-packages/django/core/checks/urls.py", line 44, in check_url_namespaces_unique
web-1                               |     all_namespaces = _load_all_namespaces(resolver)
web-1                               |                      ^^^^^^^^^^^^^^^^^^^^^^^^^^^^^^
web-1                               |   File "/usr/local/lib/python3.12/site-packages/django/core/checks/urls.py", line 63, in _load_all_namespaces
web-1                               |     url_patterns = getattr(resolver, "url_patterns", [])
web-1                               |                    ^^^^^^^^^^^^^^^^^^^^^^^^^^^^^^^^^^^^^
web-1                               |   File "/usr/local/lib/python3.12/site-packages/django/utils/functional.py", line 47, in __get__
web-1                               |     res = instance.__dict__[self.name] = self.func(instance)
web-1                               |                                          ^^^^^^^^^^^^^^^^^^^
web-1                               |   File "/usr/local/lib/python3.12/site-packages/django/urls/resolvers.py", line 718, in url_patterns
web-1                               |     patterns = getattr(self.urlconf_module, "urlpatterns", self.urlconf_module)
web-1                               |                        ^^^^^^^^^^^^^^^^^^^
web-1                               |   File "/usr/local/lib/python3.12/site-packages/django/utils/functional.py", line 47, in __get__
web-1                               |     res = instance.__dict__[self.name] = self.func(instance)
web-1                               |                                          ^^^^^^^^^^^^^^^^^^^
web-1                               |   File "/usr/local/lib/python3.12/site-packages/django/urls/resolvers.py", line 711, in urlconf_module
web-1                               |     return import_module(self.urlconf_name)
web-1                               |            ^^^^^^^^^^^^^^^^^^^^^^^^^^^^^^^^
web-1                               |   File "/usr/local/lib/python3.12/importlib/__init__.py", line 90, in import_module
web-1                               |     return _bootstrap._gcd_import(name[level:], package, level)
web-1                               |            ^^^^^^^^^^^^^^^^^^^^^^^^^^^^^^^^^^^^^^^^^^^^^^^^^^^^
web-1                               |   File "<frozen importlib._bootstrap>", line 1387, in _gcd_import
web-1                               |   File "<frozen importlib._bootstrap>", line 1360, in _find_and_load
web-1                               |   File "<frozen importlib._bootstrap>", line 1331, in _find_and_load_unlocked
web-1                               |   File "<frozen importlib._bootstrap>", line 935, in _load_unlocked
web-1                               |   File "<frozen importlib._bootstrap_external>", line 999, in exec_module
web-1                               |   File "<frozen importlib._bootstrap>", line 488, in _call_with_frames_removed
web-1                               |   File "/app/docspot/urls.py", line 39, in <module>
web-1                               |     path("lungs/", include("lungs.urls")),
web-1                               |                    ^^^^^^^^^^^^^^^^^^^^^
web-1                               |   File "/usr/local/lib/python3.12/site-packages/django/urls/conf.py", line 39, in include
web-1                               |     urlconf_module = import_module(urlconf_module)
web-1                               |                      ^^^^^^^^^^^^^^^^^^^^^^^^^^^^^
web-1                               |   File "/usr/local/lib/python3.12/importlib/__init__.py", line 90, in import_module
web-1                               |     return _bootstrap._gcd_import(name[level:], package, level)
web-1                               |            ^^^^^^^^^^^^^^^^^^^^^^^^^^^^^^^^^^^^^^^^^^^^^^^^^^^^
web-1                               |   File "<frozen importlib._bootstrap>", line 1387, in _gcd_import
web-1                               |   File "<frozen importlib._bootstrap>", line 1360, in _find_and_load
web-1                               |   File "<frozen importlib._bootstrap>", line 1331, in _find_and_load_unlocked
web-1                               |   File "<frozen importlib._bootstrap>", line 935, in _load_unlocked
web-1                               |   File "<frozen importlib._bootstrap_external>", line 999, in exec_module
web-1                               |   File "<frozen importlib._bootstrap>", line 488, in _call_with_frames_removed
web-1                               |   File "/app/lungs/urls.py", line 2, in <module>
web-1                               |     from . import views
web-1                               |   File "/app/lungs/views.py", line 245
web-1                               |     "prediction/heart/result.html",
web-1                               | IndentationError: unexpected indent
web-1                               | INFO /app/lungs/views.py changed, reloading.
web-1                               | INFO Watching for file changes with StatReloader
web-1                               | Performing system checks...
web-1                               | 
web-1                               | WARNING:absl:Compiled the loaded model, but the compiled metrics have yet to be built. `model.compile_metrics` will be empty until you train or evaluate the model.
web-1                               | System check identified no issues (0 silenced).
web-1                               | August 11, 2026 - 18:19:28
web-1                               | Django version 5.1.2, using settings 'docspot.settings'
web-1                               | Starting development server at http://0.0.0.0:8000/
web-1                               | Quit the server with CONTROL-C.
web-1                               | 
web-1                               | INFO /app/lungs/views.py changed, reloading.
web-1                               | INFO:django.utils.autoreload:/app/lungs/views.py changed, reloading.
web-1                               | INFO Watching for file changes with StatReloader
web-1                               | Performing system checks...
web-1                               | 
web-1                               | WARNING:absl:Compiled the loaded model, but the compiled metrics have yet to be built. `model.compile_metrics` will be empty until you train or evaluate the model.
web-1                               | System check identified no issues (0 silenced).
web-1                               | August 11, 2026 - 18:19:38
web-1                               | Django version 5.1.2, using settings 'docspot.settings'
web-1                               | Starting development server at http://0.0.0.0:8000/
web-1                               | Quit the server with CONTROL-C.
web-1                               | 
web-1                               | INFO /app/lungs/views.py changed, reloading.
web-1                               | INFO:django.utils.autoreload:/app/lungs/views.py changed, reloading.
web-1                               | INFO Watching for file changes with StatReloader
web-1                               | Performing system checks...
web-1                               | 
web-1                               | WARNING:absl:Compiled the loaded model, but the compiled metrics have yet to be built. `model.compile_metrics` will be empty until you train or evaluate the model.
web-1                               | System check identified no issues (0 silenced).
web-1                               | August 11, 2026 - 18:19:54
web-1                               | Django version 5.1.2, using settings 'docspot.settings'
web-1                               | Starting development server at http://0.0.0.0:8000/
web-1                               | Quit the server with CONTROL-C.
web-1                               | 
web-1                               | INFO /app/lungs/views.py changed, reloading.
web-1                               | INFO:django.utils.autoreload:/app/lungs/views.py changed, reloading.
web-1                               | INFO Watching for file changes with StatReloader
web-1                               | Performing system checks...
web-1                               | 
web-1                               | WARNING:absl:Compiled the loaded model, but the compiled metrics have yet to be built. `model.compile_metrics` will be empty until you train or evaluate the model.
web-1                               | System check identified no issues (0 silenced).
web-1                               | August 11, 2026 - 18:20:09
web-1                               | Django version 5.1.2, using settings 'docspot.settings'
web-1                               | Starting development server at http://0.0.0.0:8000/
web-1                               | Quit the server with CONTROL-C.
web-1                               | 
web-1                               | INFO /app/lungs/views.py changed, reloading.
web-1                               | INFO:django.utils.autoreload:/app/lungs/views.py changed, reloading.
web-1                               | INFO Watching for file changes with StatReloader
web-1                               | Performing system checks...
web-1                               | 
web-1                               | WARNING:absl:Compiled the loaded model, but the compiled metrics have yet to be built. `model.compile_metrics` will be empty until you train or evaluate the model.
web-1                               | System check identified no issues (0 silenced).
web-1                               | August 11, 2026 - 18:20:13
web-1                               | Django version 5.1.2, using settings 'docspot.settings'
web-1                               | Starting development server at http://0.0.0.0:8000/
web-1                               | Quit the server with CONTROL-C.
web-1                               | 
web-1                               | INFO /app/lungs/views.py changed, reloading.
web-1                               | INFO:django.utils.autoreload:/app/lungs/views.py changed, reloading.
web-1                               | INFO Watching for file changes with StatReloader
web-1                               | Performing system checks...
web-1                               | 
web-1                               | WARNING:absl:Compiled the loaded model, but the compiled metrics have yet to be built. `model.compile_metrics` will be empty until you train or evaluate the model.
web-1                               | System check identified no issues (0 silenced).
web-1                               | August 11, 2026 - 18:20:33
web-1                               | Django version 5.1.2, using settings 'docspot.settings'
web-1                               | Starting development server at http://0.0.0.0:8000/
web-1                               | Quit the server with CONTROL-C.
web-1                               | 
web-1                               | INFO /app/lungs/views.py changed, reloading.
web-1                               | INFO:django.utils.autoreload:/app/lungs/views.py changed, reloading.
web-1                               | INFO Watching for file changes with StatReloader
web-1                               | Performing system checks...
web-1                               | 
web-1                               | WARNING:absl:Compiled the loaded model, but the compiled metrics have yet to be built. `model.compile_metrics` will be empty until you train or evaluate the model.
web-1                               | System check identified no issues (0 silenced).
web-1                               | August 11, 2026 - 18:20:40
web-1                               | Django version 5.1.2, using settings 'docspot.settings'
web-1                               | Starting development server at http://0.0.0.0:8000/
web-1                               | Quit the server with CONTROL-C.
web-1                               | 
web-1                               | INFO /app/lungs/views.py changed, reloading.
web-1                               | INFO:django.utils.autoreload:/app/lungs/views.py changed, reloading.
web-1                               | INFO Watching for file changes with StatReloader
web-1                               | Performing system checks...
web-1                               | 
web-1                               | WARNING:absl:Compiled the loaded model, but the compiled metrics have yet to be built. `model.compile_metrics` will be empty until you train or evaluate the model.
web-1                               | System check identified no issues (0 silenced).
web-1                               | August 11, 2026 - 18:20:46
web-1                               | Django version 5.1.2, using settings 'docspot.settings'
web-1                               | Starting development server at http://0.0.0.0:8000/
web-1                               | Quit the server with CONTROL-C.
web-1                               | 
web-1                               | INFO /app/lungs/views.py changed, reloading.
web-1                               | INFO:django.utils.autoreload:/app/lungs/views.py changed, reloading.
web-1                               | INFO Watching for file changes with StatReloader
web-1                               | Performing system checks...
web-1                               | 
web-1                               | WARNING:absl:Compiled the loaded model, but the compiled metrics have yet to be built. `model.compile_metrics` will be empty until you train or evaluate the model.
web-1                               | System check identified no issues (0 silenced).
web-1                               | August 11, 2026 - 18:20:54
web-1                               | Django version 5.1.2, using settings 'docspot.settings'
web-1                               | Starting development server at http://0.0.0.0:8000/
web-1                               | Quit the server with CONTROL-C.
web-1                               | 
web-1                               | INFO /app/lungs/views.py changed, reloading.
web-1                               | INFO:django.utils.autoreload:/app/lungs/views.py changed, reloading.
web-1                               | INFO Watching for file changes with StatReloader
web-1                               | Performing system checks...
web-1                               | 
web-1                               | WARNING:absl:Compiled the loaded model, but the compiled metrics have yet to be built. `model.compile_metrics` will be empty until you train or evaluate the model.
web-1                               | System check identified no issues (0 silenced).
web-1                               | August 11, 2026 - 18:20:58
web-1                               | Django version 5.1.2, using settings 'docspot.settings'
web-1                               | Starting development server at http://0.0.0.0:8000/
web-1                               | Quit the server with CONTROL-C.
web-1                               | 
web-1                               | INFO /app/lungs/views.py changed, reloading.
web-1                               | INFO:django.utils.autoreload:/app/lungs/views.py changed, reloading.
web-1                               | INFO Watching for file changes with StatReloader
web-1                               | Performing system checks...
web-1                               | 
web-1                               | WARNING:absl:Compiled the loaded model, but the compiled metrics have yet to be built. `model.compile_metrics` will be empty until you train or evaluate the model.
web-1                               | System check identified no issues (0 silenced).
web-1                               | August 11, 2026 - 18:21:04
web-1                               | Django version 5.1.2, using settings 'docspot.settings'
web-1                               | Starting development server at http://0.0.0.0:8000/
web-1                               | Quit the server with CONTROL-C.
web-1                               | 
web-1                               | INFO /app/lungs/views.py changed, reloading.
web-1                               | INFO:django.utils.autoreload:/app/lungs/views.py changed, reloading.
web-1                               | INFO Watching for file changes with StatReloader
web-1                               | Performing system checks...
web-1                               | 
web-1                               | Exception in thread django-main-thread:
web-1                               | Traceback (most recent call last):
web-1                               |   File "/usr/local/lib/python3.12/threading.py", line 1075, in _bootstrap_inner
web-1                               |     self.run()
web-1                               |   File "/usr/local/lib/python3.12/threading.py", line 1012, in run
web-1                               |     self._target(*self._args, **self._kwargs)
web-1                               |   File "/usr/local/lib/python3.12/site-packages/django/utils/autoreload.py", line 64, in wrapper
web-1                               |     fn(*args, **kwargs)
web-1                               |   File "/usr/local/lib/python3.12/site-packages/django/core/management/commands/runserver.py", line 134, in inner_run
web-1                               |     self.check(display_num_errors=True)
web-1                               |   File "/usr/local/lib/python3.12/site-packages/django/core/management/base.py", line 486, in check
web-1                               |     all_issues = checks.run_checks(
web-1                               |                  ^^^^^^^^^^^^^^^^^^
web-1                               |   File "/usr/local/lib/python3.12/site-packages/django/core/checks/registry.py", line 88, in run_checks
web-1                               |     new_errors = check(app_configs=app_configs, databases=databases)
web-1                               |                  ^^^^^^^^^^^^^^^^^^^^^^^^^^^^^^^^^^^^^^^^^^^^^^^^^^^
web-1                               |   File "/usr/local/lib/python3.12/site-packages/django/core/checks/urls.py", line 44, in check_url_namespaces_unique
web-1                               |     all_namespaces = _load_all_namespaces(resolver)
web-1                               |                      ^^^^^^^^^^^^^^^^^^^^^^^^^^^^^^
web-1                               |   File "/usr/local/lib/python3.12/site-packages/django/core/checks/urls.py", line 63, in _load_all_namespaces
web-1                               |     url_patterns = getattr(resolver, "url_patterns", [])
web-1                               |                    ^^^^^^^^^^^^^^^^^^^^^^^^^^^^^^^^^^^^^
web-1                               |   File "/usr/local/lib/python3.12/site-packages/django/utils/functional.py", line 47, in __get__
web-1                               |     res = instance.__dict__[self.name] = self.func(instance)
web-1                               |                                          ^^^^^^^^^^^^^^^^^^^
web-1                               |   File "/usr/local/lib/python3.12/site-packages/django/urls/resolvers.py", line 718, in url_patterns
web-1                               |     patterns = getattr(self.urlconf_module, "urlpatterns", self.urlconf_module)
web-1                               |                        ^^^^^^^^^^^^^^^^^^^
web-1                               |   File "/usr/local/lib/python3.12/site-packages/django/utils/functional.py", line 47, in __get__
web-1                               |     res = instance.__dict__[self.name] = self.func(instance)
web-1                               |                                          ^^^^^^^^^^^^^^^^^^^
web-1                               |   File "/usr/local/lib/python3.12/site-packages/django/urls/resolvers.py", line 711, in urlconf_module
web-1                               |     return import_module(self.urlconf_name)
web-1                               |            ^^^^^^^^^^^^^^^^^^^^^^^^^^^^^^^^
web-1                               |   File "/usr/local/lib/python3.12/importlib/__init__.py", line 90, in import_module
web-1                               |     return _bootstrap._gcd_import(name[level:], package, level)
web-1                               |            ^^^^^^^^^^^^^^^^^^^^^^^^^^^^^^^^^^^^^^^^^^^^^^^^^^^^
web-1                               |   File "<frozen importlib._bootstrap>", line 1387, in _gcd_import
web-1                               |   File "<frozen importlib._bootstrap>", line 1360, in _find_and_load
web-1                               |   File "<frozen importlib._bootstrap>", line 1331, in _find_and_load_unlocked
web-1                               |   File "<frozen importlib._bootstrap>", line 935, in _load_unlocked
web-1                               |   File "<frozen importlib._bootstrap_external>", line 999, in exec_module
web-1                               |   File "<frozen importlib._bootstrap>", line 488, in _call_with_frames_removed
web-1                               |   File "/app/docspot/urls.py", line 39, in <module>
web-1                               |     path("lungs/", include("lungs.urls")),
web-1                               |                    ^^^^^^^^^^^^^^^^^^^^^
web-1                               |   File "/usr/local/lib/python3.12/site-packages/django/urls/conf.py", line 39, in include
web-1                               |     urlconf_module = import_module(urlconf_module)
web-1                               |                      ^^^^^^^^^^^^^^^^^^^^^^^^^^^^^
web-1                               |   File "/usr/local/lib/python3.12/importlib/__init__.py", line 90, in import_module
web-1                               |     return _bootstrap._gcd_import(name[level:], package, level)
web-1                               |            ^^^^^^^^^^^^^^^^^^^^^^^^^^^^^^^^^^^^^^^^^^^^^^^^^^^^
web-1                               |   File "<frozen importlib._bootstrap>", line 1387, in _gcd_import
web-1                               |   File "<frozen importlib._bootstrap>", line 1360, in _find_and_load
web-1                               |   File "<frozen importlib._bootstrap>", line 1331, in _find_and_load_unlocked
web-1                               |   File "<frozen importlib._bootstrap>", line 935, in _load_unlocked
web-1                               |   File "<frozen importlib._bootstrap_external>", line 999, in exec_module
web-1                               |   File "<frozen importlib._bootstrap>", line 488, in _call_with_frames_removed
web-1                               |   File "/app/lungs/urls.py", line 2, in <module>
web-1                               |     from . import views
web-1                               |   File "/app/lungs/views.py", line 272
web-1                               |     form = LungsPredictionForm()
web-1                               |     ^^^^
web-1                               | IndentationError: expected an indented block after 'else' statement on line 271
web-1                               | INFO /app/lungs/views.py changed, reloading.
web-1                               | INFO Watching for file changes with StatReloader
web-1                               | Performing system checks...
web-1                               | 
web-1                               | Exception in thread django-main-thread:
web-1                               | Traceback (most recent call last):
web-1                               |   File "/usr/local/lib/python3.12/threading.py", line 1075, in _bootstrap_inner
web-1                               |     self.run()
web-1                               |   File "/usr/local/lib/python3.12/threading.py", line 1012, in run
web-1                               |     self._target(*self._args, **self._kwargs)
web-1                               |   File "/usr/local/lib/python3.12/site-packages/django/utils/autoreload.py", line 64, in wrapper
web-1                               |     fn(*args, **kwargs)
web-1                               |   File "/usr/local/lib/python3.12/site-packages/django/core/management/commands/runserver.py", line 134, in inner_run
web-1                               |     self.check(display_num_errors=True)
web-1                               |   File "/usr/local/lib/python3.12/site-packages/django/core/management/base.py", line 486, in check
web-1                               |     all_issues = checks.run_checks(
web-1                               |                  ^^^^^^^^^^^^^^^^^^
web-1                               |   File "/usr/local/lib/python3.12/site-packages/django/core/checks/registry.py", line 88, in run_checks
web-1                               |     new_errors = check(app_configs=app_configs, databases=databases)
web-1                               |                  ^^^^^^^^^^^^^^^^^^^^^^^^^^^^^^^^^^^^^^^^^^^^^^^^^^^
web-1                               |   File "/usr/local/lib/python3.12/site-packages/django/core/checks/urls.py", line 44, in check_url_namespaces_unique
web-1                               |     all_namespaces = _load_all_namespaces(resolver)
web-1                               |                      ^^^^^^^^^^^^^^^^^^^^^^^^^^^^^^
web-1                               |   File "/usr/local/lib/python3.12/site-packages/django/core/checks/urls.py", line 63, in _load_all_namespaces
web-1                               |     url_patterns = getattr(resolver, "url_patterns", [])
web-1                               |                    ^^^^^^^^^^^^^^^^^^^^^^^^^^^^^^^^^^^^^
web-1                               |   File "/usr/local/lib/python3.12/site-packages/django/utils/functional.py", line 47, in __get__
web-1                               |     res = instance.__dict__[self.name] = self.func(instance)
web-1                               |                                          ^^^^^^^^^^^^^^^^^^^
web-1                               |   File "/usr/local/lib/python3.12/site-packages/django/urls/resolvers.py", line 718, in url_patterns
web-1                               |     patterns = getattr(self.urlconf_module, "urlpatterns", self.urlconf_module)
web-1                               |                        ^^^^^^^^^^^^^^^^^^^
web-1                               |   File "/usr/local/lib/python3.12/site-packages/django/utils/functional.py", line 47, in __get__
web-1                               |     res = instance.__dict__[self.name] = self.func(instance)
web-1                               |                                          ^^^^^^^^^^^^^^^^^^^
web-1                               |   File "/usr/local/lib/python3.12/site-packages/django/urls/resolvers.py", line 711, in urlconf_module
web-1                               |     return import_module(self.urlconf_name)
web-1                               |            ^^^^^^^^^^^^^^^^^^^^^^^^^^^^^^^^
web-1                               |   File "/usr/local/lib/python3.12/importlib/__init__.py", line 90, in import_module
web-1                               |     return _bootstrap._gcd_import(name[level:], package, level)
web-1                               |            ^^^^^^^^^^^^^^^^^^^^^^^^^^^^^^^^^^^^^^^^^^^^^^^^^^^^
web-1                               |   File "<frozen importlib._bootstrap>", line 1387, in _gcd_import
web-1                               |   File "<frozen importlib._bootstrap>", line 1360, in _find_and_load
web-1                               |   File "<frozen importlib._bootstrap>", line 1331, in _find_and_load_unlocked
web-1                               |   File "<frozen importlib._bootstrap>", line 935, in _load_unlocked
web-1                               |   File "<frozen importlib._bootstrap_external>", line 999, in exec_module
web-1                               |   File "<frozen importlib._bootstrap>", line 488, in _call_with_frames_removed
web-1                               |   File "/app/docspot/urls.py", line 39, in <module>
web-1                               |     path("lungs/", include("lungs.urls")),
web-1                               |                    ^^^^^^^^^^^^^^^^^^^^^
web-1                               |   File "/usr/local/lib/python3.12/site-packages/django/urls/conf.py", line 39, in include
web-1                               |     urlconf_module = import_module(urlconf_module)
web-1                               |                      ^^^^^^^^^^^^^^^^^^^^^^^^^^^^^
web-1                               |   File "/usr/local/lib/python3.12/importlib/__init__.py", line 90, in import_module
web-1                               |     return _bootstrap._gcd_import(name[level:], package, level)
web-1                               |            ^^^^^^^^^^^^^^^^^^^^^^^^^^^^^^^^^^^^^^^^^^^^^^^^^^^^
web-1                               |   File "<frozen importlib._bootstrap>", line 1387, in _gcd_import
web-1                               |   File "<frozen importlib._bootstrap>", line 1360, in _find_and_load
web-1                               |   File "<frozen importlib._bootstrap>", line 1331, in _find_and_load_unlocked
web-1                               |   File "<frozen importlib._bootstrap>", line 935, in _load_unlocked
web-1                               |   File "<frozen importlib._bootstrap_external>", line 999, in exec_module
web-1                               |   File "<frozen importlib._bootstrap>", line 488, in _call_with_frames_removed
web-1                               |   File "/app/lungs/urls.py", line 2, in <module>
web-1                               |     from . import views
web-1                               |   File "/app/lungs/views.py", line 274
web-1                               |     return render(request, 'prediction/lungs/predict.html', {'form': form})
web-1                               | IndentationError: expected an indented block after 'else' statement on line 271
web-1                               | INFO /app/lungs/views.py changed, reloading.
web-1                               | INFO Watching for file changes with StatReloader
web-1                               | Performing system checks...
web-1                               | 
web-1                               | WARNING:absl:Compiled the loaded model, but the compiled metrics have yet to be built. `model.compile_metrics` will be empty until you train or evaluate the model.
web-1                               | System check identified no issues (0 silenced).
web-1                               | August 11, 2026 - 18:21:34
web-1                               | Django version 5.1.2, using settings 'docspot.settings'
web-1                               | Starting development server at http://0.0.0.0:8000/
web-1                               | Quit the server with CONTROL-C.
web-1                               | 
web-1                               | INFO /app/lungs/views.py changed, reloading.
web-1                               | INFO:django.utils.autoreload:/app/lungs/views.py changed, reloading.
web-1                               | INFO Watching for file changes with StatReloader
web-1                               | Performing system checks...
web-1                               | 
web-1                               | WARNING:absl:Compiled the loaded model, but the compiled metrics have yet to be built. `model.compile_metrics` will be empty until you train or evaluate the model.
web-1                               | System check identified no issues (0 silenced).
web-1                               | August 11, 2026 - 18:21:45
web-1                               | Django version 5.1.2, using settings 'docspot.settings'
web-1                               | Starting development server at http://0.0.0.0:8000/
web-1                               | Quit the server with CONTROL-C.
web-1                               | 
web-1                               | INFO /app/lungs/views.py changed, reloading.
web-1                               | INFO:django.utils.autoreload:/app/lungs/views.py changed, reloading.
web-1                               | INFO Watching for file changes with StatReloader
web-1                               | Performing system checks...
web-1                               | 
web-1                               | WARNING:absl:Compiled the loaded model, but the compiled metrics have yet to be built. `model.compile_metrics` will be empty until you train or evaluate the model.
web-1                               | System check identified no issues (0 silenced).
web-1                               | August 11, 2026 - 18:22:02
web-1                               | Django version 5.1.2, using settings 'docspot.settings'
web-1                               | Starting development server at http://0.0.0.0:8000/
web-1                               | Quit the server with CONTROL-C.
web-1                               | 
web-1                               | INFO /app/lungs/views.py changed, reloading.
web-1                               | INFO:django.utils.autoreload:/app/lungs/views.py changed, reloading.
web-1                               | INFO Watching for file changes with StatReloader
web-1                               | Performing system checks...
web-1                               | 
web-1                               | WARNING:absl:Compiled the loaded model, but the compiled metrics have yet to be built. `model.compile_metrics` will be empty until you train or evaluate the model.
web-1                               | System check identified no issues (0 silenced).
web-1                               | August 11, 2026 - 18:22:18
web-1                               | Django version 5.1.2, using settings 'docspot.settings'
web-1                               | Starting development server at http://0.0.0.0:8000/
web-1                               | Quit the server with CONTROL-C.
web-1                               | 
web-1                               | INFO /app/lungs/views.py changed, reloading.
web-1                               | INFO:django.utils.autoreload:/app/lungs/views.py changed, reloading.
web-1                               | Performing system checks...
web-1                               | 
web-1                               | INFO Watching for file changes with StatReloader
web-1                               | WARNING:absl:Compiled the loaded model, but the compiled metrics have yet to be built. `model.compile_metrics` will be empty until you train or evaluate the model.
web-1                               | System check identified no issues (0 silenced).
web-1                               | August 11, 2026 - 18:22:24
web-1                               | Django version 5.1.2, using settings 'docspot.settings'
web-1                               | Starting development server at http://0.0.0.0:8000/
web-1                               | Quit the server with CONTROL-C.
web-1                               | 
web-1                               | INFO /app/lungs/views.py changed, reloading.
web-1                               | INFO:django.utils.autoreload:/app/lungs/views.py changed, reloading.
web-1                               | INFO Watching for file changes with StatReloader
web-1                               | Performing system checks...
web-1                               | 
web-1                               | WARNING:absl:Compiled the loaded model, but the compiled metrics have yet to be built. `model.compile_metrics` will be empty until you train or evaluate the model.
web-1                               | System check identified no issues (0 silenced).
web-1                               | August 11, 2026 - 18:22:29
web-1                               | Django version 5.1.2, using settings 'docspot.settings'
web-1                               | Starting development server at http://0.0.0.0:8000/
web-1                               | Quit the server with CONTROL-C.
web-1                               | 
web-1                               | INFO /app/lungs/views.py changed, reloading.
web-1                               | INFO:django.utils.autoreload:/app/lungs/views.py changed, reloading.
web-1                               | INFO Watching for file changes with StatReloader
web-1                               | Performing system checks...
web-1                               | 
web-1                               | WARNING:absl:Compiled the loaded model, but the compiled metrics have yet to be built. `model.compile_metrics` will be empty until you train or evaluate the model.
web-1                               | System check identified no issues (0 silenced).
web-1                               | August 11, 2026 - 18:22:33
web-1                               | Django version 5.1.2, using settings 'docspot.settings'
web-1                               | Starting development server at http://0.0.0.0:8000/
web-1                               | Quit the server with CONTROL-C.
web-1                               | 
web-1                               | INFO /app/lungs/views.py changed, reloading.
web-1                               | INFO:django.utils.autoreload:/app/lungs/views.py changed, reloading.
web-1                               | INFO Watching for file changes with StatReloader
web-1                               | Performing system checks...
web-1                               | 
web-1                               | WARNING:absl:Compiled the loaded model, but the compiled metrics have yet to be built. `model.compile_metrics` will be empty until you train or evaluate the model.
web-1                               | System check identified no issues (0 silenced).
web-1                               | August 11, 2026 - 18:22:42
web-1                               | Django version 5.1.2, using settings 'docspot.settings'
web-1                               | Starting development server at http://0.0.0.0:8000/
web-1                               | Quit the server with CONTROL-C.
web-1                               | 
web-1                               | INFO /app/lungs/views.py changed, reloading.
web-1                               | INFO:django.utils.autoreload:/app/lungs/views.py changed, reloading.
web-1                               | INFO Watching for file changes with StatReloader
web-1                               | Performing system checks...
web-1                               | 
web-1                               | WARNING:absl:Compiled the loaded model, but the compiled metrics have yet to be built. `model.compile_metrics` will be empty until you train or evaluate the model.
web-1                               | System check identified no issues (0 silenced).
web-1                               | August 11, 2026 - 18:22:52
web-1                               | Django version 5.1.2, using settings 'docspot.settings'
web-1                               | Starting development server at http://0.0.0.0:8000/
web-1                               | Quit the server with CONTROL-C.
web-1                               | 
web-1                               | INFO /app/lungs/views.py changed, reloading.
web-1                               | INFO:django.utils.autoreload:/app/lungs/views.py changed, reloading.
web-1                               | INFO Watching for file changes with StatReloader
web-1                               | Performing system checks...
web-1                               | 
web-1                               | WARNING:absl:Compiled the loaded model, but the compiled metrics have yet to be built. `model.compile_metrics` will be empty until you train or evaluate the model.
web-1                               | System check identified no issues (0 silenced).
web-1                               | August 11, 2026 - 18:23:01
web-1                               | Django version 5.1.2, using settings 'docspot.settings'
web-1                               | Starting development server at http://0.0.0.0:8000/
web-1                               | Quit the server with CONTROL-C.
web-1                               | 
web-1                               | INFO /app/lungs/views.py changed, reloading.
web-1                               | INFO:django.utils.autoreload:/app/lungs/views.py changed, reloading.
web-1                               | INFO Watching for file changes with StatReloader
web-1                               | Performing system checks...
web-1                               | 
web-1                               | WARNING:absl:Compiled the loaded model, but the compiled metrics have yet to be built. `model.compile_metrics` will be empty until you train or evaluate the model.
web-1                               | System check identified no issues (0 silenced).
web-1                               | August 11, 2026 - 18:23:08
web-1                               | Django version 5.1.2, using settings 'docspot.settings'
web-1                               | Starting development server at http://0.0.0.0:8000/
web-1                               | Quit the server with CONTROL-C.
web-1                               | 
web-1                               | INFO /app/lungs/views.py changed, reloading.
web-1                               | INFO:django.utils.autoreload:/app/lungs/views.py changed, reloading.
web-1                               | INFO Watching for file changes with StatReloader
web-1                               | Performing system checks...
web-1                               | 
web-1                               | WARNING:absl:Compiled the loaded model, but the compiled metrics have yet to be built. `model.compile_metrics` will be empty until you train or evaluate the model.
web-1                               | System check identified no issues (0 silenced).
web-1                               | August 11, 2026 - 18:23:18
web-1                               | Django version 5.1.2, using settings 'docspot.settings'
web-1                               | Starting development server at http://0.0.0.0:8000/
web-1                               | Quit the server with CONTROL-C.
web-1                               | 
intellicareai-web-run-164967de096b  | >>> from lungs.views import get_diagnosis_model
intellicareai-web-run-164967de096b  | >>> 
intellicareai-web-run-164967de096b  | >>> model = get_diagnosis_model()
intellicareai-web-run-164967de096b  | >>> 
intellicareai-web-run-164967de096b  | >>> print(model.classes_)
intellicareai-web-run-164967de096b  | ['Normal' 'Obstructive' 'Obstructive or Mixed' 'Restrictive']
web-1                               | INFO /app/lungs/clinical_interpretation.py changed, reloading.
web-1                               | INFO:django.utils.autoreload:/app/lungs/clinical_interpretation.py changed, reloading.
web-1                               | INFO Watching for file changes with StatReloader
web-1                               | Performing system checks...
web-1                               | 
web-1                               | WARNING:absl:Compiled the loaded model, but the compiled metrics have yet to be built. `model.compile_metrics` will be empty until you train or evaluate the model.
web-1                               | System check identified no issues (0 silenced).
web-1                               | August 11, 2026 - 18:27:17
web-1                               | Django version 5.1.2, using settings 'docspot.settings'
web-1                               | Starting development server at http://0.0.0.0:8000/
web-1                               | Quit the server with CONTROL-C.
web-1                               | 
web-1                               | DEBUG Dashboard Metrics: {'count_green': 0, 'count_yellow': 2, 'count_red': 2, 'total_predictions': 4, 'health_score': 1.0, 'health_percentage': 25, 'health_status': 'High Risk', 'status_color': 'danger'}
web-1                               | INFO "GET /home/ HTTP/1.1" 200 35374
web-1                               | INFO:django.server:"GET /home/ HTTP/1.1" 200 35374
web-1                               | DEBUG Vitals Data: Vitals for Patient 12002
web-1                               | === RENDERING PREDICTION FORM ===
web-1                               | INFO "GET /lungs/predict/ HTTP/1.1" 200 9048
web-1                               | INFO:django.server:"GET /lungs/predict/ HTTP/1.1" 200 9048
web-1                               | DEBUG Vitals Data: Vitals for Patient 12002
web-1                               | === POST RECEIVED ===
web-1                               | === FORM VALID ===
web-1                               | === ENTERED TRY BLOCK ===
web-1                               | DEBUG Lung prediction input:
web-1                               |    age  height  weight  ...  actual_VC  fev1_vc_ratio     sex
web-1                               | 0   44   148.0    62.0  ...        1.0            1.0  Female
web-1                               | 
web-1                               | [1 rows x 9 columns]
web-1                               | Normal: 0.000
web-1                               | Obstructive: 0.000
web-1                               | Obstructive or Mixed: 0.000
web-1                               | Restrictive: 1.000
web-1                               | Selected Diagnosis: Restrictive
web-1                               | Confidence: 100.0%
web-1                               | === ABOUT TO RENDER RESULT ===
web-1                               | INFO "POST /lungs/predict/ HTTP/1.1" 200 10190
web-1                               | INFO:django.server:"POST /lungs/predict/ HTTP/1.1" 200 10190
web-1                               | INFO /app/fitness/views.py changed, reloading.
web-1                               | INFO:django.utils.autoreload:/app/fitness/views.py changed, reloading.
web-1                               | INFO Watching for file changes with StatReloader
web-1                               | Performing system checks...
web-1                               | 
web-1                               | WARNING:absl:Compiled the loaded model, but the compiled metrics have yet to be built. `model.compile_metrics` will be empty until you train or evaluate the model.
web-1                               | System check identified no issues (0 silenced).
web-1                               | August 11, 2026 - 18:31:27
web-1                               | Django version 5.1.2, using settings 'docspot.settings'
web-1                               | Starting development server at http://0.0.0.0:8000/
web-1                               | Quit the server with CONTROL-C.
web-1                               | 
web-1                               | INFO /app/fitness/views.py changed, reloading.
web-1                               | INFO:django.utils.autoreload:/app/fitness/views.py changed, reloading.
web-1                               | INFO Watching for file changes with StatReloader
web-1                               | Performing system checks...
web-1                               | 
web-1                               | WARNING:absl:Compiled the loaded model, but the compiled metrics have yet to be built. `model.compile_metrics` will be empty until you train or evaluate the model.
web-1                               | System check identified no issues (0 silenced).
web-1                               | August 11, 2026 - 18:31:38
web-1                               | Django version 5.1.2, using settings 'docspot.settings'
web-1                               | Starting development server at http://0.0.0.0:8000/
web-1                               | Quit the server with CONTROL-C.
web-1                               | 
web-1                               | INFO /app/main_page/utils/prediction_utils.py changed, reloading.
web-1                               | INFO:django.utils.autoreload:/app/main_page/utils/prediction_utils.py changed, reloading.
web-1                               | INFO Watching for file changes with StatReloader
web-1                               | Performing system checks...
web-1                               | 
web-1                               | WARNING:absl:Compiled the loaded model, but the compiled metrics have yet to be built. `model.compile_metrics` will be empty until you train or evaluate the model.
web-1                               | System check identified no issues (0 silenced).
web-1                               | August 11, 2026 - 18:33:10
web-1                               | Django version 5.1.2, using settings 'docspot.settings'
web-1                               | Starting development server at http://0.0.0.0:8000/
web-1                               | Quit the server with CONTROL-C.
web-1                               | 
web-1                               | INFO /app/fitness/views.py changed, reloading.
web-1                               | INFO:django.utils.autoreload:/app/fitness/views.py changed, reloading.
web-1                               | INFO Watching for file changes with StatReloader
web-1                               | Performing system checks...
web-1                               | 
web-1                               | WARNING:absl:Compiled the loaded model, but the compiled metrics have yet to be built. `model.compile_metrics` will be empty until you train or evaluate the model.
web-1                               | System check identified no issues (0 silenced).
web-1                               | August 11, 2026 - 18:33:52
web-1                               | Django version 5.1.2, using settings 'docspot.settings'
web-1                               | Starting development server at http://0.0.0.0:8000/
web-1                               | Quit the server with CONTROL-C.
web-1                               | 
web-1                               | INFO /app/fitness/views.py changed, reloading.
web-1                               | INFO:django.utils.autoreload:/app/fitness/views.py changed, reloading.
web-1                               | Performing system checks...
web-1                               | 
web-1                               | INFO Watching for file changes with StatReloader
web-1                               | WARNING:absl:Compiled the loaded model, but the compiled metrics have yet to be built. `model.compile_metrics` will be empty until you train or evaluate the model.
web-1                               | System check identified no issues (0 silenced).
web-1                               | August 11, 2026 - 18:33:57
web-1                               | Django version 5.1.2, using settings 'docspot.settings'
web-1                               | Starting development server at http://0.0.0.0:8000/
web-1                               | Quit the server with CONTROL-C.
web-1                               | 
web-1                               | INFO /app/fitness/views.py changed, reloading.
web-1                               | INFO:django.utils.autoreload:/app/fitness/views.py changed, reloading.
web-1                               | INFO Watching for file changes with StatReloader
web-1                               | Performing system checks...
web-1                               | 
web-1                               | WARNING:absl:Compiled the loaded model, but the compiled metrics have yet to be built. `model.compile_metrics` will be empty until you train or evaluate the model.
web-1                               | System check identified no issues (0 silenced).
web-1                               | August 11, 2026 - 18:34:08
web-1                               | Django version 5.1.2, using settings 'docspot.settings'
web-1                               | Starting development server at http://0.0.0.0:8000/
web-1                               | Quit the server with CONTROL-C.
web-1                               | 
web-1                               | INFO /app/fitness/views.py changed, reloading.
web-1                               | INFO:django.utils.autoreload:/app/fitness/views.py changed, reloading.
web-1                               | INFO Watching for file changes with StatReloader
web-1                               | Performing system checks...
web-1                               | 
web-1                               | WARNING:absl:Compiled the loaded model, but the compiled metrics have yet to be built. `model.compile_metrics` will be empty until you train or evaluate the model.
web-1                               | System check identified no issues (0 silenced).
web-1                               | August 11, 2026 - 18:34:48
web-1                               | Django version 5.1.2, using settings 'docspot.settings'
web-1                               | Starting development server at http://0.0.0.0:8000/
web-1                               | Quit the server with CONTROL-C.
web-1                               | 
web-1                               | INFO /app/fitness/views.py changed, reloading.
web-1                               | INFO:django.utils.autoreload:/app/fitness/views.py changed, reloading.
web-1                               | INFO Watching for file changes with StatReloader
web-1                               | Performing system checks...
web-1                               | 
web-1                               | WARNING:absl:Compiled the loaded model, but the compiled metrics have yet to be built. `model.compile_metrics` will be empty until you train or evaluate the model.
web-1                               | System check identified no issues (0 silenced).
web-1                               | August 11, 2026 - 18:35:00
web-1                               | Django version 5.1.2, using settings 'docspot.settings'
web-1                               | Starting development server at http://0.0.0.0:8000/
web-1                               | Quit the server with CONTROL-C.
web-1                               | 
web-1                               | DEBUG Dashboard Metrics: {'count_green': 0, 'count_yellow': 2, 'count_red': 3, 'total_predictions': 5, 'health_score': 1.0, 'health_percentage': 20, 'health_status': 'High Risk', 'status_color': 'danger'}
web-1                               | INFO "GET /home/ HTTP/1.1" 200 35350
web-1                               | INFO:django.server:"GET /home/ HTTP/1.1" 200 35350
web-1                               | === RENDERING PREDICTION FORM ===
web-1                               | INFO "GET /fitness/predict/ HTTP/1.1" 200 7749
web-1                               | INFO:django.server:"GET /fitness/predict/ HTTP/1.1" 200 7749
web-1                               | === ABOUT TO RENDER RESULT ===
web-1                               | INFO "POST /fitness/predict/ HTTP/1.1" 200 7774
web-1                               | INFO:django.server:"POST /fitness/predict/ HTTP/1.1" 200 7774
web-1                               | === ABOUT TO RENDER RESULT ===
web-1                               | INFO "POST /fitness/predict/ HTTP/1.1" 200 7774
web-1                               | INFO:django.server:"POST /fitness/predict/ HTTP/1.1" 200 7774
web-1                               | INFO /app/fitness/views.py changed, reloading.
web-1                               | INFO:django.utils.autoreload:/app/fitness/views.py changed, reloading.
web-1                               | INFO Watching for file changes with StatReloader
web-1                               | Performing system checks...
web-1                               | 
web-1                               | WARNING:absl:Compiled the loaded model, but the compiled metrics have yet to be built. `model.compile_metrics` will be empty until you train or evaluate the model.
web-1                               | System check identified no issues (0 silenced).
web-1                               | August 11, 2026 - 18:39:50
web-1                               | Django version 5.1.2, using settings 'docspot.settings'
web-1                               | Starting development server at http://0.0.0.0:8000/
web-1                               | Quit the server with CONTROL-C.
web-1                               | 
web-1                               | === ABOUT TO RENDER RESULT ===
web-1                               | INFO "POST /fitness/predict/ HTTP/1.1" 200 7774
web-1                               | INFO:django.server:"POST /fitness/predict/ HTTP/1.1" 200 7774
web-1                               | === ABOUT TO RENDER RESULT ===
web-1                               | INFO "POST /fitness/predict/ HTTP/1.1" 200 7774
web-1                               | INFO:django.server:"POST /fitness/predict/ HTTP/1.1" 200 7774
web-1                               | INFO /app/fitness/views.py changed, reloading.
web-1                               | INFO:django.utils.autoreload:/app/fitness/views.py changed, reloading.
web-1                               | Performing system checks...
web-1                               | 
web-1                               | INFO Watching for file changes with StatReloader
web-1                               | WARNING:absl:Compiled the loaded model, but the compiled metrics have yet to be built. `model.compile_metrics` will be empty until you train or evaluate the model.
web-1                               | System check identified no issues (0 silenced).
web-1                               | August 11, 2026 - 18:40:41
web-1                               | Django version 5.1.2, using settings 'docspot.settings'
web-1                               | Starting development server at http://0.0.0.0:8000/
web-1                               | Quit the server with CONTROL-C.
web-1                               | 
web-1                               | INFO /app/fitness/views.py changed, reloading.
web-1                               | INFO:django.utils.autoreload:/app/fitness/views.py changed, reloading.
web-1                               | Performing system checks...
web-1                               | 
web-1                               | INFO Watching for file changes with StatReloader
web-1                               | WARNING:absl:Compiled the loaded model, but the compiled metrics have yet to be built. `model.compile_metrics` will be empty until you train or evaluate the model.
web-1                               | System check identified no issues (0 silenced).
web-1                               | August 11, 2026 - 18:40:51
web-1                               | Django version 5.1.2, using settings 'docspot.settings'
web-1                               | Starting development server at http://0.0.0.0:8000/
web-1                               | Quit the server with CONTROL-C.
web-1                               | 
web-1                               | INFO /app/fitness/views.py changed, reloading.
web-1                               | INFO:django.utils.autoreload:/app/fitness/views.py changed, reloading.
web-1                               | INFO Watching for file changes with StatReloader
web-1                               | Performing system checks...
web-1                               | 
web-1                               | WARNING:absl:Compiled the loaded model, but the compiled metrics have yet to be built. `model.compile_metrics` will be empty until you train or evaluate the model.
web-1                               | System check identified no issues (0 silenced).
web-1                               | August 11, 2026 - 18:40:59
web-1                               | Django version 5.1.2, using settings 'docspot.settings'
web-1                               | Starting development server at http://0.0.0.0:8000/
web-1                               | Quit the server with CONTROL-C.
web-1                               | 
web-1                               | INFO /app/fitness/views.py changed, reloading.
web-1                               | INFO:django.utils.autoreload:/app/fitness/views.py changed, reloading.
web-1                               | Performing system checks...
web-1                               | 
web-1                               | INFO Watching for file changes with StatReloader
web-1                               | WARNING:absl:Compiled the loaded model, but the compiled metrics have yet to be built. `model.compile_metrics` will be empty until you train or evaluate the model.
web-1                               | System check identified no issues (0 silenced).
web-1                               | August 11, 2026 - 18:41:06
web-1                               | Django version 5.1.2, using settings 'docspot.settings'
web-1                               | Starting development server at http://0.0.0.0:8000/
web-1                               | Quit the server with CONTROL-C.
web-1                               | 
web-1                               | === ABOUT TO RENDER RESULT ===
web-1                               | INFO "POST /fitness/predict/ HTTP/1.1" 200 7774
web-1                               | INFO:django.server:"POST /fitness/predict/ HTTP/1.1" 200 7774
web-1                               | INFO /app/fitness/views.py changed, reloading.
web-1                               | INFO:django.utils.autoreload:/app/fitness/views.py changed, reloading.
web-1                               | INFO Watching for file changes with StatReloader
web-1                               | Performing system checks...
web-1                               | 
web-1                               | Exception in thread django-main-thread:
web-1                               | Traceback (most recent call last):
web-1                               |   File "/usr/local/lib/python3.12/threading.py", line 1075, in _bootstrap_inner
web-1                               |     self.run()
web-1                               |   File "/usr/local/lib/python3.12/threading.py", line 1012, in run
web-1                               |     self._target(*self._args, **self._kwargs)
web-1                               |   File "/usr/local/lib/python3.12/site-packages/django/utils/autoreload.py", line 64, in wrapper
web-1                               |     fn(*args, **kwargs)
web-1                               |   File "/usr/local/lib/python3.12/site-packages/django/core/management/commands/runserver.py", line 134, in inner_run
web-1                               |     self.check(display_num_errors=True)
web-1                               |   File "/usr/local/lib/python3.12/site-packages/django/core/management/base.py", line 486, in check
web-1                               |     all_issues = checks.run_checks(
web-1                               |                  ^^^^^^^^^^^^^^^^^^
web-1                               |   File "/usr/local/lib/python3.12/site-packages/django/core/checks/registry.py", line 88, in run_checks
web-1                               |     new_errors = check(app_configs=app_configs, databases=databases)
web-1                               |                  ^^^^^^^^^^^^^^^^^^^^^^^^^^^^^^^^^^^^^^^^^^^^^^^^^^^
web-1                               |   File "/usr/local/lib/python3.12/site-packages/django/core/checks/urls.py", line 44, in check_url_namespaces_unique
web-1                               |     all_namespaces = _load_all_namespaces(resolver)
web-1                               |                      ^^^^^^^^^^^^^^^^^^^^^^^^^^^^^^
web-1                               |   File "/usr/local/lib/python3.12/site-packages/django/core/checks/urls.py", line 63, in _load_all_namespaces
web-1                               |     url_patterns = getattr(resolver, "url_patterns", [])
web-1                               |                    ^^^^^^^^^^^^^^^^^^^^^^^^^^^^^^^^^^^^^
web-1                               |   File "/usr/local/lib/python3.12/site-packages/django/utils/functional.py", line 47, in __get__
web-1                               |     res = instance.__dict__[self.name] = self.func(instance)
web-1                               |                                          ^^^^^^^^^^^^^^^^^^^
web-1                               |   File "/usr/local/lib/python3.12/site-packages/django/urls/resolvers.py", line 718, in url_patterns
web-1                               |     patterns = getattr(self.urlconf_module, "urlpatterns", self.urlconf_module)
web-1                               |                        ^^^^^^^^^^^^^^^^^^^
web-1                               |   File "/usr/local/lib/python3.12/site-packages/django/utils/functional.py", line 47, in __get__
web-1                               |     res = instance.__dict__[self.name] = self.func(instance)
web-1                               |                                          ^^^^^^^^^^^^^^^^^^^
web-1                               |   File "/usr/local/lib/python3.12/site-packages/django/urls/resolvers.py", line 711, in urlconf_module
web-1                               |     return import_module(self.urlconf_name)
web-1                               |            ^^^^^^^^^^^^^^^^^^^^^^^^^^^^^^^^
web-1                               |   File "/usr/local/lib/python3.12/importlib/__init__.py", line 90, in import_module
web-1                               |     return _bootstrap._gcd_import(name[level:], package, level)
web-1                               |            ^^^^^^^^^^^^^^^^^^^^^^^^^^^^^^^^^^^^^^^^^^^^^^^^^^^^
web-1                               |   File "<frozen importlib._bootstrap>", line 1387, in _gcd_import
web-1                               |   File "<frozen importlib._bootstrap>", line 1360, in _find_and_load
web-1                               |   File "<frozen importlib._bootstrap>", line 1331, in _find_and_load_unlocked
web-1                               |   File "<frozen importlib._bootstrap>", line 935, in _load_unlocked
web-1                               |   File "<frozen importlib._bootstrap_external>", line 999, in exec_module
web-1                               |   File "<frozen importlib._bootstrap>", line 488, in _call_with_frames_removed
web-1                               |   File "/app/docspot/urls.py", line 41, in <module>
web-1                               |     path("fitness/", include("fitness.urls")),
web-1                               |                      ^^^^^^^^^^^^^^^^^^^^^^^
web-1                               |   File "/usr/local/lib/python3.12/site-packages/django/urls/conf.py", line 39, in include
web-1                               |     urlconf_module = import_module(urlconf_module)
web-1                               |                      ^^^^^^^^^^^^^^^^^^^^^^^^^^^^^
web-1                               |   File "/usr/local/lib/python3.12/importlib/__init__.py", line 90, in import_module
web-1                               |     return _bootstrap._gcd_import(name[level:], package, level)
web-1                               |            ^^^^^^^^^^^^^^^^^^^^^^^^^^^^^^^^^^^^^^^^^^^^^^^^^^^^
web-1                               |   File "<frozen importlib._bootstrap>", line 1387, in _gcd_import
web-1                               |   File "<frozen importlib._bootstrap>", line 1360, in _find_and_load
web-1                               |   File "<frozen importlib._bootstrap>", line 1331, in _find_and_load_unlocked
web-1                               |   File "<frozen importlib._bootstrap>", line 935, in _load_unlocked
web-1                               |   File "<frozen importlib._bootstrap_external>", line 999, in exec_module
web-1                               |   File "<frozen importlib._bootstrap>", line 488, in _call_with_frames_removed
web-1                               |   File "/app/fitness/urls.py", line 2, in <module>
web-1                               |     from . import views
web-1                               |   File "/app/fitness/views.py", line 266
web-1                               |     return render(request, 
web-1                               |                            ^
web-1                               | IndentationError: unindent does not match any outer indentation level
web-1                               | INFO /app/fitness/views.py changed, reloading.
web-1                               | INFO Watching for file changes with StatReloader
web-1                               | Performing system checks...
web-1                               | 
web-1                               | Exception in thread django-main-thread:
web-1                               | Traceback (most recent call last):
web-1                               |   File "/usr/local/lib/python3.12/threading.py", line 1075, in _bootstrap_inner
web-1                               |     self.run()
web-1                               |   File "/usr/local/lib/python3.12/threading.py", line 1012, in run
web-1                               |     self._target(*self._args, **self._kwargs)
web-1                               |   File "/usr/local/lib/python3.12/site-packages/django/utils/autoreload.py", line 64, in wrapper
web-1                               |     fn(*args, **kwargs)
web-1                               |   File "/usr/local/lib/python3.12/site-packages/django/core/management/commands/runserver.py", line 134, in inner_run
web-1                               |     self.check(display_num_errors=True)
web-1                               |   File "/usr/local/lib/python3.12/site-packages/django/core/management/base.py", line 486, in check
web-1                               |     all_issues = checks.run_checks(
web-1                               |                  ^^^^^^^^^^^^^^^^^^
web-1                               |   File "/usr/local/lib/python3.12/site-packages/django/core/checks/registry.py", line 88, in run_checks
web-1                               |     new_errors = check(app_configs=app_configs, databases=databases)
web-1                               |                  ^^^^^^^^^^^^^^^^^^^^^^^^^^^^^^^^^^^^^^^^^^^^^^^^^^^
web-1                               |   File "/usr/local/lib/python3.12/site-packages/django/core/checks/urls.py", line 44, in check_url_namespaces_unique
web-1                               |     all_namespaces = _load_all_namespaces(resolver)
web-1                               |                      ^^^^^^^^^^^^^^^^^^^^^^^^^^^^^^
web-1                               |   File "/usr/local/lib/python3.12/site-packages/django/core/checks/urls.py", line 63, in _load_all_namespaces
web-1                               |     url_patterns = getattr(resolver, "url_patterns", [])
web-1                               |                    ^^^^^^^^^^^^^^^^^^^^^^^^^^^^^^^^^^^^^
web-1                               |   File "/usr/local/lib/python3.12/site-packages/django/utils/functional.py", line 47, in __get__
web-1                               |     res = instance.__dict__[self.name] = self.func(instance)
web-1                               |                                          ^^^^^^^^^^^^^^^^^^^
web-1                               |   File "/usr/local/lib/python3.12/site-packages/django/urls/resolvers.py", line 718, in url_patterns
web-1                               |     patterns = getattr(self.urlconf_module, "urlpatterns", self.urlconf_module)
web-1                               |                        ^^^^^^^^^^^^^^^^^^^
web-1                               |   File "/usr/local/lib/python3.12/site-packages/django/utils/functional.py", line 47, in __get__
web-1                               |     res = instance.__dict__[self.name] = self.func(instance)
web-1                               |                                          ^^^^^^^^^^^^^^^^^^^
web-1                               |   File "/usr/local/lib/python3.12/site-packages/django/urls/resolvers.py", line 711, in urlconf_module
web-1                               |     return import_module(self.urlconf_name)
web-1                               |            ^^^^^^^^^^^^^^^^^^^^^^^^^^^^^^^^
web-1                               |   File "/usr/local/lib/python3.12/importlib/__init__.py", line 90, in import_module
web-1                               |     return _bootstrap._gcd_import(name[level:], package, level)
web-1                               |            ^^^^^^^^^^^^^^^^^^^^^^^^^^^^^^^^^^^^^^^^^^^^^^^^^^^^
web-1                               |   File "<frozen importlib._bootstrap>", line 1387, in _gcd_import
web-1                               |   File "<frozen importlib._bootstrap>", line 1360, in _find_and_load
web-1                               |   File "<frozen importlib._bootstrap>", line 1331, in _find_and_load_unlocked
web-1                               |   File "<frozen importlib._bootstrap>", line 935, in _load_unlocked
web-1                               |   File "<frozen importlib._bootstrap_external>", line 999, in exec_module
web-1                               |   File "<frozen importlib._bootstrap>", line 488, in _call_with_frames_removed
web-1                               |   File "/app/docspot/urls.py", line 41, in <module>
web-1                               |     path("fitness/", include("fitness.urls")),
web-1                               |                      ^^^^^^^^^^^^^^^^^^^^^^^
web-1                               |   File "/usr/local/lib/python3.12/site-packages/django/urls/conf.py", line 39, in include
web-1                               |     urlconf_module = import_module(urlconf_module)
web-1                               |                      ^^^^^^^^^^^^^^^^^^^^^^^^^^^^^
web-1                               |   File "/usr/local/lib/python3.12/importlib/__init__.py", line 90, in import_module
web-1                               |     return _bootstrap._gcd_import(name[level:], package, level)
web-1                               |            ^^^^^^^^^^^^^^^^^^^^^^^^^^^^^^^^^^^^^^^^^^^^^^^^^^^^
web-1                               |   File "<frozen importlib._bootstrap>", line 1387, in _gcd_import
web-1                               |   File "<frozen importlib._bootstrap>", line 1360, in _find_and_load
web-1                               |   File "<frozen importlib._bootstrap>", line 1331, in _find_and_load_unlocked
web-1                               |   File "<frozen importlib._bootstrap>", line 935, in _load_unlocked
web-1                               |   File "<frozen importlib._bootstrap_external>", line 999, in exec_module
web-1                               |   File "<frozen importlib._bootstrap>", line 488, in _call_with_frames_removed
web-1                               |   File "/app/fitness/urls.py", line 2, in <module>
web-1                               |     from . import views
web-1                               |   File "/app/fitness/views.py", line 266
web-1                               |     return render(request, 
web-1                               | IndentationError: unexpected indent
web-1                               | INFO /app/fitness/views.py changed, reloading.
web-1                               | INFO Watching for file changes with StatReloader
web-1                               | Performing system checks...
web-1                               | 
web-1                               | WARNING:absl:Compiled the loaded model, but the compiled metrics have yet to be built. `model.compile_metrics` will be empty until you train or evaluate the model.
web-1                               | System check identified no issues (0 silenced).
web-1                               | August 11, 2026 - 18:45:48
web-1                               | Django version 5.1.2, using settings 'docspot.settings'
web-1                               | Starting development server at http://0.0.0.0:8000/
web-1                               | Quit the server with CONTROL-C.
web-1                               | 
web-1                               | === ABOUT TO RENDER RESULT ===
web-1                               | INFO "POST /fitness/predict/ HTTP/1.1" 200 7774
web-1                               | INFO:django.server:"POST /fitness/predict/ HTTP/1.1" 200 7774
intellicareai-web-run-164967de096b  | >>> exit()
[Kintellicareai-web-run-164967de096b exited with code 0
web-1                               | INFO /app/fitness/views.py changed, reloading.
web-1                               | INFO:django.utils.autoreload:/app/fitness/views.py changed, reloading.
web-1                               | INFO Watching for file changes with StatReloader
web-1                               | Performing system checks...
web-1                               | 
web-1                               | WARNING:absl:Compiled the loaded model, but the compiled metrics have yet to be built. `model.compile_metrics` will be empty until you train or evaluate the model.
web-1                               | System check identified no issues (0 silenced).
web-1                               | August 11, 2026 - 18:48:46
web-1                               | Django version 5.1.2, using settings 'docspot.settings'
web-1                               | Starting development server at http://0.0.0.0:8000/
web-1                               | Quit the server with CONTROL-C.
web-1                               | 
web-1                               | INFO /app/fitness/views.py changed, reloading.
web-1                               | INFO:django.utils.autoreload:/app/fitness/views.py changed, reloading.
web-1                               | INFO Watching for file changes with StatReloader
web-1                               | Performing system checks...
web-1                               | 
web-1                               | Exception in thread django-main-thread:
web-1                               | Traceback (most recent call last):
web-1                               |   File "/usr/local/lib/python3.12/threading.py", line 1075, in _bootstrap_inner
web-1                               |     self.run()
web-1                               |   File "/usr/local/lib/python3.12/threading.py", line 1012, in run
web-1                               |     self._target(*self._args, **self._kwargs)
web-1                               |   File "/usr/local/lib/python3.12/site-packages/django/utils/autoreload.py", line 64, in wrapper
web-1                               |     fn(*args, **kwargs)
web-1                               |   File "/usr/local/lib/python3.12/site-packages/django/core/management/commands/runserver.py", line 134, in inner_run
web-1                               |     self.check(display_num_errors=True)
web-1                               |   File "/usr/local/lib/python3.12/site-packages/django/core/management/base.py", line 486, in check
web-1                               |     all_issues = checks.run_checks(
web-1                               |                  ^^^^^^^^^^^^^^^^^^
web-1                               |   File "/usr/local/lib/python3.12/site-packages/django/core/checks/registry.py", line 88, in run_checks
web-1                               |     new_errors = check(app_configs=app_configs, databases=databases)
web-1                               |                  ^^^^^^^^^^^^^^^^^^^^^^^^^^^^^^^^^^^^^^^^^^^^^^^^^^^
web-1                               |   File "/usr/local/lib/python3.12/site-packages/django/core/checks/urls.py", line 44, in check_url_namespaces_unique
web-1                               |     all_namespaces = _load_all_namespaces(resolver)
web-1                               |                      ^^^^^^^^^^^^^^^^^^^^^^^^^^^^^^
web-1                               |   File "/usr/local/lib/python3.12/site-packages/django/core/checks/urls.py", line 63, in _load_all_namespaces
web-1                               |     url_patterns = getattr(resolver, "url_patterns", [])
web-1                               |                    ^^^^^^^^^^^^^^^^^^^^^^^^^^^^^^^^^^^^^
web-1                               |   File "/usr/local/lib/python3.12/site-packages/django/utils/functional.py", line 47, in __get__
web-1                               |     res = instance.__dict__[self.name] = self.func(instance)
web-1                               |                                          ^^^^^^^^^^^^^^^^^^^
web-1                               |   File "/usr/local/lib/python3.12/site-packages/django/urls/resolvers.py", line 718, in url_patterns
web-1                               |     patterns = getattr(self.urlconf_module, "urlpatterns", self.urlconf_module)
web-1                               |                        ^^^^^^^^^^^^^^^^^^^
web-1                               |   File "/usr/local/lib/python3.12/site-packages/django/utils/functional.py", line 47, in __get__
web-1                               |     res = instance.__dict__[self.name] = self.func(instance)
web-1                               |                                          ^^^^^^^^^^^^^^^^^^^
web-1                               |   File "/usr/local/lib/python3.12/site-packages/django/urls/resolvers.py", line 711, in urlconf_module
web-1                               |     return import_module(self.urlconf_name)
web-1                               |            ^^^^^^^^^^^^^^^^^^^^^^^^^^^^^^^^
web-1                               |   File "/usr/local/lib/python3.12/importlib/__init__.py", line 90, in import_module
web-1                               |     return _bootstrap._gcd_import(name[level:], package, level)
web-1                               |            ^^^^^^^^^^^^^^^^^^^^^^^^^^^^^^^^^^^^^^^^^^^^^^^^^^^^
web-1                               |   File "<frozen importlib._bootstrap>", line 1387, in _gcd_import
web-1                               |   File "<frozen importlib._bootstrap>", line 1360, in _find_and_load
web-1                               |   File "<frozen importlib._bootstrap>", line 1331, in _find_and_load_unlocked
web-1                               |   File "<frozen importlib._bootstrap>", line 935, in _load_unlocked
web-1                               |   File "<frozen importlib._bootstrap_external>", line 999, in exec_module
web-1                               |   File "<frozen importlib._bootstrap>", line 488, in _call_with_frames_removed
web-1                               |   File "/app/docspot/urls.py", line 41, in <module>
web-1                               |     path("fitness/", include("fitness.urls")),
web-1                               |                      ^^^^^^^^^^^^^^^^^^^^^^^
web-1                               |   File "/usr/local/lib/python3.12/site-packages/django/urls/conf.py", line 39, in include
web-1                               |     urlconf_module = import_module(urlconf_module)
web-1                               |                      ^^^^^^^^^^^^^^^^^^^^^^^^^^^^^
web-1                               |   File "/usr/local/lib/python3.12/importlib/__init__.py", line 90, in import_module
web-1                               |     return _bootstrap._gcd_import(name[level:], package, level)
web-1                               |            ^^^^^^^^^^^^^^^^^^^^^^^^^^^^^^^^^^^^^^^^^^^^^^^^^^^^
web-1                               |   File "<frozen importlib._bootstrap>", line 1387, in _gcd_import
web-1                               |   File "<frozen importlib._bootstrap>", line 1360, in _find_and_load
web-1                               |   File "<frozen importlib._bootstrap>", line 1331, in _find_and_load_unlocked
web-1                               |   File "<frozen importlib._bootstrap>", line 935, in _load_unlocked
web-1                               |   File "<frozen importlib._bootstrap_external>", line 999, in exec_module
web-1                               |   File "<frozen importlib._bootstrap>", line 488, in _call_with_frames_removed
web-1                               |   File "/app/fitness/urls.py", line 2, in <module>
web-1                               |     from . import views
web-1                               |   File "/app/fitness/views.py", line 266
web-1                               |     return render(request, 
web-1                               |                            ^
web-1                               | IndentationError: unindent does not match any outer indentation level
web-1                               | INFO /app/fitness/views.py changed, reloading.
web-1                               | INFO Watching for file changes with StatReloader
web-1                               | Performing system checks...
web-1                               | 
web-1                               | WARNING:absl:Compiled the loaded model, but the compiled metrics have yet to be built. `model.compile_metrics` will be empty until you train or evaluate the model.
web-1                               | System check identified no issues (0 silenced).
web-1                               | August 11, 2026 - 18:49:20
web-1                               | Django version 5.1.2, using settings 'docspot.settings'
web-1                               | Starting development server at http://0.0.0.0:8000/
web-1                               | Quit the server with CONTROL-C.
web-1                               | 
web-1                               | INFO /app/fitness/views.py changed, reloading.
web-1                               | INFO:django.utils.autoreload:/app/fitness/views.py changed, reloading.
web-1                               | Performing system checks...
web-1                               | 
web-1                               | INFO Watching for file changes with StatReloader
web-1                               | WARNING:absl:Compiled the loaded model, but the compiled metrics have yet to be built. `model.compile_metrics` will be empty until you train or evaluate the model.
web-1                               | System check identified no issues (0 silenced).
web-1                               | August 11, 2026 - 18:50:26
web-1                               | Django version 5.1.2, using settings 'docspot.settings'
web-1                               | Starting development server at http://0.0.0.0:8000/
web-1                               | Quit the server with CONTROL-C.
web-1                               | 
web-1                               | === ABOUT TO RENDER RESULT ===
web-1                               | INFO "POST /fitness/predict/ HTTP/1.1" 200 10960
web-1                               | INFO:django.server:"POST /fitness/predict/ HTTP/1.1" 200 10960
web-1                               | INFO /app/fitness/views.py changed, reloading.
web-1                               | INFO:django.utils.autoreload:/app/fitness/views.py changed, reloading.
web-1                               | INFO Watching for file changes with StatReloader
web-1                               | Performing system checks...
web-1                               | 
web-1                               | WARNING:absl:Compiled the loaded model, but the compiled metrics have yet to be built. `model.compile_metrics` will be empty until you train or evaluate the model.
web-1                               | System check identified no issues (0 silenced).
web-1                               | August 11, 2026 - 18:55:51
web-1                               | Django version 5.1.2, using settings 'docspot.settings'
web-1                               | Starting development server at http://0.0.0.0:8000/
web-1                               | Quit the server with CONTROL-C.
web-1                               | 
web-1                               | INFO /app/fitness/views.py changed, reloading.
web-1                               | INFO:django.utils.autoreload:/app/fitness/views.py changed, reloading.
web-1                               | INFO Watching for file changes with StatReloader
web-1                               | Performing system checks...
web-1                               | 
web-1                               | WARNING:absl:Compiled the loaded model, but the compiled metrics have yet to be built. `model.compile_metrics` will be empty until you train or evaluate the model.
web-1                               | System check identified no issues (0 silenced).
web-1                               | August 11, 2026 - 18:55:57
web-1                               | Django version 5.1.2, using settings 'docspot.settings'
web-1                               | Starting development server at http://0.0.0.0:8000/
web-1                               | Quit the server with CONTROL-C.
web-1                               | 
web-1                               | === ABOUT TO RENDER RESULT ===
web-1                               | INFO "POST /fitness/predict/ HTTP/1.1" 200 9718
web-1                               | INFO:django.server:"POST /fitness/predict/ HTTP/1.1" 200 9718
web-1                               | === ABOUT TO RENDER RESULT ===
web-1                               | INFO "POST /fitness/predict/ HTTP/1.1" 200 9718
web-1                               | INFO:django.server:"POST /fitness/predict/ HTTP/1.1" 200 9718
web-1                               | DEBUG Dashboard Metrics: {'count_green': 1, 'count_yellow': 2, 'count_red': 3, 'total_predictions': 6, 'health_score': 2.0, 'health_percentage': 33, 'health_status': 'High Risk', 'status_color': 'danger'}
web-1                               | INFO "GET /home/ HTTP/1.1" 200 35309
web-1                               | INFO:django.server:"GET /home/ HTTP/1.1" 200 35309
web-1                               | WARNING Not Found: /apple-touch-icon-precomposed.png
web-1                               | WARNING:django.request:Not Found: /apple-touch-icon-precomposed.png
web-1                               | WARNING Not Found: /apple-touch-icon.png
web-1                               | WARNING:django.request:Not Found: /apple-touch-icon.png
web-1                               | WARNING "GET /apple-touch-icon-precomposed.png HTTP/1.1" 404 7964
web-1                               | WARNING:django.server:"GET /apple-touch-icon-precomposed.png HTTP/1.1" 404 7964
web-1                               | WARNING Not Found: /favicon.ico
web-1                               | WARNING "GET /apple-touch-icon.png HTTP/1.1" 404 7928
web-1                               | WARNING:django.request:Not Found: /favicon.ico
web-1                               | WARNING:django.server:"GET /apple-touch-icon.png HTTP/1.1" 404 7928
web-1                               | WARNING "GET /favicon.ico HTTP/1.1" 404 7901
web-1                               | WARNING:django.server:"GET /favicon.ico HTTP/1.1" 404 7901
web-1                               | === RENDERING PREDICTION FORM ===
web-1                               | INFO "GET /fitness/predict/ HTTP/1.1" 200 7749
web-1                               | INFO:django.server:"GET /fitness/predict/ HTTP/1.1" 200 7749
web-1                               | === ABOUT TO RENDER RESULT ===
web-1                               | INFO "POST /fitness/predict/ HTTP/1.1" 200 9718
web-1                               | INFO:django.server:"POST /fitness/predict/ HTTP/1.1" 200 9718
web-1                               | INFO /app/lung_cancer/views.py changed, reloading.
web-1                               | INFO:django.utils.autoreload:/app/lung_cancer/views.py changed, reloading.
web-1                               | INFO Watching for file changes with StatReloader
web-1                               | Performing system checks...
web-1                               | 
web-1                               | WARNING:absl:Compiled the loaded model, but the compiled metrics have yet to be built. `model.compile_metrics` will be empty until you train or evaluate the model.
web-1                               | System check identified no issues (0 silenced).
web-1                               | August 12, 2026 - 07:26:25
web-1                               | Django version 5.1.2, using settings 'docspot.settings'
web-1                               | Starting development server at http://0.0.0.0:8000/
web-1                               | Quit the server with CONTROL-C.
web-1                               | 
web-1                               | INFO /app/lung_cancer/views.py changed, reloading.
web-1                               | INFO:django.utils.autoreload:/app/lung_cancer/views.py changed, reloading.
web-1                               | INFO Watching for file changes with StatReloader
web-1                               | Performing system checks...
web-1                               | 
web-1                               | WARNING:absl:Compiled the loaded model, but the compiled metrics have yet to be built. `model.compile_metrics` will be empty until you train or evaluate the model.
web-1                               | System check identified no issues (0 silenced).
web-1                               | August 12, 2026 - 07:26:39
web-1                               | Django version 5.1.2, using settings 'docspot.settings'
web-1                               | Starting development server at http://0.0.0.0:8000/
web-1                               | Quit the server with CONTROL-C.
web-1                               | 
web-1                               | INFO /app/lung_cancer/views.py changed, reloading.
web-1                               | INFO:django.utils.autoreload:/app/lung_cancer/views.py changed, reloading.
web-1                               | Performing system checks...
web-1                               | 
web-1                               | INFO Watching for file changes with StatReloader
web-1                               | WARNING:absl:Compiled the loaded model, but the compiled metrics have yet to be built. `model.compile_metrics` will be empty until you train or evaluate the model.
web-1                               | System check identified no issues (0 silenced).
web-1                               | August 12, 2026 - 07:27:28
web-1                               | Django version 5.1.2, using settings 'docspot.settings'
web-1                               | Starting development server at http://0.0.0.0:8000/
web-1                               | Quit the server with CONTROL-C.
web-1                               | 
web-1                               | INFO /app/lung_cancer/views.py changed, reloading.
web-1                               | INFO:django.utils.autoreload:/app/lung_cancer/views.py changed, reloading.
web-1                               | INFO Watching for file changes with StatReloader
web-1                               | Performing system checks...
web-1                               | 
web-1                               | WARNING:absl:Compiled the loaded model, but the compiled metrics have yet to be built. `model.compile_metrics` will be empty until you train or evaluate the model.
web-1                               | System check identified no issues (0 silenced).
web-1                               | August 12, 2026 - 07:27:53
web-1                               | Django version 5.1.2, using settings 'docspot.settings'
web-1                               | Starting development server at http://0.0.0.0:8000/
web-1                               | Quit the server with CONTROL-C.
web-1                               | 
web-1                               | INFO /app/lung_cancer/views.py changed, reloading.
web-1                               | INFO:django.utils.autoreload:/app/lung_cancer/views.py changed, reloading.
web-1                               | INFO Watching for file changes with StatReloader
web-1                               | Performing system checks...
web-1                               | 
web-1                               | WARNING:absl:Compiled the loaded model, but the compiled metrics have yet to be built. `model.compile_metrics` will be empty until you train or evaluate the model.
web-1                               | System check identified no issues (0 silenced).
web-1                               | August 12, 2026 - 07:28:27
web-1                               | Django version 5.1.2, using settings 'docspot.settings'
web-1                               | Starting development server at http://0.0.0.0:8000/
web-1                               | Quit the server with CONTROL-C.
web-1                               | 
web-1                               | INFO /app/lung_cancer/views.py changed, reloading.
web-1                               | INFO:django.utils.autoreload:/app/lung_cancer/views.py changed, reloading.
web-1                               | INFO Watching for file changes with StatReloader
web-1                               | Performing system checks...
web-1                               | 
web-1                               | WARNING:absl:Compiled the loaded model, but the compiled metrics have yet to be built. `model.compile_metrics` will be empty until you train or evaluate the model.
web-1                               | System check identified no issues (0 silenced).
web-1                               | August 12, 2026 - 07:28:35
web-1                               | Django version 5.1.2, using settings 'docspot.settings'
web-1                               | Starting development server at http://0.0.0.0:8000/
web-1                               | Quit the server with CONTROL-C.
web-1                               | 
web-1                               | INFO /app/lung_cancer/views.py changed, reloading.
web-1                               | INFO:django.utils.autoreload:/app/lung_cancer/views.py changed, reloading.
web-1                               | Performing system checks...
web-1                               | 
web-1                               | INFO Watching for file changes with StatReloader
web-1                               | WARNING:absl:Compiled the loaded model, but the compiled metrics have yet to be built. `model.compile_metrics` will be empty until you train or evaluate the model.
web-1                               | System check identified no issues (0 silenced).
web-1                               | August 12, 2026 - 07:28:47
web-1                               | Django version 5.1.2, using settings 'docspot.settings'
web-1                               | Starting development server at http://0.0.0.0:8000/
web-1                               | Quit the server with CONTROL-C.
web-1                               | 
web-1                               | INFO /app/lung_cancer/views.py changed, reloading.
web-1                               | INFO:django.utils.autoreload:/app/lung_cancer/views.py changed, reloading.
web-1                               | INFO Watching for file changes with StatReloader
web-1                               | Performing system checks...
web-1                               | 
web-1                               | WARNING:absl:Compiled the loaded model, but the compiled metrics have yet to be built. `model.compile_metrics` will be empty until you train or evaluate the model.
web-1                               | System check identified no issues (0 silenced).
web-1                               | August 12, 2026 - 07:28:53
web-1                               | Django version 5.1.2, using settings 'docspot.settings'
web-1                               | Starting development server at http://0.0.0.0:8000/
web-1                               | Quit the server with CONTROL-C.
web-1                               | 
web-1                               | INFO /app/lung_cancer/views.py changed, reloading.
web-1                               | INFO:django.utils.autoreload:/app/lung_cancer/views.py changed, reloading.
web-1                               | INFO Watching for file changes with StatReloader
web-1                               | Performing system checks...
web-1                               | 
web-1                               | WARNING:absl:Compiled the loaded model, but the compiled metrics have yet to be built. `model.compile_metrics` will be empty until you train or evaluate the model.
web-1                               | System check identified no issues (0 silenced).
web-1                               | August 12, 2026 - 07:29:01
web-1                               | Django version 5.1.2, using settings 'docspot.settings'
web-1                               | Starting development server at http://0.0.0.0:8000/
web-1                               | Quit the server with CONTROL-C.
web-1                               | 
web-1                               | INFO /app/lung_cancer/views.py changed, reloading.
web-1                               | INFO:django.utils.autoreload:/app/lung_cancer/views.py changed, reloading.
web-1                               | INFO Watching for file changes with StatReloader
web-1                               | Performing system checks...
web-1                               | 
web-1                               | WARNING:absl:Compiled the loaded model, but the compiled metrics have yet to be built. `model.compile_metrics` will be empty until you train or evaluate the model.
web-1                               | System check identified no issues (0 silenced).
web-1                               | August 12, 2026 - 07:29:07
web-1                               | Django version 5.1.2, using settings 'docspot.settings'
web-1                               | Starting development server at http://0.0.0.0:8000/
web-1                               | Quit the server with CONTROL-C.
web-1                               | 
web-1                               | INFO /app/lung_cancer/views.py changed, reloading.
web-1                               | INFO:django.utils.autoreload:/app/lung_cancer/views.py changed, reloading.
web-1                               | INFO Watching for file changes with StatReloader
web-1                               | Performing system checks...
web-1                               | 
web-1                               | WARNING:absl:Compiled the loaded model, but the compiled metrics have yet to be built. `model.compile_metrics` will be empty until you train or evaluate the model.
web-1                               | System check identified no issues (0 silenced).
web-1                               | August 12, 2026 - 07:32:40
web-1                               | Django version 5.1.2, using settings 'docspot.settings'
web-1                               | Starting development server at http://0.0.0.0:8000/
web-1                               | Quit the server with CONTROL-C.
web-1                               | 
web-1                               | INFO /app/lung_cancer/views.py changed, reloading.
web-1                               | INFO:django.utils.autoreload:/app/lung_cancer/views.py changed, reloading.
web-1                               | INFO Watching for file changes with StatReloader
web-1                               | Performing system checks...
web-1                               | 
web-1                               | Exception in thread django-main-thread:
web-1                               | Traceback (most recent call last):
web-1                               |   File "/usr/local/lib/python3.12/threading.py", line 1075, in _bootstrap_inner
web-1                               |     self.run()
web-1                               |   File "/usr/local/lib/python3.12/threading.py", line 1012, in run
web-1                               |     self._target(*self._args, **self._kwargs)
web-1                               |   File "/usr/local/lib/python3.12/site-packages/django/utils/autoreload.py", line 64, in wrapper
web-1                               |     fn(*args, **kwargs)
web-1                               |   File "/usr/local/lib/python3.12/site-packages/django/core/management/commands/runserver.py", line 134, in inner_run
web-1                               |     self.check(display_num_errors=True)
web-1                               |   File "/usr/local/lib/python3.12/site-packages/django/core/management/base.py", line 486, in check
web-1                               |     all_issues = checks.run_checks(
web-1                               |                  ^^^^^^^^^^^^^^^^^^
web-1                               |   File "/usr/local/lib/python3.12/site-packages/django/core/checks/registry.py", line 88, in run_checks
web-1                               |     new_errors = check(app_configs=app_configs, databases=databases)
web-1                               |                  ^^^^^^^^^^^^^^^^^^^^^^^^^^^^^^^^^^^^^^^^^^^^^^^^^^^
web-1                               |   File "/usr/local/lib/python3.12/site-packages/django/core/checks/urls.py", line 44, in check_url_namespaces_unique
web-1                               |     all_namespaces = _load_all_namespaces(resolver)
web-1                               |                      ^^^^^^^^^^^^^^^^^^^^^^^^^^^^^^
web-1                               |   File "/usr/local/lib/python3.12/site-packages/django/core/checks/urls.py", line 63, in _load_all_namespaces
web-1                               |     url_patterns = getattr(resolver, "url_patterns", [])
web-1                               |                    ^^^^^^^^^^^^^^^^^^^^^^^^^^^^^^^^^^^^^
web-1                               |   File "/usr/local/lib/python3.12/site-packages/django/utils/functional.py", line 47, in __get__
web-1                               |     res = instance.__dict__[self.name] = self.func(instance)
web-1                               |                                          ^^^^^^^^^^^^^^^^^^^
web-1                               |   File "/usr/local/lib/python3.12/site-packages/django/urls/resolvers.py", line 718, in url_patterns
web-1                               |     patterns = getattr(self.urlconf_module, "urlpatterns", self.urlconf_module)
web-1                               |                        ^^^^^^^^^^^^^^^^^^^
web-1                               |   File "/usr/local/lib/python3.12/site-packages/django/utils/functional.py", line 47, in __get__
web-1                               |     res = instance.__dict__[self.name] = self.func(instance)
web-1                               |                                          ^^^^^^^^^^^^^^^^^^^
web-1                               |   File "/usr/local/lib/python3.12/site-packages/django/urls/resolvers.py", line 711, in urlconf_module
web-1                               |     return import_module(self.urlconf_name)
web-1                               |            ^^^^^^^^^^^^^^^^^^^^^^^^^^^^^^^^
web-1                               |   File "/usr/local/lib/python3.12/importlib/__init__.py", line 90, in import_module
web-1                               |     return _bootstrap._gcd_import(name[level:], package, level)
web-1                               |            ^^^^^^^^^^^^^^^^^^^^^^^^^^^^^^^^^^^^^^^^^^^^^^^^^^^^
web-1                               |   File "<frozen importlib._bootstrap>", line 1387, in _gcd_import
web-1                               |   File "<frozen importlib._bootstrap>", line 1360, in _find_and_load
web-1                               |   File "<frozen importlib._bootstrap>", line 1331, in _find_and_load_unlocked
web-1                               |   File "<frozen importlib._bootstrap>", line 935, in _load_unlocked
web-1                               |   File "<frozen importlib._bootstrap_external>", line 999, in exec_module
web-1                               |   File "<frozen importlib._bootstrap>", line 488, in _call_with_frames_removed
web-1                               |   File "/app/docspot/urls.py", line 42, in <module>
web-1                               |     path("lung_cancer/", include("lung_cancer.urls")),
web-1                               |                          ^^^^^^^^^^^^^^^^^^^^^^^^^^^
web-1                               |   File "/usr/local/lib/python3.12/site-packages/django/urls/conf.py", line 39, in include
web-1                               |     urlconf_module = import_module(urlconf_module)
web-1                               |                      ^^^^^^^^^^^^^^^^^^^^^^^^^^^^^
web-1                               |   File "/usr/local/lib/python3.12/importlib/__init__.py", line 90, in import_module
web-1                               |     return _bootstrap._gcd_import(name[level:], package, level)
web-1                               |            ^^^^^^^^^^^^^^^^^^^^^^^^^^^^^^^^^^^^^^^^^^^^^^^^^^^^
web-1                               |   File "<frozen importlib._bootstrap>", line 1387, in _gcd_import
web-1                               |   File "<frozen importlib._bootstrap>", line 1360, in _find_and_load
web-1                               |   File "<frozen importlib._bootstrap>", line 1331, in _find_and_load_unlocked
web-1                               |   File "<frozen importlib._bootstrap>", line 935, in _load_unlocked
web-1                               |   File "<frozen importlib._bootstrap_external>", line 999, in exec_module
web-1                               |   File "<frozen importlib._bootstrap>", line 488, in _call_with_frames_removed
web-1                               |   File "/app/lung_cancer/urls.py", line 2, in <module>
web-1                               |     from . import views
web-1                               |   File "/app/lung_cancer/views.py", line 173
web-1                               |     if predicted_class is not None:
web-1                               | IndentationError: unexpected indent
web-1                               | INFO /app/lung_cancer/views.py changed, reloading.
web-1                               | INFO Watching for file changes with StatReloader
web-1                               | Performing system checks...
web-1                               | 
web-1                               | Exception in thread django-main-thread:
web-1                               | Traceback (most recent call last):
web-1                               |   File "/usr/local/lib/python3.12/threading.py", line 1075, in _bootstrap_inner
web-1                               |     self.run()
web-1                               |   File "/usr/local/lib/python3.12/threading.py", line 1012, in run
web-1                               |     self._target(*self._args, **self._kwargs)
web-1                               |   File "/usr/local/lib/python3.12/site-packages/django/utils/autoreload.py", line 64, in wrapper
web-1                               |     fn(*args, **kwargs)
web-1                               |   File "/usr/local/lib/python3.12/site-packages/django/core/management/commands/runserver.py", line 134, in inner_run
web-1                               |     self.check(display_num_errors=True)
web-1                               |   File "/usr/local/lib/python3.12/site-packages/django/core/management/base.py", line 486, in check
web-1                               |     all_issues = checks.run_checks(
web-1                               |                  ^^^^^^^^^^^^^^^^^^
web-1                               |   File "/usr/local/lib/python3.12/site-packages/django/core/checks/registry.py", line 88, in run_checks
web-1                               |     new_errors = check(app_configs=app_configs, databases=databases)
web-1                               |                  ^^^^^^^^^^^^^^^^^^^^^^^^^^^^^^^^^^^^^^^^^^^^^^^^^^^
web-1                               |   File "/usr/local/lib/python3.12/site-packages/django/core/checks/urls.py", line 44, in check_url_namespaces_unique
web-1                               |     all_namespaces = _load_all_namespaces(resolver)
web-1                               |                      ^^^^^^^^^^^^^^^^^^^^^^^^^^^^^^
web-1                               |   File "/usr/local/lib/python3.12/site-packages/django/core/checks/urls.py", line 63, in _load_all_namespaces
web-1                               |     url_patterns = getattr(resolver, "url_patterns", [])
web-1                               |                    ^^^^^^^^^^^^^^^^^^^^^^^^^^^^^^^^^^^^^
web-1                               |   File "/usr/local/lib/python3.12/site-packages/django/utils/functional.py", line 47, in __get__
web-1                               |     res = instance.__dict__[self.name] = self.func(instance)
web-1                               |                                          ^^^^^^^^^^^^^^^^^^^
web-1                               |   File "/usr/local/lib/python3.12/site-packages/django/urls/resolvers.py", line 718, in url_patterns
web-1                               |     patterns = getattr(self.urlconf_module, "urlpatterns", self.urlconf_module)
web-1                               |                        ^^^^^^^^^^^^^^^^^^^
web-1                               |   File "/usr/local/lib/python3.12/site-packages/django/utils/functional.py", line 47, in __get__
web-1                               |     res = instance.__dict__[self.name] = self.func(instance)
web-1                               |                                          ^^^^^^^^^^^^^^^^^^^
web-1                               |   File "/usr/local/lib/python3.12/site-packages/django/urls/resolvers.py", line 711, in urlconf_module
web-1                               |     return import_module(self.urlconf_name)
web-1                               |            ^^^^^^^^^^^^^^^^^^^^^^^^^^^^^^^^
web-1                               |   File "/usr/local/lib/python3.12/importlib/__init__.py", line 90, in import_module
web-1                               |     return _bootstrap._gcd_import(name[level:], package, level)
web-1                               |            ^^^^^^^^^^^^^^^^^^^^^^^^^^^^^^^^^^^^^^^^^^^^^^^^^^^^
web-1                               |   File "<frozen importlib._bootstrap>", line 1387, in _gcd_import
web-1                               |   File "<frozen importlib._bootstrap>", line 1360, in _find_and_load
web-1                               |   File "<frozen importlib._bootstrap>", line 1331, in _find_and_load_unlocked
web-1                               |   File "<frozen importlib._bootstrap>", line 935, in _load_unlocked
web-1                               |   File "<frozen importlib._bootstrap_external>", line 999, in exec_module
web-1                               |   File "<frozen importlib._bootstrap>", line 488, in _call_with_frames_removed
web-1                               |   File "/app/docspot/urls.py", line 42, in <module>
web-1                               |     path("lung_cancer/", include("lung_cancer.urls")),
web-1                               |                          ^^^^^^^^^^^^^^^^^^^^^^^^^^^
web-1                               |   File "/usr/local/lib/python3.12/site-packages/django/urls/conf.py", line 39, in include
web-1                               |     urlconf_module = import_module(urlconf_module)
web-1                               |                      ^^^^^^^^^^^^^^^^^^^^^^^^^^^^^
web-1                               |   File "/usr/local/lib/python3.12/importlib/__init__.py", line 90, in import_module
web-1                               |     return _bootstrap._gcd_import(name[level:], package, level)
web-1                               |            ^^^^^^^^^^^^^^^^^^^^^^^^^^^^^^^^^^^^^^^^^^^^^^^^^^^^
web-1                               |   File "<frozen importlib._bootstrap>", line 1387, in _gcd_import
web-1                               |   File "<frozen importlib._bootstrap>", line 1360, in _find_and_load
web-1                               |   File "<frozen importlib._bootstrap>", line 1331, in _find_and_load_unlocked
web-1                               |   File "<frozen importlib._bootstrap>", line 935, in _load_unlocked
web-1                               |   File "<frozen importlib._bootstrap_external>", line 999, in exec_module
web-1                               |   File "<frozen importlib._bootstrap>", line 488, in _call_with_frames_removed
web-1                               |   File "/app/lung_cancer/urls.py", line 2, in <module>
web-1                               |     from . import views
web-1                               |   File "/app/lung_cancer/views.py", line 173
web-1                               |     if predicted_class is not None:
web-1                               | IndentationError: unexpected indent
web-1                               | INFO /app/lung_cancer/views.py changed, reloading.
web-1                               | INFO Watching for file changes with StatReloader
web-1                               | Performing system checks...
web-1                               | 
web-1                               | WARNING:absl:Compiled the loaded model, but the compiled metrics have yet to be built. `model.compile_metrics` will be empty until you train or evaluate the model.
web-1                               | System check identified no issues (0 silenced).
web-1                               | August 12, 2026 - 07:34:04
web-1                               | Django version 5.1.2, using settings 'docspot.settings'
web-1                               | Starting development server at http://0.0.0.0:8000/
web-1                               | Quit the server with CONTROL-C.
web-1                               | 
web-1                               | INFO /app/lung_cancer/views.py changed, reloading.
web-1                               | INFO:django.utils.autoreload:/app/lung_cancer/views.py changed, reloading.
web-1                               | INFO Watching for file changes with StatReloader
web-1                               | Performing system checks...
web-1                               | 
web-1                               | WARNING:absl:Compiled the loaded model, but the compiled metrics have yet to be built. `model.compile_metrics` will be empty until you train or evaluate the model.
web-1                               | System check identified no issues (0 silenced).
web-1                               | August 12, 2026 - 07:34:11
web-1                               | Django version 5.1.2, using settings 'docspot.settings'
web-1                               | Starting development server at http://0.0.0.0:8000/
web-1                               | Quit the server with CONTROL-C.
web-1                               | 
web-1                               | INFO /app/lung_cancer/views.py changed, reloading.
web-1                               | INFO:django.utils.autoreload:/app/lung_cancer/views.py changed, reloading.
web-1                               | INFO Watching for file changes with StatReloader
web-1                               | Performing system checks...
web-1                               | 
web-1                               | WARNING:absl:Compiled the loaded model, but the compiled metrics have yet to be built. `model.compile_metrics` will be empty until you train or evaluate the model.
web-1                               | System check identified no issues (0 silenced).
web-1                               | August 12, 2026 - 07:34:17
web-1                               | Django version 5.1.2, using settings 'docspot.settings'
web-1                               | Starting development server at http://0.0.0.0:8000/
web-1                               | Quit the server with CONTROL-C.
web-1                               | 
web-1                               | INFO /app/lung_cancer/views.py changed, reloading.
web-1                               | INFO:django.utils.autoreload:/app/lung_cancer/views.py changed, reloading.
web-1                               | INFO Watching for file changes with StatReloader
web-1                               | Performing system checks...
web-1                               | 
web-1                               | WARNING:absl:Compiled the loaded model, but the compiled metrics have yet to be built. `model.compile_metrics` will be empty until you train or evaluate the model.
web-1                               | System check identified no issues (0 silenced).
web-1                               | August 12, 2026 - 07:34:22
web-1                               | Django version 5.1.2, using settings 'docspot.settings'
web-1                               | Starting development server at http://0.0.0.0:8000/
web-1                               | Quit the server with CONTROL-C.
web-1                               | 
web-1                               | INFO /app/lung_cancer/views.py changed, reloading.
web-1                               | INFO:django.utils.autoreload:/app/lung_cancer/views.py changed, reloading.
web-1                               | Performing system checks...
web-1                               | 
web-1                               | INFO Watching for file changes with StatReloader
web-1                               | WARNING:absl:Compiled the loaded model, but the compiled metrics have yet to be built. `model.compile_metrics` will be empty until you train or evaluate the model.
web-1                               | System check identified no issues (0 silenced).
web-1                               | August 12, 2026 - 07:34:34
web-1                               | Django version 5.1.2, using settings 'docspot.settings'
web-1                               | Starting development server at http://0.0.0.0:8000/
web-1                               | Quit the server with CONTROL-C.
web-1                               | 
web-1                               | INFO /app/lung_cancer/views.py changed, reloading.
web-1                               | INFO:django.utils.autoreload:/app/lung_cancer/views.py changed, reloading.
web-1                               | INFO Watching for file changes with StatReloader
web-1                               | Performing system checks...
web-1                               | 
web-1                               | WARNING:absl:Compiled the loaded model, but the compiled metrics have yet to be built. `model.compile_metrics` will be empty until you train or evaluate the model.
web-1                               | System check identified no issues (0 silenced).
web-1                               | August 12, 2026 - 07:34:40
web-1                               | Django version 5.1.2, using settings 'docspot.settings'
web-1                               | Starting development server at http://0.0.0.0:8000/
web-1                               | Quit the server with CONTROL-C.
web-1                               | 
web-1                               | INFO /app/lung_cancer/views.py changed, reloading.
web-1                               | INFO:django.utils.autoreload:/app/lung_cancer/views.py changed, reloading.
web-1                               | INFO Watching for file changes with StatReloader
web-1                               | Performing system checks...
web-1                               | 
web-1                               | WARNING:absl:Compiled the loaded model, but the compiled metrics have yet to be built. `model.compile_metrics` will be empty until you train or evaluate the model.
web-1                               | System check identified no issues (0 silenced).
web-1                               | August 12, 2026 - 07:34:46
web-1                               | Django version 5.1.2, using settings 'docspot.settings'
web-1                               | Starting development server at http://0.0.0.0:8000/
web-1                               | Quit the server with CONTROL-C.
web-1                               | 
web-1                               | INFO /app/lung_cancer/views.py changed, reloading.
web-1                               | INFO:django.utils.autoreload:/app/lung_cancer/views.py changed, reloading.
web-1                               | INFO Watching for file changes with StatReloader
web-1                               | Performing system checks...
web-1                               | 
web-1                               | WARNING:absl:Compiled the loaded model, but the compiled metrics have yet to be built. `model.compile_metrics` will be empty until you train or evaluate the model.
web-1                               | System check identified no issues (0 silenced).
web-1                               | August 12, 2026 - 07:34:52
web-1                               | Django version 5.1.2, using settings 'docspot.settings'
web-1                               | Starting development server at http://0.0.0.0:8000/
web-1                               | Quit the server with CONTROL-C.
web-1                               | 
web-1                               | INFO /app/lung_cancer/views.py changed, reloading.
web-1                               | INFO:django.utils.autoreload:/app/lung_cancer/views.py changed, reloading.
web-1                               | INFO Watching for file changes with StatReloader
web-1                               | Performing system checks...
web-1                               | 
web-1                               | WARNING:absl:Compiled the loaded model, but the compiled metrics have yet to be built. `model.compile_metrics` will be empty until you train or evaluate the model.
web-1                               | System check identified no issues (0 silenced).
web-1                               | August 12, 2026 - 07:36:04
web-1                               | Django version 5.1.2, using settings 'docspot.settings'
web-1                               | Starting development server at http://0.0.0.0:8000/
web-1                               | Quit the server with CONTROL-C.
web-1                               | 
web-1                               | INFO /app/lung_cancer/views.py changed, reloading.
web-1                               | INFO:django.utils.autoreload:/app/lung_cancer/views.py changed, reloading.
web-1                               | INFO Watching for file changes with StatReloader
web-1                               | Performing system checks...
web-1                               | 
web-1                               | Exception in thread django-main-thread:
web-1                               | Traceback (most recent call last):
web-1                               |   File "/usr/local/lib/python3.12/threading.py", line 1075, in _bootstrap_inner
web-1                               |     self.run()
web-1                               |   File "/usr/local/lib/python3.12/threading.py", line 1012, in run
web-1                               |     self._target(*self._args, **self._kwargs)
web-1                               |   File "/usr/local/lib/python3.12/site-packages/django/utils/autoreload.py", line 64, in wrapper
web-1                               |     fn(*args, **kwargs)
web-1                               |   File "/usr/local/lib/python3.12/site-packages/django/core/management/commands/runserver.py", line 134, in inner_run
web-1                               |     self.check(display_num_errors=True)
web-1                               |   File "/usr/local/lib/python3.12/site-packages/django/core/management/base.py", line 486, in check
web-1                               |     all_issues = checks.run_checks(
web-1                               |                  ^^^^^^^^^^^^^^^^^^
web-1                               |   File "/usr/local/lib/python3.12/site-packages/django/core/checks/registry.py", line 88, in run_checks
web-1                               |     new_errors = check(app_configs=app_configs, databases=databases)
web-1                               |                  ^^^^^^^^^^^^^^^^^^^^^^^^^^^^^^^^^^^^^^^^^^^^^^^^^^^
web-1                               |   File "/usr/local/lib/python3.12/site-packages/django/core/checks/urls.py", line 44, in check_url_namespaces_unique
web-1                               |     all_namespaces = _load_all_namespaces(resolver)
web-1                               |                      ^^^^^^^^^^^^^^^^^^^^^^^^^^^^^^
web-1                               |   File "/usr/local/lib/python3.12/site-packages/django/core/checks/urls.py", line 63, in _load_all_namespaces
web-1                               |     url_patterns = getattr(resolver, "url_patterns", [])
web-1                               |                    ^^^^^^^^^^^^^^^^^^^^^^^^^^^^^^^^^^^^^
web-1                               |   File "/usr/local/lib/python3.12/site-packages/django/utils/functional.py", line 47, in __get__
web-1                               |     res = instance.__dict__[self.name] = self.func(instance)
web-1                               |                                          ^^^^^^^^^^^^^^^^^^^
web-1                               |   File "/usr/local/lib/python3.12/site-packages/django/urls/resolvers.py", line 718, in url_patterns
web-1                               |     patterns = getattr(self.urlconf_module, "urlpatterns", self.urlconf_module)
web-1                               |                        ^^^^^^^^^^^^^^^^^^^
web-1                               |   File "/usr/local/lib/python3.12/site-packages/django/utils/functional.py", line 47, in __get__
web-1                               |     res = instance.__dict__[self.name] = self.func(instance)
web-1                               |                                          ^^^^^^^^^^^^^^^^^^^
web-1                               |   File "/usr/local/lib/python3.12/site-packages/django/urls/resolvers.py", line 711, in urlconf_module
web-1                               |     return import_module(self.urlconf_name)
web-1                               |            ^^^^^^^^^^^^^^^^^^^^^^^^^^^^^^^^
web-1                               |   File "/usr/local/lib/python3.12/importlib/__init__.py", line 90, in import_module
web-1                               |     return _bootstrap._gcd_import(name[level:], package, level)
web-1                               |            ^^^^^^^^^^^^^^^^^^^^^^^^^^^^^^^^^^^^^^^^^^^^^^^^^^^^
web-1                               |   File "<frozen importlib._bootstrap>", line 1387, in _gcd_import
web-1                               |   File "<frozen importlib._bootstrap>", line 1360, in _find_and_load
web-1                               |   File "<frozen importlib._bootstrap>", line 1331, in _find_and_load_unlocked
web-1                               |   File "<frozen importlib._bootstrap>", line 935, in _load_unlocked
web-1                               |   File "<frozen importlib._bootstrap_external>", line 999, in exec_module
web-1                               |   File "<frozen importlib._bootstrap>", line 488, in _call_with_frames_removed
web-1                               |   File "/app/docspot/urls.py", line 42, in <module>
web-1                               |     path("lung_cancer/", include("lung_cancer.urls")),
web-1                               |                          ^^^^^^^^^^^^^^^^^^^^^^^^^^^
web-1                               |   File "/usr/local/lib/python3.12/site-packages/django/urls/conf.py", line 39, in include
web-1                               |     urlconf_module = import_module(urlconf_module)
web-1                               |                      ^^^^^^^^^^^^^^^^^^^^^^^^^^^^^
web-1                               |   File "/usr/local/lib/python3.12/importlib/__init__.py", line 90, in import_module
web-1                               |     return _bootstrap._gcd_import(name[level:], package, level)
web-1                               |            ^^^^^^^^^^^^^^^^^^^^^^^^^^^^^^^^^^^^^^^^^^^^^^^^^^^^
web-1                               |   File "<frozen importlib._bootstrap>", line 1387, in _gcd_import
web-1                               |   File "<frozen importlib._bootstrap>", line 1360, in _find_and_load
web-1                               |   File "<frozen importlib._bootstrap>", line 1331, in _find_and_load_unlocked
web-1                               |   File "<frozen importlib._bootstrap>", line 935, in _load_unlocked
web-1                               |   File "<frozen importlib._bootstrap_external>", line 999, in exec_module
web-1                               |   File "<frozen importlib._bootstrap>", line 488, in _call_with_frames_removed
web-1                               |   File "/app/lung_cancer/urls.py", line 2, in <module>
web-1                               |     from . import views
web-1                               |   File "/app/lung_cancer/views.py", line 18
web-1                               |     ffrom main_page.utils.prediction_utils import (
web-1                               |           ^^^^^^^^^
web-1                               | SyntaxError: invalid syntax
web-1                               | INFO /app/lung_cancer/views.py changed, reloading.
web-1                               | INFO Watching for file changes with StatReloader
web-1                               | Performing system checks...
web-1                               | 
web-1                               | WARNING:absl:Compiled the loaded model, but the compiled metrics have yet to be built. `model.compile_metrics` will be empty until you train or evaluate the model.
web-1                               | System check identified no issues (0 silenced).
web-1                               | August 12, 2026 - 07:36:16
web-1                               | Django version 5.1.2, using settings 'docspot.settings'
web-1                               | Starting development server at http://0.0.0.0:8000/
web-1                               | Quit the server with CONTROL-C.
web-1                               | 
web-1                               | INFO /app/lung_cancer/views.py changed, reloading.
web-1                               | INFO:django.utils.autoreload:/app/lung_cancer/views.py changed, reloading.
web-1                               | INFO Watching for file changes with StatReloader
web-1                               | Performing system checks...
web-1                               | 
web-1                               | WARNING:absl:Compiled the loaded model, but the compiled metrics have yet to be built. `model.compile_metrics` will be empty until you train or evaluate the model.
web-1                               | System check identified no issues (0 silenced).
web-1                               | August 12, 2026 - 07:37:37
web-1                               | Django version 5.1.2, using settings 'docspot.settings'
web-1                               | Starting development server at http://0.0.0.0:8000/
web-1                               | Quit the server with CONTROL-C.
web-1                               | 
web-1                               | INFO /app/lung_cancer/views.py changed, reloading.
web-1                               | INFO:django.utils.autoreload:/app/lung_cancer/views.py changed, reloading.
web-1                               | Performing system checks...
web-1                               | 
web-1                               | INFO Watching for file changes with StatReloader
web-1                               | WARNING:absl:Compiled the loaded model, but the compiled metrics have yet to be built. `model.compile_metrics` will be empty until you train or evaluate the model.
web-1                               | System check identified no issues (0 silenced).
web-1                               | August 12, 2026 - 07:44:22
web-1                               | Django version 5.1.2, using settings 'docspot.settings'
web-1                               | Starting development server at http://0.0.0.0:8000/
web-1                               | Quit the server with CONTROL-C.
web-1                               | 
web-1                               | DEBUG Dashboard Metrics: {'count_green': 1, 'count_yellow': 2, 'count_red': 3, 'total_predictions': 6, 'health_score': 2.0, 'health_percentage': 33, 'health_status': 'High Risk', 'status_color': 'danger'}
web-1                               | INFO "GET /home/ HTTP/1.1" 200 35310
web-1                               | INFO:django.server:"GET /home/ HTTP/1.1" 200 35310
web-1                               | WARNING Not Found: /apple-touch-icon-precomposed.png
web-1                               | WARNING:django.request:Not Found: /apple-touch-icon-precomposed.png
web-1                               | WARNING Not Found: /apple-touch-icon.png
web-1                               | WARNING:django.request:Not Found: /apple-touch-icon.png
web-1                               | WARNING Not Found: /favicon.ico
web-1                               | WARNING:django.request:Not Found: /favicon.ico
web-1                               | WARNING "GET /apple-touch-icon-precomposed.png HTTP/1.1" 404 7964
web-1                               | WARNING:django.server:"GET /apple-touch-icon-precomposed.png HTTP/1.1" 404 7964
web-1                               | WARNING "GET /apple-touch-icon.png HTTP/1.1" 404 7928
web-1                               | WARNING:django.server:"GET /apple-touch-icon.png HTTP/1.1" 404 7928
web-1                               | WARNING Not Found: /apple-touch-icon-precomposed.png
web-1                               | WARNING:django.request:Not Found: /apple-touch-icon-precomposed.png
web-1                               | WARNING "GET /favicon.ico HTTP/1.1" 404 7901
web-1                               | WARNING:django.server:"GET /favicon.ico HTTP/1.1" 404 7901
web-1                               | WARNING "GET /apple-touch-icon-precomposed.png HTTP/1.1" 404 7964
web-1                               | WARNING:django.server:"GET /apple-touch-icon-precomposed.png HTTP/1.1" 404 7964
web-1                               | WARNING Not Found: /apple-touch-icon.png
web-1                               | WARNING:django.request:Not Found: /apple-touch-icon.png
web-1                               | WARNING "GET /apple-touch-icon.png HTTP/1.1" 404 7928
web-1                               | WARNING:django.server:"GET /apple-touch-icon.png HTTP/1.1" 404 7928
web-1                               | INFO "GET /lung_cancer/predict/ HTTP/1.1" 200 7075
web-1                               | INFO:django.server:"GET /lung_cancer/predict/ HTTP/1.1" 200 7075
web-1                               | INFO Lung Cancer media directory: /app/media/lung_cancer/data/uploads
web-1                               | INFO Lung Cancer image path: /app/media/lung_cancer/data/uploads/aug_0_518.jpeg
web-1                               | ERROR Error during Lung Cancer prediction: prediction/lung_cancer/result.html
web-1                               | Traceback (most recent call last):
web-1                               |   File "/app/lung_cancer/views.py", line 452, in predict_lung_cancer
web-1                               |     return render(
web-1                               |            ^^^^^^^
web-1                               |   File "/usr/local/lib/python3.12/site-packages/django/shortcuts.py", line 25, in render
web-1                               |     content = loader.render_to_string(template_name, context, request, using=using)
web-1                               |               ^^^^^^^^^^^^^^^^^^^^^^^^^^^^^^^^^^^^^^^^^^^^^^^^^^^^^^^^^^^^^^^^^^^^^
web-1                               |   File "/usr/local/lib/python3.12/site-packages/django/template/loader.py", line 61, in render_to_string
web-1                               |     template = get_template(template_name, using=using)
web-1                               |                ^^^^^^^^^^^^^^^^^^^^^^^^^^^^^^^^^^^^^^^^
web-1                               |   File "/usr/local/lib/python3.12/site-packages/django/template/loader.py", line 19, in get_template
web-1                               |     raise TemplateDoesNotExist(template_name, chain=chain)
web-1                               | django.template.exceptions.TemplateDoesNotExist: prediction/lung_cancer/result.html
web-1                               | INFO "POST /lung_cancer/predict/ HTTP/1.1" 200 7075
web-1                               | INFO:django.server:"POST /lung_cancer/predict/ HTTP/1.1" 200 7075
web-1                               | INFO Lung Cancer media directory: /app/media/lung_cancer/data/uploads
web-1                               | INFO Lung Cancer image path: /app/media/lung_cancer/data/uploads/aug_0_9035.jpeg
web-1                               | INFO "POST /lung_cancer/predict/ HTTP/1.1" 200 11120
web-1                               | INFO:django.server:"POST /lung_cancer/predict/ HTTP/1.1" 200 11120
web-1                               | INFO "GET /static/css/pages/result.css HTTP/1.1" 200 3591
web-1                               | INFO:django.server:"GET /static/css/pages/result.css HTTP/1.1" 200 3591
web-1                               | INFO /app/lungs/views.py changed, reloading.
web-1                               | INFO:django.utils.autoreload:/app/lungs/views.py changed, reloading.
web-1                               | INFO Watching for file changes with StatReloader
web-1                               | Performing system checks...
web-1                               | 
web-1                               | WARNING:absl:Compiled the loaded model, but the compiled metrics have yet to be built. `model.compile_metrics` will be empty until you train or evaluate the model.
web-1                               | System check identified no issues (0 silenced).
web-1                               | August 12, 2026 - 08:13:38
web-1                               | Django version 5.1.2, using settings 'docspot.settings'
web-1                               | Starting development server at http://0.0.0.0:8000/
web-1                               | Quit the server with CONTROL-C.
web-1                               | 
web-1                               | INFO /app/heart/views.py changed, reloading.
web-1                               | INFO:django.utils.autoreload:/app/heart/views.py changed, reloading.
web-1                               | INFO Watching for file changes with StatReloader
web-1                               | Performing system checks...
web-1                               | 
web-1                               | WARNING:absl:Compiled the loaded model, but the compiled metrics have yet to be built. `model.compile_metrics` will be empty until you train or evaluate the model.
web-1                               | System check identified no issues (0 silenced).
web-1                               | August 12, 2026 - 08:13:57
web-1                               | Django version 5.1.2, using settings 'docspot.settings'
web-1                               | Starting development server at http://0.0.0.0:8000/
web-1                               | Quit the server with CONTROL-C.
web-1                               | 
web-1                               | DEBUG Dashboard Metrics: {'count_green': 1, 'count_yellow': 3, 'count_red': 3, 'total_predictions': 7, 'health_score': 2.5, 'health_percentage': 36, 'health_status': 'High Risk', 'status_color': 'danger'}
web-1                               | INFO "GET /home/ HTTP/1.1" 200 35331
web-1                               | INFO:django.server:"GET /home/ HTTP/1.1" 200 35331
web-1                               | INFO "GET /heart/predict/ HTTP/1.1" 200 15466
web-1                               | INFO:django.server:"GET /heart/predict/ HTTP/1.1" 200 15466
web-1                               | /app/heart/views.py:103: FutureWarning: Downcasting object dtype arrays on .fillna, .ffill, .bfill is deprecated and will change in a future version. Call result.infer_objects(copy=False) instead. To opt-in to the future behavior, set `pd.set_option('future.no_silent_downcasting', True)`
web-1                               |   df = df.fillna(0)
web-1                               | INFO Prediction saved successfully: type=heart patient=12002 record=25156
web-1                               | INFO "POST /heart/predict/ HTTP/1.1" 200 10623
web-1                               | INFO:django.server:"POST /heart/predict/ HTTP/1.1" 200 10623
web-1                               | INFO /app/main_page/utils/prediction_metadata.py changed, reloading.
web-1                               | INFO:django.utils.autoreload:/app/main_page/utils/prediction_metadata.py changed, reloading.
web-1                               | INFO Watching for file changes with StatReloader
web-1                               | Performing system checks...
web-1                               | 
web-1                               | WARNING:absl:Compiled the loaded model, but the compiled metrics have yet to be built. `model.compile_metrics` will be empty until you train or evaluate the model.
web-1                               | System check identified no issues (0 silenced).
web-1                               | August 12, 2026 - 08:18:27
web-1                               | Django version 5.1.2, using settings 'docspot.settings'
web-1                               | Starting development server at http://0.0.0.0:8000/
web-1                               | Quit the server with CONTROL-C.
web-1                               | 
web-1                               | INFO /app/main_page/utils/prediction_metadata.py changed, reloading.
web-1                               | INFO:django.utils.autoreload:/app/main_page/utils/prediction_metadata.py changed, reloading.
web-1                               | INFO Watching for file changes with StatReloader
web-1                               | Performing system checks...
web-1                               | 
web-1                               | WARNING:absl:Compiled the loaded model, but the compiled metrics have yet to be built. `model.compile_metrics` will be empty until you train or evaluate the model.
web-1                               | System check identified no issues (0 silenced).
web-1                               | August 12, 2026 - 08:18:53
web-1                               | Django version 5.1.2, using settings 'docspot.settings'
web-1                               | Starting development server at http://0.0.0.0:8000/
web-1                               | Quit the server with CONTROL-C.
web-1                               | 
web-1                               | /app/heart/views.py:103: FutureWarning: Downcasting object dtype arrays on .fillna, .ffill, .bfill is deprecated and will change in a future version. Call result.infer_objects(copy=False) instead. To opt-in to the future behavior, set `pd.set_option('future.no_silent_downcasting', True)`
web-1                               |   df = df.fillna(0)
web-1                               | INFO Prediction saved successfully: type=heart patient=12002 record=25157
web-1                               | INFO "POST /heart/predict/ HTTP/1.1" 200 10623
web-1                               | INFO:django.server:"POST /heart/predict/ HTTP/1.1" 200 10623
web-1                               | INFO /app/kidney/views.py changed, reloading.
web-1                               | INFO:django.utils.autoreload:/app/kidney/views.py changed, reloading.
web-1                               | INFO Watching for file changes with StatReloader
web-1                               | Performing system checks...
web-1                               | 
web-1                               | WARNING:absl:Compiled the loaded model, but the compiled metrics have yet to be built. `model.compile_metrics` will be empty until you train or evaluate the model.
web-1                               | System check identified no issues (0 silenced).
web-1                               | August 12, 2026 - 17:41:02
web-1                               | Django version 5.1.2, using settings 'docspot.settings'
web-1                               | Starting development server at http://0.0.0.0:8000/
web-1                               | Quit the server with CONTROL-C.
web-1                               | 
web-1                               | DEBUG Dashboard Metrics: {'count_green': 1, 'count_yellow': 3, 'count_red': 3, 'total_predictions': 7, 'health_score': 2.5, 'health_percentage': 36, 'health_status': 'High Risk', 'status_color': 'danger'}
web-1                               | INFO "GET /home/ HTTP/1.1" 200 35373
web-1                               | INFO:django.server:"GET /home/ HTTP/1.1" 200 35373
web-1                               | INFO "GET /static/css/pages/dashboard.css HTTP/1.1" 304 0
web-1                               | INFO:django.server:"GET /static/css/pages/dashboard.css HTTP/1.1" 304 0
web-1                               | WARNING Not Found: /apple-touch-icon-precomposed.png
web-1                               | WARNING:django.request:Not Found: /apple-touch-icon-precomposed.png
web-1                               | WARNING "GET /apple-touch-icon-precomposed.png HTTP/1.1" 404 7964
web-1                               | WARNING:django.server:"GET /apple-touch-icon-precomposed.png HTTP/1.1" 404 7964
web-1                               | WARNING Not Found: /apple-touch-icon.png
web-1                               | WARNING:django.request:Not Found: /apple-touch-icon.png
web-1                               | WARNING Not Found: /favicon.ico
web-1                               | WARNING:django.request:Not Found: /favicon.ico
web-1                               | WARNING "GET /favicon.ico HTTP/1.1" 404 7901
web-1                               | WARNING:django.server:"GET /favicon.ico HTTP/1.1" 404 7901
web-1                               | WARNING "GET /apple-touch-icon.png HTTP/1.1" 404 7928
web-1                               | WARNING:django.server:"GET /apple-touch-icon.png HTTP/1.1" 404 7928
web-1                               | INFO "GET /kidney/predict/ HTTP/1.1" 200 22038
web-1                               | INFO:django.server:"GET /kidney/predict/ HTTP/1.1" 200 22038
web-1                               | INFO Prediction saved successfully: type=kidney patient=12002 record=25158
web-1                               | INFO "POST /kidney/predict/ HTTP/1.1" 200 10091
web-1                               | INFO:django.server:"POST /kidney/predict/ HTTP/1.1" 200 10091
web-1                               | INFO /app/liver/views.py changed, reloading.
web-1                               | INFO:django.utils.autoreload:/app/liver/views.py changed, reloading.
web-1                               | INFO Watching for file changes with StatReloader
web-1                               | Performing system checks...
web-1                               | 
web-1                               | WARNING:absl:Compiled the loaded model, but the compiled metrics have yet to be built. `model.compile_metrics` will be empty until you train or evaluate the model.
web-1                               | System check identified no issues (0 silenced).
web-1                               | August 12, 2026 - 17:48:49
web-1                               | Django version 5.1.2, using settings 'docspot.settings'
web-1                               | Starting development server at http://0.0.0.0:8000/
web-1                               | Quit the server with CONTROL-C.
web-1                               | 
web-1                               | DEBUG Dashboard Metrics: {'count_green': 1, 'count_yellow': 3, 'count_red': 3, 'total_predictions': 7, 'health_score': 2.5, 'health_percentage': 36, 'health_status': 'High Risk', 'status_color': 'danger'}
web-1                               | INFO "GET /home/ HTTP/1.1" 200 35396
web-1                               | INFO:django.server:"GET /home/ HTTP/1.1" 200 35396
web-1                               | INFO "GET /liver/predict/ HTTP/1.1" 200 10970
web-1                               | INFO:django.server:"GET /liver/predict/ HTTP/1.1" 200 10970
web-1                               | INFO Prediction saved successfully: type=liver patient=12002 record=25159
web-1                               | INFO "POST /liver/predict/ HTTP/1.1" 200 11511
web-1                               | INFO:django.server:"POST /liver/predict/ HTTP/1.1" 200 11511
web-1                               | INFO /app/liver/views.py changed, reloading.
web-1                               | INFO:django.utils.autoreload:/app/liver/views.py changed, reloading.
web-1                               | INFO Watching for file changes with StatReloader
web-1                               | Performing system checks...
web-1                               | 
web-1                               | WARNING:absl:Compiled the loaded model, but the compiled metrics have yet to be built. `model.compile_metrics` will be empty until you train or evaluate the model.
web-1                               | System check identified no issues (0 silenced).
web-1                               | August 12, 2026 - 17:51:44
web-1                               | Django version 5.1.2, using settings 'docspot.settings'
web-1                               | Starting development server at http://0.0.0.0:8000/
web-1                               | Quit the server with CONTROL-C.
web-1                               | 
web-1                               | INFO /app/liver/views.py changed, reloading.
web-1                               | INFO:django.utils.autoreload:/app/liver/views.py changed, reloading.
web-1                               | INFO Watching for file changes with StatReloader
web-1                               | Performing system checks...
web-1                               | 
web-1                               | WARNING:absl:Compiled the loaded model, but the compiled metrics have yet to be built. `model.compile_metrics` will be empty until you train or evaluate the model.
web-1                               | System check identified no issues (0 silenced).
web-1                               | August 12, 2026 - 17:51:50
web-1                               | Django version 5.1.2, using settings 'docspot.settings'
web-1                               | Starting development server at http://0.0.0.0:8000/
web-1                               | Quit the server with CONTROL-C.
web-1                               | 
web-1                               | INFO Prediction saved successfully: type=liver patient=12002 record=25160
web-1                               | INFO "POST /liver/predict/ HTTP/1.1" 200 11515
web-1                               | INFO:django.server:"POST /liver/predict/ HTTP/1.1" 200 11515
web-1                               | INFO /app/lungs/views.py changed, reloading.
web-1                               | INFO:django.utils.autoreload:/app/lungs/views.py changed, reloading.
web-1                               | INFO Watching for file changes with StatReloader
web-1                               | Performing system checks...
web-1                               | 
web-1                               | WARNING:absl:Compiled the loaded model, but the compiled metrics have yet to be built. `model.compile_metrics` will be empty until you train or evaluate the model.
web-1                               | System check identified no issues (0 silenced).
web-1                               | August 12, 2026 - 17:57:03
web-1                               | Django version 5.1.2, using settings 'docspot.settings'
web-1                               | Starting development server at http://0.0.0.0:8000/
web-1                               | Quit the server with CONTROL-C.
web-1                               | 
web-1                               | DEBUG Dashboard Metrics: {'count_green': 1, 'count_yellow': 3, 'count_red': 3, 'total_predictions': 7, 'health_score': 2.5, 'health_percentage': 36, 'health_status': 'High Risk', 'status_color': 'danger'}
web-1                               | INFO "GET /home/ HTTP/1.1" 200 35414
web-1                               | INFO:django.server:"GET /home/ HTTP/1.1" 200 35414
web-1                               | DEBUG Lung prediction vitals: Vitals for Patient 12002
web-1                               | INFO "GET /lungs/predict/ HTTP/1.1" 200 9048
web-1                               | INFO:django.server:"GET /lungs/predict/ HTTP/1.1" 200 9048
web-1                               | DEBUG Lung prediction vitals: Vitals for Patient 12002
web-1                               | DEBUG Lung prediction input:
web-1                               |    age  height  weight  ...  actual_VC  fev1_vc_ratio     sex
web-1                               | 0   44   148.0    62.0  ...        1.0            1.0  Female
web-1                               | 
web-1                               | [1 rows x 9 columns]
web-1                               | INFO Lung diagnosis=Restrictive confidence=100.0%
web-1                               | INFO Prediction saved successfully: type=lungs patient=12002 record=25161
web-1                               | INFO "POST /lungs/predict/ HTTP/1.1" 200 10193
web-1                               | INFO:django.server:"POST /lungs/predict/ HTTP/1.1" 200 10193
web-1                               | INFO /app/pancreas/views.py changed, reloading.
web-1                               | INFO:django.utils.autoreload:/app/pancreas/views.py changed, reloading.
web-1                               | INFO Watching for file changes with StatReloader
web-1                               | Performing system checks...
web-1                               | 
web-1                               | WARNING:absl:Compiled the loaded model, but the compiled metrics have yet to be built. `model.compile_metrics` will be empty until you train or evaluate the model.
web-1                               | System check identified no issues (0 silenced).
web-1                               | August 12, 2026 - 18:02:00
web-1                               | Django version 5.1.2, using settings 'docspot.settings'
web-1                               | Starting development server at http://0.0.0.0:8000/
web-1                               | Quit the server with CONTROL-C.
web-1                               | 
web-1                               | DEBUG Dashboard Metrics: {'count_green': 1, 'count_yellow': 3, 'count_red': 3, 'total_predictions': 7, 'health_score': 2.5, 'health_percentage': 36, 'health_status': 'High Risk', 'status_color': 'danger'}
web-1                               | INFO "GET /home/ HTTP/1.1" 200 35400
web-1                               | INFO:django.server:"GET /home/ HTTP/1.1" 200 35400
web-1                               | DEBUG Diabetes prediction vitals: Vitals for Patient 12002
web-1                               | INFO "GET /pancreas/predict/ HTTP/1.1" 200 10548
web-1                               | INFO:django.server:"GET /pancreas/predict/ HTTP/1.1" 200 10548
web-1                               | DEBUG Diabetes prediction vitals: Vitals for Patient 12002
web-1                               | /app/pancreas/views.py:104: FutureWarning: Downcasting object dtype arrays on .fillna, .ffill, .bfill is deprecated and will change in a future version. Call result.infer_objects(copy=False) instead. To opt-in to the future behavior, set `pd.set_option('future.no_silent_downcasting', True)`
web-1                               |   df = df.fillna(0)
web-1                               | DEBUG Diabetes prediction input:
web-1                               |    age  urea  creatinine  hba1c  cholesterol  ...  HDL  LDL  VLDL    BMI  sex
web-1                               | 0   44  32.0          76    5.0            0  ...    0    0     0  28.31    F
web-1                               | 
web-1                               | [1 rows x 11 columns]
web-1                               | INFO Diabetes diagnosis=Normal confidence=99.6%
web-1                               | INFO Prediction saved successfully: type=pancreas patient=12002 record=25162
web-1                               | INFO "POST /pancreas/predict/ HTTP/1.1" 200 11967
web-1                               | INFO:django.server:"POST /pancreas/predict/ HTTP/1.1" 200 11967
web-1                               | INFO /app/fitness/views.py changed, reloading.
web-1                               | INFO:django.utils.autoreload:/app/fitness/views.py changed, reloading.
web-1                               | INFO Watching for file changes with StatReloader
web-1                               | Performing system checks...
web-1                               | 
web-1                               | WARNING:absl:Compiled the loaded model, but the compiled metrics have yet to be built. `model.compile_metrics` will be empty until you train or evaluate the model.
web-1                               | System check identified no issues (0 silenced).
web-1                               | August 12, 2026 - 18:07:55
web-1                               | Django version 5.1.2, using settings 'docspot.settings'
web-1                               | Starting development server at http://0.0.0.0:8000/
web-1                               | Quit the server with CONTROL-C.
web-1                               | 
web-1                               | DEBUG Dashboard Metrics: {'count_green': 1, 'count_yellow': 3, 'count_red': 3, 'total_predictions': 7, 'health_score': 2.5, 'health_percentage': 36, 'health_status': 'High Risk', 'status_color': 'danger'}
web-1                               | INFO "GET /home/ HTTP/1.1" 200 35385
web-1                               | INFO:django.server:"GET /home/ HTTP/1.1" 200 35385
web-1                               | INFO "GET /fitness/predict/ HTTP/1.1" 200 7749
web-1                               | INFO:django.server:"GET /fitness/predict/ HTTP/1.1" 200 7749
web-1                               | INFO Prediction saved successfully: type=fitness patient=12002 record=25163
web-1                               | INFO "POST /fitness/predict/ HTTP/1.1" 200 9715
web-1                               | INFO:django.server:"POST /fitness/predict/ HTTP/1.1" 200 9715
web-1                               | INFO /app/lung_cancer/views.py changed, reloading.
web-1                               | INFO:django.utils.autoreload:/app/lung_cancer/views.py changed, reloading.
web-1                               | INFO Watching for file changes with StatReloader
web-1                               | Performing system checks...
web-1                               | 
web-1                               | WARNING:absl:Compiled the loaded model, but the compiled metrics have yet to be built. `model.compile_metrics` will be empty until you train or evaluate the model.
web-1                               | System check identified no issues (0 silenced).
web-1                               | August 12, 2026 - 18:15:15
web-1                               | Django version 5.1.2, using settings 'docspot.settings'
web-1                               | Starting development server at http://0.0.0.0:8000/
web-1                               | Quit the server with CONTROL-C.
web-1                               | 
web-1                               | DEBUG Dashboard Metrics: {'count_green': 1, 'count_yellow': 3, 'count_red': 3, 'total_predictions': 7, 'health_score': 2.5, 'health_percentage': 36, 'health_status': 'High Risk', 'status_color': 'danger'}
web-1                               | INFO "GET /home/ HTTP/1.1" 200 35362
web-1                               | INFO:django.server:"GET /home/ HTTP/1.1" 200 35362
web-1                               | INFO "GET /lung_cancer/predict/ HTTP/1.1" 200 7075
web-1                               | INFO:django.server:"GET /lung_cancer/predict/ HTTP/1.1" 200 7075
web-1                               | INFO Lung Cancer media directory: /app/media/lung_cancer/data/uploads
web-1                               | INFO Lung Cancer image saved temporarily: /app/media/lung_cancer/data/uploads/aug_0_5780.jpeg
web-1                               | INFO Lung Cancer prediction=benign
web-1                               | INFO Lung Cancer diagnosis=benign confidence=100.0%
web-1                               | INFO Malignant probability=0.0052042435854673386
web-1                               | INFO Prediction saved successfully: type=lung_cancer patient=12002 record=25164
web-1                               | INFO "POST /lung_cancer/predict/ HTTP/1.1" 200 11122
web-1                               | INFO:django.server:"POST /lung_cancer/predict/ HTTP/1.1" 200 11122
web-1                               | INFO /app/main_page/views.py changed, reloading.
web-1                               | INFO:django.utils.autoreload:/app/main_page/views.py changed, reloading.
web-1                               | INFO Watching for file changes with StatReloader
web-1                               | Performing system checks...
web-1                               | 
web-1                               | WARNING:absl:Compiled the loaded model, but the compiled metrics have yet to be built. `model.compile_metrics` will be empty until you train or evaluate the model.
web-1                               | System check identified no issues (0 silenced).
web-1                               | August 13, 2026 - 04:17:58
web-1                               | Django version 5.1.2, using settings 'docspot.settings'
web-1                               | Starting development server at http://0.0.0.0:8000/
web-1                               | Quit the server with CONTROL-C.
web-1                               | 
web-1                               | INFO /app/main_page/views.py changed, reloading.
web-1                               | INFO:django.utils.autoreload:/app/main_page/views.py changed, reloading.
web-1                               | Performing system checks...
web-1                               | 
web-1                               | INFO Watching for file changes with StatReloader
web-1                               | WARNING:absl:Compiled the loaded model, but the compiled metrics have yet to be built. `model.compile_metrics` will be empty until you train or evaluate the model.
web-1                               | System check identified no issues (0 silenced).
web-1                               | August 13, 2026 - 04:18:05
web-1                               | Django version 5.1.2, using settings 'docspot.settings'
web-1                               | Starting development server at http://0.0.0.0:8000/
web-1                               | Quit the server with CONTROL-C.
web-1                               | 
web-1                               | INFO /app/main_page/views.py changed, reloading.
web-1                               | INFO:django.utils.autoreload:/app/main_page/views.py changed, reloading.
web-1                               | INFO Watching for file changes with StatReloader
web-1                               | Performing system checks...
web-1                               | 
web-1                               | WARNING:absl:Compiled the loaded model, but the compiled metrics have yet to be built. `model.compile_metrics` will be empty until you train or evaluate the model.
web-1                               | System check identified no issues (0 silenced).
web-1                               | August 13, 2026 - 04:18:12
web-1                               | Django version 5.1.2, using settings 'docspot.settings'
web-1                               | Starting development server at http://0.0.0.0:8000/
web-1                               | Quit the server with CONTROL-C.
web-1                               | 
web-1                               | INFO /app/main_page/views.py changed, reloading.
web-1                               | INFO:django.utils.autoreload:/app/main_page/views.py changed, reloading.
web-1                               | INFO Watching for file changes with StatReloader
web-1                               | Performing system checks...
web-1                               | 
web-1                               | WARNING:absl:Compiled the loaded model, but the compiled metrics have yet to be built. `model.compile_metrics` will be empty until you train or evaluate the model.
web-1                               | System check identified no issues (0 silenced).
web-1                               | August 13, 2026 - 04:18:18
web-1                               | Django version 5.1.2, using settings 'docspot.settings'
web-1                               | Starting development server at http://0.0.0.0:8000/
web-1                               | Quit the server with CONTROL-C.
web-1                               | 
web-1                               | INFO /app/main_page/views.py changed, reloading.
web-1                               | INFO:django.utils.autoreload:/app/main_page/views.py changed, reloading.
web-1                               | INFO Watching for file changes with StatReloader
web-1                               | Performing system checks...
web-1                               | 
web-1                               | WARNING:absl:Compiled the loaded model, but the compiled metrics have yet to be built. `model.compile_metrics` will be empty until you train or evaluate the model.
web-1                               | System check identified no issues (0 silenced).
web-1                               | August 13, 2026 - 04:18:26
web-1                               | Django version 5.1.2, using settings 'docspot.settings'
web-1                               | Starting development server at http://0.0.0.0:8000/
web-1                               | Quit the server with CONTROL-C.
web-1                               | 
web-1                               | INFO /app/main_page/views.py changed, reloading.
web-1                               | INFO:django.utils.autoreload:/app/main_page/views.py changed, reloading.
web-1                               | INFO Watching for file changes with StatReloader
web-1                               | Performing system checks...
web-1                               | 
web-1                               | WARNING:absl:Compiled the loaded model, but the compiled metrics have yet to be built. `model.compile_metrics` will be empty until you train or evaluate the model.
web-1                               | System check identified no issues (0 silenced).
web-1                               | August 13, 2026 - 04:18:30
web-1                               | Django version 5.1.2, using settings 'docspot.settings'
web-1                               | Starting development server at http://0.0.0.0:8000/
web-1                               | Quit the server with CONTROL-C.
web-1                               | 
web-1                               | INFO /app/main_page/views.py changed, reloading.
web-1                               | INFO:django.utils.autoreload:/app/main_page/views.py changed, reloading.
web-1                               | INFO Watching for file changes with StatReloader
web-1                               | Performing system checks...
web-1                               | 
web-1                               | WARNING:absl:Compiled the loaded model, but the compiled metrics have yet to be built. `model.compile_metrics` will be empty until you train or evaluate the model.
web-1                               | System check identified no issues (0 silenced).
web-1                               | August 13, 2026 - 04:18:39
web-1                               | Django version 5.1.2, using settings 'docspot.settings'
web-1                               | Starting development server at http://0.0.0.0:8000/
web-1                               | Quit the server with CONTROL-C.
web-1                               | 
web-1                               | INFO /app/main_page/views.py changed, reloading.
web-1                               | INFO:django.utils.autoreload:/app/main_page/views.py changed, reloading.
web-1                               | INFO Watching for file changes with StatReloader
web-1                               | Performing system checks...
web-1                               | 
web-1                               | WARNING:absl:Compiled the loaded model, but the compiled metrics have yet to be built. `model.compile_metrics` will be empty until you train or evaluate the model.
web-1                               | System check identified no issues (0 silenced).
web-1                               | August 13, 2026 - 04:18:47
web-1                               | Django version 5.1.2, using settings 'docspot.settings'
web-1                               | Starting development server at http://0.0.0.0:8000/
web-1                               | Quit the server with CONTROL-C.
web-1                               | 
web-1                               | INFO /app/main_page/views.py changed, reloading.
web-1                               | INFO:django.utils.autoreload:/app/main_page/views.py changed, reloading.
web-1                               | INFO Watching for file changes with StatReloader
web-1                               | Performing system checks...
web-1                               | 
web-1                               | WARNING:absl:Compiled the loaded model, but the compiled metrics have yet to be built. `model.compile_metrics` will be empty until you train or evaluate the model.
web-1                               | System check identified no issues (0 silenced).
web-1                               | August 13, 2026 - 04:18:56
web-1                               | Django version 5.1.2, using settings 'docspot.settings'
web-1                               | Starting development server at http://0.0.0.0:8000/
web-1                               | Quit the server with CONTROL-C.
web-1                               | 
web-1                               | INFO /app/main_page/views.py changed, reloading.
web-1                               | INFO:django.utils.autoreload:/app/main_page/views.py changed, reloading.
web-1                               | INFO Watching for file changes with StatReloader
web-1                               | Performing system checks...
web-1                               | 
web-1                               | WARNING:absl:Compiled the loaded model, but the compiled metrics have yet to be built. `model.compile_metrics` will be empty until you train or evaluate the model.
web-1                               | System check identified no issues (0 silenced).
web-1                               | August 13, 2026 - 04:19:04
web-1                               | Django version 5.1.2, using settings 'docspot.settings'
web-1                               | Starting development server at http://0.0.0.0:8000/
web-1                               | Quit the server with CONTROL-C.
web-1                               | 
web-1                               | INFO /app/main_page/views.py changed, reloading.
web-1                               | INFO:django.utils.autoreload:/app/main_page/views.py changed, reloading.
web-1                               | INFO Watching for file changes with StatReloader
web-1                               | Performing system checks...
web-1                               | 
web-1                               | WARNING:absl:Compiled the loaded model, but the compiled metrics have yet to be built. `model.compile_metrics` will be empty until you train or evaluate the model.
web-1                               | System check identified no issues (0 silenced).
web-1                               | August 13, 2026 - 04:19:14
web-1                               | Django version 5.1.2, using settings 'docspot.settings'
web-1                               | Starting development server at http://0.0.0.0:8000/
web-1                               | Quit the server with CONTROL-C.
web-1                               | 
web-1                               | INFO /app/main_page/views.py changed, reloading.
web-1                               | INFO:django.utils.autoreload:/app/main_page/views.py changed, reloading.
web-1                               | INFO Watching for file changes with StatReloader
web-1                               | Performing system checks...
web-1                               | 
web-1                               | WARNING:absl:Compiled the loaded model, but the compiled metrics have yet to be built. `model.compile_metrics` will be empty until you train or evaluate the model.
web-1                               | System check identified no issues (0 silenced).
web-1                               | August 13, 2026 - 04:19:29
web-1                               | Django version 5.1.2, using settings 'docspot.settings'
web-1                               | Starting development server at http://0.0.0.0:8000/
web-1                               | Quit the server with CONTROL-C.
web-1                               | 
web-1                               | INFO /app/main_page/views.py changed, reloading.
web-1                               | INFO:django.utils.autoreload:/app/main_page/views.py changed, reloading.
web-1                               | INFO Watching for file changes with StatReloader
web-1                               | Performing system checks...
web-1                               | 
web-1                               | WARNING:absl:Compiled the loaded model, but the compiled metrics have yet to be built. `model.compile_metrics` will be empty until you train or evaluate the model.
web-1                               | System check identified no issues (0 silenced).
web-1                               | August 13, 2026 - 04:19:34
web-1                               | Django version 5.1.2, using settings 'docspot.settings'
web-1                               | Starting development server at http://0.0.0.0:8000/
web-1                               | Quit the server with CONTROL-C.
web-1                               | 
web-1                               | INFO /app/main_page/views.py changed, reloading.
web-1                               | INFO:django.utils.autoreload:/app/main_page/views.py changed, reloading.
web-1                               | INFO Watching for file changes with StatReloader
web-1                               | Performing system checks...
web-1                               | 
web-1                               | WARNING:absl:Compiled the loaded model, but the compiled metrics have yet to be built. `model.compile_metrics` will be empty until you train or evaluate the model.
web-1                               | System check identified no issues (0 silenced).
web-1                               | August 13, 2026 - 04:19:42
web-1                               | Django version 5.1.2, using settings 'docspot.settings'
web-1                               | Starting development server at http://0.0.0.0:8000/
web-1                               | Quit the server with CONTROL-C.
web-1                               | 
web-1                               | INFO /app/main_page/views.py changed, reloading.
web-1                               | INFO:django.utils.autoreload:/app/main_page/views.py changed, reloading.
web-1                               | INFO Watching for file changes with StatReloader
web-1                               | Performing system checks...
web-1                               | 
web-1                               | WARNING:absl:Compiled the loaded model, but the compiled metrics have yet to be built. `model.compile_metrics` will be empty until you train or evaluate the model.
web-1                               | System check identified no issues (0 silenced).
web-1                               | August 13, 2026 - 04:19:49
web-1                               | Django version 5.1.2, using settings 'docspot.settings'
web-1                               | Starting development server at http://0.0.0.0:8000/
web-1                               | Quit the server with CONTROL-C.
web-1                               | 
web-1                               | INFO /app/main_page/views.py changed, reloading.
web-1                               | INFO:django.utils.autoreload:/app/main_page/views.py changed, reloading.
web-1                               | Performing system checks...
web-1                               | 
web-1                               | INFO Watching for file changes with StatReloader
web-1                               | WARNING:absl:Compiled the loaded model, but the compiled metrics have yet to be built. `model.compile_metrics` will be empty until you train or evaluate the model.
web-1                               | System check identified no issues (0 silenced).
web-1                               | August 13, 2026 - 04:19:59
web-1                               | Django version 5.1.2, using settings 'docspot.settings'
web-1                               | Starting development server at http://0.0.0.0:8000/
web-1                               | Quit the server with CONTROL-C.
web-1                               | 
web-1                               | INFO /app/main_page/views.py changed, reloading.
web-1                               | INFO:django.utils.autoreload:/app/main_page/views.py changed, reloading.
web-1                               | Performing system checks...
web-1                               | 
web-1                               | INFO Watching for file changes with StatReloader
web-1                               | WARNING:absl:Compiled the loaded model, but the compiled metrics have yet to be built. `model.compile_metrics` will be empty until you train or evaluate the model.
web-1                               | System check identified no issues (0 silenced).
web-1                               | August 13, 2026 - 04:20:04
web-1                               | Django version 5.1.2, using settings 'docspot.settings'
web-1                               | Starting development server at http://0.0.0.0:8000/
web-1                               | Quit the server with CONTROL-C.
web-1                               | 
web-1                               | INFO /app/main_page/views.py changed, reloading.
web-1                               | INFO:django.utils.autoreload:/app/main_page/views.py changed, reloading.
web-1                               | INFO Watching for file changes with StatReloader
web-1                               | Performing system checks...
web-1                               | 
web-1                               | WARNING:absl:Compiled the loaded model, but the compiled metrics have yet to be built. `model.compile_metrics` will be empty until you train or evaluate the model.
web-1                               | System check identified no issues (0 silenced).
web-1                               | August 13, 2026 - 04:20:12
web-1                               | Django version 5.1.2, using settings 'docspot.settings'
web-1                               | Starting development server at http://0.0.0.0:8000/
web-1                               | Quit the server with CONTROL-C.
web-1                               | 
web-1                               | INFO /app/main_page/views.py changed, reloading.
web-1                               | INFO:django.utils.autoreload:/app/main_page/views.py changed, reloading.
web-1                               | INFO Watching for file changes with StatReloader
web-1                               | Performing system checks...
web-1                               | 
web-1                               | WARNING:absl:Compiled the loaded model, but the compiled metrics have yet to be built. `model.compile_metrics` will be empty until you train or evaluate the model.
web-1                               | System check identified no issues (0 silenced).
web-1                               | August 13, 2026 - 04:20:17
web-1                               | Django version 5.1.2, using settings 'docspot.settings'
web-1                               | Starting development server at http://0.0.0.0:8000/
web-1                               | Quit the server with CONTROL-C.
web-1                               | 
web-1                               | INFO /app/main_page/views.py changed, reloading.
web-1                               | INFO:django.utils.autoreload:/app/main_page/views.py changed, reloading.
web-1                               | INFO Watching for file changes with StatReloader
web-1                               | Performing system checks...
web-1                               | 
web-1                               | WARNING:absl:Compiled the loaded model, but the compiled metrics have yet to be built. `model.compile_metrics` will be empty until you train or evaluate the model.
web-1                               | System check identified no issues (0 silenced).
web-1                               | August 13, 2026 - 04:20:44
web-1                               | Django version 5.1.2, using settings 'docspot.settings'
web-1                               | Starting development server at http://0.0.0.0:8000/
web-1                               | Quit the server with CONTROL-C.
web-1                               | 
web-1                               | INFO /app/main_page/views.py changed, reloading.
web-1                               | INFO:django.utils.autoreload:/app/main_page/views.py changed, reloading.
web-1                               | INFO Watching for file changes with StatReloader
web-1                               | Performing system checks...
web-1                               | 
web-1                               | WARNING:absl:Compiled the loaded model, but the compiled metrics have yet to be built. `model.compile_metrics` will be empty until you train or evaluate the model.
web-1                               | System check identified no issues (0 silenced).
web-1                               | August 13, 2026 - 04:20:53
web-1                               | Django version 5.1.2, using settings 'docspot.settings'
web-1                               | Starting development server at http://0.0.0.0:8000/
web-1                               | Quit the server with CONTROL-C.
web-1                               | 
web-1                               | INFO /app/main_page/views.py changed, reloading.
web-1                               | INFO:django.utils.autoreload:/app/main_page/views.py changed, reloading.
web-1                               | INFO Watching for file changes with StatReloader
web-1                               | Performing system checks...
web-1                               | 
web-1                               | WARNING:absl:Compiled the loaded model, but the compiled metrics have yet to be built. `model.compile_metrics` will be empty until you train or evaluate the model.
web-1                               | System check identified no issues (0 silenced).
web-1                               | August 13, 2026 - 04:21:04
web-1                               | Django version 5.1.2, using settings 'docspot.settings'
web-1                               | Starting development server at http://0.0.0.0:8000/
web-1                               | Quit the server with CONTROL-C.
web-1                               | 
web-1                               | INFO /app/main_page/views.py changed, reloading.
web-1                               | INFO:django.utils.autoreload:/app/main_page/views.py changed, reloading.
web-1                               | INFO Watching for file changes with StatReloader
web-1                               | Performing system checks...
web-1                               | 
web-1                               | WARNING:absl:Compiled the loaded model, but the compiled metrics have yet to be built. `model.compile_metrics` will be empty until you train or evaluate the model.
web-1                               | System check identified no issues (0 silenced).
web-1                               | August 13, 2026 - 04:21:11
web-1                               | Django version 5.1.2, using settings 'docspot.settings'
web-1                               | Starting development server at http://0.0.0.0:8000/
web-1                               | Quit the server with CONTROL-C.
web-1                               | 
web-1                               | INFO /app/main_page/views.py changed, reloading.
web-1                               | INFO:django.utils.autoreload:/app/main_page/views.py changed, reloading.
web-1                               | INFO Watching for file changes with StatReloader
web-1                               | Performing system checks...
web-1                               | 
web-1                               | WARNING:absl:Compiled the loaded model, but the compiled metrics have yet to be built. `model.compile_metrics` will be empty until you train or evaluate the model.
web-1                               | System check identified no issues (0 silenced).
web-1                               | August 13, 2026 - 04:21:18
web-1                               | Django version 5.1.2, using settings 'docspot.settings'
web-1                               | Starting development server at http://0.0.0.0:8000/
web-1                               | Quit the server with CONTROL-C.
web-1                               | 
web-1                               | INFO /app/main_page/views.py changed, reloading.
web-1                               | INFO:django.utils.autoreload:/app/main_page/views.py changed, reloading.
web-1                               | INFO Watching for file changes with StatReloader
web-1                               | Performing system checks...
web-1                               | 
web-1                               | WARNING:absl:Compiled the loaded model, but the compiled metrics have yet to be built. `model.compile_metrics` will be empty until you train or evaluate the model.
web-1                               | System check identified no issues (0 silenced).
web-1                               | August 13, 2026 - 04:21:45
web-1                               | Django version 5.1.2, using settings 'docspot.settings'
web-1                               | Starting development server at http://0.0.0.0:8000/
web-1                               | Quit the server with CONTROL-C.
web-1                               | 
web-1                               | INFO /app/main_page/views.py changed, reloading.
web-1                               | INFO:django.utils.autoreload:/app/main_page/views.py changed, reloading.
web-1                               | INFO Watching for file changes with StatReloader
web-1                               | Performing system checks...
web-1                               | 
web-1                               | WARNING:absl:Compiled the loaded model, but the compiled metrics have yet to be built. `model.compile_metrics` will be empty until you train or evaluate the model.
web-1                               | System check identified no issues (0 silenced).
web-1                               | August 13, 2026 - 04:21:52
web-1                               | Django version 5.1.2, using settings 'docspot.settings'
web-1                               | Starting development server at http://0.0.0.0:8000/
web-1                               | Quit the server with CONTROL-C.
web-1                               | 
web-1                               | INFO /app/main_page/views.py changed, reloading.
web-1                               | INFO:django.utils.autoreload:/app/main_page/views.py changed, reloading.
web-1                               | INFO Watching for file changes with StatReloader
web-1                               | Performing system checks...
web-1                               | 
web-1                               | WARNING:absl:Compiled the loaded model, but the compiled metrics have yet to be built. `model.compile_metrics` will be empty until you train or evaluate the model.
web-1                               | System check identified no issues (0 silenced).
web-1                               | August 13, 2026 - 04:21:58
web-1                               | Django version 5.1.2, using settings 'docspot.settings'
web-1                               | Starting development server at http://0.0.0.0:8000/
web-1                               | Quit the server with CONTROL-C.
web-1                               | 
web-1                               | INFO /app/main_page/views.py changed, reloading.
web-1                               | INFO:django.utils.autoreload:/app/main_page/views.py changed, reloading.
web-1                               | INFO Watching for file changes with StatReloader
web-1                               | Performing system checks...
web-1                               | 
web-1                               | WARNING:absl:Compiled the loaded model, but the compiled metrics have yet to be built. `model.compile_metrics` will be empty until you train or evaluate the model.
web-1                               | System check identified no issues (0 silenced).
web-1                               | August 13, 2026 - 04:22:05
web-1                               | Django version 5.1.2, using settings 'docspot.settings'
web-1                               | Starting development server at http://0.0.0.0:8000/
web-1                               | Quit the server with CONTROL-C.
web-1                               | 
web-1                               | INFO /app/main_page/views.py changed, reloading.
web-1                               | INFO:django.utils.autoreload:/app/main_page/views.py changed, reloading.
web-1                               | INFO Watching for file changes with StatReloader
web-1                               | Performing system checks...
web-1                               | 
web-1                               | WARNING:absl:Compiled the loaded model, but the compiled metrics have yet to be built. `model.compile_metrics` will be empty until you train or evaluate the model.
web-1                               | System check identified no issues (0 silenced).
web-1                               | August 13, 2026 - 04:22:15
web-1                               | Django version 5.1.2, using settings 'docspot.settings'
web-1                               | Starting development server at http://0.0.0.0:8000/
web-1                               | Quit the server with CONTROL-C.
web-1                               | 
web-1                               | INFO /app/main_page/views.py changed, reloading.
web-1                               | INFO:django.utils.autoreload:/app/main_page/views.py changed, reloading.
web-1                               | INFO Watching for file changes with StatReloader
web-1                               | Performing system checks...
web-1                               | 
web-1                               | WARNING:absl:Compiled the loaded model, but the compiled metrics have yet to be built. `model.compile_metrics` will be empty until you train or evaluate the model.
web-1                               | System check identified no issues (0 silenced).
web-1                               | August 13, 2026 - 04:22:29
web-1                               | Django version 5.1.2, using settings 'docspot.settings'
web-1                               | Starting development server at http://0.0.0.0:8000/
web-1                               | Quit the server with CONTROL-C.
web-1                               | 
web-1                               | INFO /app/main_page/views.py changed, reloading.
web-1                               | INFO:django.utils.autoreload:/app/main_page/views.py changed, reloading.
web-1                               | INFO Watching for file changes with StatReloader
web-1                               | Performing system checks...
web-1                               | 
web-1                               | WARNING:absl:Compiled the loaded model, but the compiled metrics have yet to be built. `model.compile_metrics` will be empty until you train or evaluate the model.
web-1                               | System check identified no issues (0 silenced).
web-1                               | August 13, 2026 - 04:22:34
web-1                               | Django version 5.1.2, using settings 'docspot.settings'
web-1                               | Starting development server at http://0.0.0.0:8000/
web-1                               | Quit the server with CONTROL-C.
web-1                               | 
web-1                               | INFO /app/main_page/views.py changed, reloading.
web-1                               | INFO:django.utils.autoreload:/app/main_page/views.py changed, reloading.
web-1                               | INFO Watching for file changes with StatReloader
web-1                               | Performing system checks...
web-1                               | 
web-1                               | WARNING:absl:Compiled the loaded model, but the compiled metrics have yet to be built. `model.compile_metrics` will be empty until you train or evaluate the model.
web-1                               | System check identified no issues (0 silenced).
web-1                               | August 13, 2026 - 04:22:43
web-1                               | Django version 5.1.2, using settings 'docspot.settings'
web-1                               | Starting development server at http://0.0.0.0:8000/
web-1                               | Quit the server with CONTROL-C.
web-1                               | 
web-1                               | INFO /app/main_page/views.py changed, reloading.
web-1                               | INFO:django.utils.autoreload:/app/main_page/views.py changed, reloading.
web-1                               | INFO Watching for file changes with StatReloader
web-1                               | Performing system checks...
web-1                               | 
web-1                               | WARNING:absl:Compiled the loaded model, but the compiled metrics have yet to be built. `model.compile_metrics` will be empty until you train or evaluate the model.
web-1                               | System check identified no issues (0 silenced).
web-1                               | August 13, 2026 - 04:22:48
web-1                               | Django version 5.1.2, using settings 'docspot.settings'
web-1                               | Starting development server at http://0.0.0.0:8000/
web-1                               | Quit the server with CONTROL-C.
web-1                               | 
web-1                               | INFO /app/main_page/urls.py changed, reloading.
web-1                               | INFO:django.utils.autoreload:/app/main_page/urls.py changed, reloading.
web-1                               | INFO Watching for file changes with StatReloader
web-1                               | Performing system checks...
web-1                               | 
web-1                               | WARNING:absl:Compiled the loaded model, but the compiled metrics have yet to be built. `model.compile_metrics` will be empty until you train or evaluate the model.
web-1                               | System check identified no issues (0 silenced).
web-1                               | August 13, 2026 - 04:23:18
web-1                               | Django version 5.1.2, using settings 'docspot.settings'
web-1                               | Starting development server at http://0.0.0.0:8000/
web-1                               | Quit the server with CONTROL-C.
web-1                               | 
web-1                               | INFO /app/main_page/urls.py changed, reloading.
web-1                               | INFO:django.utils.autoreload:/app/main_page/urls.py changed, reloading.
web-1                               | INFO Watching for file changes with StatReloader
web-1                               | Performing system checks...
web-1                               | 
web-1                               | WARNING:absl:Compiled the loaded model, but the compiled metrics have yet to be built. `model.compile_metrics` will be empty until you train or evaluate the model.
web-1                               | System check identified no issues (0 silenced).
web-1                               | August 13, 2026 - 04:23:22
web-1                               | Django version 5.1.2, using settings 'docspot.settings'
web-1                               | Starting development server at http://0.0.0.0:8000/
web-1                               | Quit the server with CONTROL-C.
web-1                               | 
web-1                               | INFO /app/main_page/urls.py changed, reloading.
web-1                               | INFO:django.utils.autoreload:/app/main_page/urls.py changed, reloading.
web-1                               | INFO Watching for file changes with StatReloader
web-1                               | Performing system checks...
web-1                               | 
web-1                               | WARNING:absl:Compiled the loaded model, but the compiled metrics have yet to be built. `model.compile_metrics` will be empty until you train or evaluate the model.
web-1                               | System check identified no issues (0 silenced).
web-1                               | August 13, 2026 - 04:23:30
web-1                               | Django version 5.1.2, using settings 'docspot.settings'
web-1                               | Starting development server at http://0.0.0.0:8000/
web-1                               | Quit the server with CONTROL-C.
web-1                               | 
web-1                               | INFO /app/main_page/urls.py changed, reloading.
web-1                               | INFO:django.utils.autoreload:/app/main_page/urls.py changed, reloading.
web-1                               | INFO Watching for file changes with StatReloader
web-1                               | Performing system checks...
web-1                               | 
web-1                               | WARNING:absl:Compiled the loaded model, but the compiled metrics have yet to be built. `model.compile_metrics` will be empty until you train or evaluate the model.
web-1                               | System check identified no issues (0 silenced).
web-1                               | August 13, 2026 - 04:23:35
web-1                               | Django version 5.1.2, using settings 'docspot.settings'
web-1                               | Starting development server at http://0.0.0.0:8000/
web-1                               | Quit the server with CONTROL-C.
web-1                               | 
web-1                               | INFO /app/main_page/urls.py changed, reloading.
web-1                               | INFO:django.utils.autoreload:/app/main_page/urls.py changed, reloading.
web-1                               | INFO Watching for file changes with StatReloader
web-1                               | Performing system checks...
web-1                               | 
web-1                               | Exception in thread django-main-thread:
web-1                               | Traceback (most recent call last):
web-1                               |   File "/usr/local/lib/python3.12/threading.py", line 1075, in _bootstrap_inner
web-1                               |     self.run()
web-1                               |   File "/usr/local/lib/python3.12/threading.py", line 1012, in run
web-1                               |     self._target(*self._args, **self._kwargs)
web-1                               |   File "/usr/local/lib/python3.12/site-packages/django/utils/autoreload.py", line 64, in wrapper
web-1                               |     fn(*args, **kwargs)
web-1                               |   File "/usr/local/lib/python3.12/site-packages/django/core/management/commands/runserver.py", line 134, in inner_run
web-1                               |     self.check(display_num_errors=True)
web-1                               |   File "/usr/local/lib/python3.12/site-packages/django/core/management/base.py", line 486, in check
web-1                               |     all_issues = checks.run_checks(
web-1                               |                  ^^^^^^^^^^^^^^^^^^
web-1                               |   File "/usr/local/lib/python3.12/site-packages/django/core/checks/registry.py", line 88, in run_checks
web-1                               |     new_errors = check(app_configs=app_configs, databases=databases)
web-1                               |                  ^^^^^^^^^^^^^^^^^^^^^^^^^^^^^^^^^^^^^^^^^^^^^^^^^^^
web-1                               |   File "/usr/local/lib/python3.12/site-packages/django/core/checks/urls.py", line 44, in check_url_namespaces_unique
web-1                               |     all_namespaces = _load_all_namespaces(resolver)
web-1                               |                      ^^^^^^^^^^^^^^^^^^^^^^^^^^^^^^
web-1                               |   File "/usr/local/lib/python3.12/site-packages/django/core/checks/urls.py", line 63, in _load_all_namespaces
web-1                               |     url_patterns = getattr(resolver, "url_patterns", [])
web-1                               |                    ^^^^^^^^^^^^^^^^^^^^^^^^^^^^^^^^^^^^^
web-1                               |   File "/usr/local/lib/python3.12/site-packages/django/utils/functional.py", line 47, in __get__
web-1                               |     res = instance.__dict__[self.name] = self.func(instance)
web-1                               |                                          ^^^^^^^^^^^^^^^^^^^
web-1                               |   File "/usr/local/lib/python3.12/site-packages/django/urls/resolvers.py", line 718, in url_patterns
web-1                               |     patterns = getattr(self.urlconf_module, "urlpatterns", self.urlconf_module)
web-1                               |                        ^^^^^^^^^^^^^^^^^^^
web-1                               |   File "/usr/local/lib/python3.12/site-packages/django/utils/functional.py", line 47, in __get__
web-1                               |     res = instance.__dict__[self.name] = self.func(instance)
web-1                               |                                          ^^^^^^^^^^^^^^^^^^^
web-1                               |   File "/usr/local/lib/python3.12/site-packages/django/urls/resolvers.py", line 711, in urlconf_module
web-1                               |     return import_module(self.urlconf_name)
web-1                               |            ^^^^^^^^^^^^^^^^^^^^^^^^^^^^^^^^
web-1                               |   File "/usr/local/lib/python3.12/importlib/__init__.py", line 90, in import_module
web-1                               |     return _bootstrap._gcd_import(name[level:], package, level)
web-1                               |            ^^^^^^^^^^^^^^^^^^^^^^^^^^^^^^^^^^^^^^^^^^^^^^^^^^^^
web-1                               |   File "<frozen importlib._bootstrap>", line 1387, in _gcd_import
web-1                               |   File "<frozen importlib._bootstrap>", line 1360, in _find_and_load
web-1                               |   File "<frozen importlib._bootstrap>", line 1331, in _find_and_load_unlocked
web-1                               |   File "<frozen importlib._bootstrap>", line 935, in _load_unlocked
web-1                               |   File "<frozen importlib._bootstrap_external>", line 999, in exec_module
web-1                               |   File "<frozen importlib._bootstrap>", line 488, in _call_with_frames_removed
web-1                               |   File "/app/docspot/urls.py", line 33, in <module>
web-1                               |     path("", include("main_page.urls")),
web-1                               |              ^^^^^^^^^^^^^^^^^^^^^^^^^
web-1                               |   File "/usr/local/lib/python3.12/site-packages/django/urls/conf.py", line 39, in include
web-1                               |     urlconf_module = import_module(urlconf_module)
web-1                               |                      ^^^^^^^^^^^^^^^^^^^^^^^^^^^^^
web-1                               |   File "/usr/local/lib/python3.12/importlib/__init__.py", line 90, in import_module
web-1                               |     return _bootstrap._gcd_import(name[level:], package, level)
web-1                               |            ^^^^^^^^^^^^^^^^^^^^^^^^^^^^^^^^^^^^^^^^^^^^^^^^^^^^
web-1                               |   File "<frozen importlib._bootstrap>", line 1387, in _gcd_import
web-1                               |   File "<frozen importlib._bootstrap>", line 1360, in _find_and_load
web-1                               |   File "<frozen importlib._bootstrap>", line 1331, in _find_and_load_unlocked
web-1                               |   File "<frozen importlib._bootstrap>", line 935, in _load_unlocked
web-1                               |   File "<frozen importlib._bootstrap_external>", line 995, in exec_module
web-1                               |   File "<frozen importlib._bootstrap_external>", line 1133, in get_code
web-1                               |   File "<frozen importlib._bootstrap_external>", line 1063, in source_to_code
web-1                               |   File "<frozen importlib._bootstrap>", line 488, in _call_with_frames_removed
web-1                               |   File "/app/main_page/urls.py", line 24
web-1                               |     ),
web-1                               |     ^
web-1                               | SyntaxError: closing parenthesis ')' does not match opening parenthesis '[' on line 7
web-1                               | INFO /app/main_page/urls.py changed, reloading.
web-1                               | INFO Watching for file changes with StatReloader
web-1                               | Performing system checks...
web-1                               | 
web-1                               | Exception in thread django-main-thread:
web-1                               | Traceback (most recent call last):
web-1                               |   File "/usr/local/lib/python3.12/threading.py", line 1075, in _bootstrap_inner
web-1                               |     self.run()
web-1                               |   File "/usr/local/lib/python3.12/threading.py", line 1012, in run
web-1                               |     self._target(*self._args, **self._kwargs)
web-1                               |   File "/usr/local/lib/python3.12/site-packages/django/utils/autoreload.py", line 64, in wrapper
web-1                               |     fn(*args, **kwargs)
web-1                               |   File "/usr/local/lib/python3.12/site-packages/django/core/management/commands/runserver.py", line 134, in inner_run
web-1                               |     self.check(display_num_errors=True)
web-1                               |   File "/usr/local/lib/python3.12/site-packages/django/core/management/base.py", line 486, in check
web-1                               |     all_issues = checks.run_checks(
web-1                               |                  ^^^^^^^^^^^^^^^^^^
web-1                               |   File "/usr/local/lib/python3.12/site-packages/django/core/checks/registry.py", line 88, in run_checks
web-1                               |     new_errors = check(app_configs=app_configs, databases=databases)
web-1                               |                  ^^^^^^^^^^^^^^^^^^^^^^^^^^^^^^^^^^^^^^^^^^^^^^^^^^^
web-1                               |   File "/usr/local/lib/python3.12/site-packages/django/core/checks/urls.py", line 44, in check_url_namespaces_unique
web-1                               |     all_namespaces = _load_all_namespaces(resolver)
web-1                               |                      ^^^^^^^^^^^^^^^^^^^^^^^^^^^^^^
web-1                               |   File "/usr/local/lib/python3.12/site-packages/django/core/checks/urls.py", line 63, in _load_all_namespaces
web-1                               |     url_patterns = getattr(resolver, "url_patterns", [])
web-1                               |                    ^^^^^^^^^^^^^^^^^^^^^^^^^^^^^^^^^^^^^
web-1                               |   File "/usr/local/lib/python3.12/site-packages/django/utils/functional.py", line 47, in __get__
web-1                               |     res = instance.__dict__[self.name] = self.func(instance)
web-1                               |                                          ^^^^^^^^^^^^^^^^^^^
web-1                               |   File "/usr/local/lib/python3.12/site-packages/django/urls/resolvers.py", line 718, in url_patterns
web-1                               |     patterns = getattr(self.urlconf_module, "urlpatterns", self.urlconf_module)
web-1                               |                        ^^^^^^^^^^^^^^^^^^^
web-1                               |   File "/usr/local/lib/python3.12/site-packages/django/utils/functional.py", line 47, in __get__
web-1                               |     res = instance.__dict__[self.name] = self.func(instance)
web-1                               |                                          ^^^^^^^^^^^^^^^^^^^
web-1                               |   File "/usr/local/lib/python3.12/site-packages/django/urls/resolvers.py", line 711, in urlconf_module
web-1                               |     return import_module(self.urlconf_name)
web-1                               |            ^^^^^^^^^^^^^^^^^^^^^^^^^^^^^^^^
web-1                               |   File "/usr/local/lib/python3.12/importlib/__init__.py", line 90, in import_module
web-1                               |     return _bootstrap._gcd_import(name[level:], package, level)
web-1                               |            ^^^^^^^^^^^^^^^^^^^^^^^^^^^^^^^^^^^^^^^^^^^^^^^^^^^^
web-1                               |   File "<frozen importlib._bootstrap>", line 1387, in _gcd_import
web-1                               |   File "<frozen importlib._bootstrap>", line 1360, in _find_and_load
web-1                               |   File "<frozen importlib._bootstrap>", line 1331, in _find_and_load_unlocked
web-1                               |   File "<frozen importlib._bootstrap>", line 935, in _load_unlocked
web-1                               |   File "<frozen importlib._bootstrap_external>", line 999, in exec_module
web-1                               |   File "<frozen importlib._bootstrap>", line 488, in _call_with_frames_removed
web-1                               |   File "/app/docspot/urls.py", line 33, in <module>
web-1                               |     path("", include("main_page.urls")),
web-1                               |              ^^^^^^^^^^^^^^^^^^^^^^^^^
web-1                               |   File "/usr/local/lib/python3.12/site-packages/django/urls/conf.py", line 39, in include
web-1                               |     urlconf_module = import_module(urlconf_module)
web-1                               |                      ^^^^^^^^^^^^^^^^^^^^^^^^^^^^^
web-1                               |   File "/usr/local/lib/python3.12/importlib/__init__.py", line 90, in import_module
web-1                               |     return _bootstrap._gcd_import(name[level:], package, level)
web-1                               |            ^^^^^^^^^^^^^^^^^^^^^^^^^^^^^^^^^^^^^^^^^^^^^^^^^^^^
web-1                               |   File "<frozen importlib._bootstrap>", line 1387, in _gcd_import
web-1                               |   File "<frozen importlib._bootstrap>", line 1360, in _find_and_load
web-1                               |   File "<frozen importlib._bootstrap>", line 1331, in _find_and_load_unlocked
web-1                               |   File "<frozen importlib._bootstrap>", line 935, in _load_unlocked
web-1                               |   File "<frozen importlib._bootstrap_external>", line 995, in exec_module
web-1                               |   File "<frozen importlib._bootstrap_external>", line 1133, in get_code
web-1                               |   File "<frozen importlib._bootstrap_external>", line 1063, in source_to_code
web-1                               |   File "<frozen importlib._bootstrap>", line 488, in _call_with_frames_removed
web-1                               |   File "/app/main_page/urls.py", line 26
web-1                               |     ),
web-1                               |     ^
web-1                               | SyntaxError: positional argument follows keyword argument
web-1                               | INFO /app/main_page/urls.py changed, reloading.
web-1                               | INFO Watching for file changes with StatReloader
web-1                               | Performing system checks...
web-1                               | 
web-1                               | Exception in thread django-main-thread:
web-1                               | Traceback (most recent call last):
web-1                               |   File "/usr/local/lib/python3.12/threading.py", line 1075, in _bootstrap_inner
web-1                               |     self.run()
web-1                               |   File "/usr/local/lib/python3.12/threading.py", line 1012, in run
web-1                               |     self._target(*self._args, **self._kwargs)
web-1                               |   File "/usr/local/lib/python3.12/site-packages/django/utils/autoreload.py", line 64, in wrapper
web-1                               |     fn(*args, **kwargs)
web-1                               |   File "/usr/local/lib/python3.12/site-packages/django/core/management/commands/runserver.py", line 134, in inner_run
web-1                               |     self.check(display_num_errors=True)
web-1                               |   File "/usr/local/lib/python3.12/site-packages/django/core/management/base.py", line 486, in check
web-1                               |     all_issues = checks.run_checks(
web-1                               |                  ^^^^^^^^^^^^^^^^^^
web-1                               |   File "/usr/local/lib/python3.12/site-packages/django/core/checks/registry.py", line 88, in run_checks
web-1                               |     new_errors = check(app_configs=app_configs, databases=databases)
web-1                               |                  ^^^^^^^^^^^^^^^^^^^^^^^^^^^^^^^^^^^^^^^^^^^^^^^^^^^
web-1                               |   File "/usr/local/lib/python3.12/site-packages/django/core/checks/urls.py", line 44, in check_url_namespaces_unique
web-1                               |     all_namespaces = _load_all_namespaces(resolver)
web-1                               |                      ^^^^^^^^^^^^^^^^^^^^^^^^^^^^^^
web-1                               |   File "/usr/local/lib/python3.12/site-packages/django/core/checks/urls.py", line 63, in _load_all_namespaces
web-1                               |     url_patterns = getattr(resolver, "url_patterns", [])
web-1                               |                    ^^^^^^^^^^^^^^^^^^^^^^^^^^^^^^^^^^^^^
web-1                               |   File "/usr/local/lib/python3.12/site-packages/django/utils/functional.py", line 47, in __get__
web-1                               |     res = instance.__dict__[self.name] = self.func(instance)
web-1                               |                                          ^^^^^^^^^^^^^^^^^^^
web-1                               |   File "/usr/local/lib/python3.12/site-packages/django/urls/resolvers.py", line 718, in url_patterns
web-1                               |     patterns = getattr(self.urlconf_module, "urlpatterns", self.urlconf_module)
web-1                               |                        ^^^^^^^^^^^^^^^^^^^
web-1                               |   File "/usr/local/lib/python3.12/site-packages/django/utils/functional.py", line 47, in __get__
web-1                               |     res = instance.__dict__[self.name] = self.func(instance)
web-1                               |                                          ^^^^^^^^^^^^^^^^^^^
web-1                               |   File "/usr/local/lib/python3.12/site-packages/django/urls/resolvers.py", line 711, in urlconf_module
web-1                               |     return import_module(self.urlconf_name)
web-1                               |            ^^^^^^^^^^^^^^^^^^^^^^^^^^^^^^^^
web-1                               |   File "/usr/local/lib/python3.12/importlib/__init__.py", line 90, in import_module
web-1                               |     return _bootstrap._gcd_import(name[level:], package, level)
web-1                               |            ^^^^^^^^^^^^^^^^^^^^^^^^^^^^^^^^^^^^^^^^^^^^^^^^^^^^
web-1                               |   File "<frozen importlib._bootstrap>", line 1387, in _gcd_import
web-1                               |   File "<frozen importlib._bootstrap>", line 1360, in _find_and_load
web-1                               |   File "<frozen importlib._bootstrap>", line 1331, in _find_and_load_unlocked
web-1                               |   File "<frozen importlib._bootstrap>", line 935, in _load_unlocked
web-1                               |   File "<frozen importlib._bootstrap_external>", line 999, in exec_module
web-1                               |   File "<frozen importlib._bootstrap>", line 488, in _call_with_frames_removed
web-1                               |   File "/app/docspot/urls.py", line 33, in <module>
web-1                               |     path("", include("main_page.urls")),
web-1                               |              ^^^^^^^^^^^^^^^^^^^^^^^^^
web-1                               |   File "/usr/local/lib/python3.12/site-packages/django/urls/conf.py", line 39, in include
web-1                               |     urlconf_module = import_module(urlconf_module)
web-1                               |                      ^^^^^^^^^^^^^^^^^^^^^^^^^^^^^
web-1                               |   File "/usr/local/lib/python3.12/importlib/__init__.py", line 90, in import_module
web-1                               |     return _bootstrap._gcd_import(name[level:], package, level)
web-1                               |            ^^^^^^^^^^^^^^^^^^^^^^^^^^^^^^^^^^^^^^^^^^^^^^^^^^^^
web-1                               |   File "<frozen importlib._bootstrap>", line 1387, in _gcd_import
web-1                               |   File "<frozen importlib._bootstrap>", line 1360, in _find_and_load
web-1                               |   File "<frozen importlib._bootstrap>", line 1331, in _find_and_load_unlocked
web-1                               |   File "<frozen importlib._bootstrap>", line 935, in _load_unlocked
web-1                               |   File "<frozen importlib._bootstrap_external>", line 995, in exec_module
web-1                               |   File "<frozen importlib._bootstrap_external>", line 1133, in get_code
web-1                               |   File "<frozen importlib._bootstrap_external>", line 1063, in source_to_code
web-1                               |   File "<frozen importlib._bootstrap>", line 488, in _call_with_frames_removed
web-1                               |   File "/app/main_page/urls.py", line 26
web-1                               |     ),
web-1                               |     ^
web-1                               | SyntaxError: positional argument follows keyword argument
web-1                               | INFO /app/main_page/urls.py changed, reloading.
web-1                               | INFO Watching for file changes with StatReloader
web-1                               | Performing system checks...
web-1                               | 
web-1                               | Exception in thread django-main-thread:
web-1                               | Traceback (most recent call last):
web-1                               |   File "/usr/local/lib/python3.12/threading.py", line 1075, in _bootstrap_inner
web-1                               |     self.run()
web-1                               |   File "/usr/local/lib/python3.12/threading.py", line 1012, in run
web-1                               |     self._target(*self._args, **self._kwargs)
web-1                               |   File "/usr/local/lib/python3.12/site-packages/django/utils/autoreload.py", line 64, in wrapper
web-1                               |     fn(*args, **kwargs)
web-1                               |   File "/usr/local/lib/python3.12/site-packages/django/core/management/commands/runserver.py", line 134, in inner_run
web-1                               |     self.check(display_num_errors=True)
web-1                               |   File "/usr/local/lib/python3.12/site-packages/django/core/management/base.py", line 486, in check
web-1                               |     all_issues = checks.run_checks(
web-1                               |                  ^^^^^^^^^^^^^^^^^^
web-1                               |   File "/usr/local/lib/python3.12/site-packages/django/core/checks/registry.py", line 88, in run_checks
web-1                               |     new_errors = check(app_configs=app_configs, databases=databases)
web-1                               |                  ^^^^^^^^^^^^^^^^^^^^^^^^^^^^^^^^^^^^^^^^^^^^^^^^^^^
web-1                               |   File "/usr/local/lib/python3.12/site-packages/django/core/checks/urls.py", line 44, in check_url_namespaces_unique
web-1                               |     all_namespaces = _load_all_namespaces(resolver)
web-1                               |                      ^^^^^^^^^^^^^^^^^^^^^^^^^^^^^^
web-1                               |   File "/usr/local/lib/python3.12/site-packages/django/core/checks/urls.py", line 63, in _load_all_namespaces
web-1                               |     url_patterns = getattr(resolver, "url_patterns", [])
web-1                               |                    ^^^^^^^^^^^^^^^^^^^^^^^^^^^^^^^^^^^^^
web-1                               |   File "/usr/local/lib/python3.12/site-packages/django/utils/functional.py", line 47, in __get__
web-1                               |     res = instance.__dict__[self.name] = self.func(instance)
web-1                               |                                          ^^^^^^^^^^^^^^^^^^^
web-1                               |   File "/usr/local/lib/python3.12/site-packages/django/urls/resolvers.py", line 718, in url_patterns
web-1                               |     patterns = getattr(self.urlconf_module, "urlpatterns", self.urlconf_module)
web-1                               |                        ^^^^^^^^^^^^^^^^^^^
web-1                               |   File "/usr/local/lib/python3.12/site-packages/django/utils/functional.py", line 47, in __get__
web-1                               |     res = instance.__dict__[self.name] = self.func(instance)
web-1                               |                                          ^^^^^^^^^^^^^^^^^^^
web-1                               |   File "/usr/local/lib/python3.12/site-packages/django/urls/resolvers.py", line 711, in urlconf_module
web-1                               |     return import_module(self.urlconf_name)
web-1                               |            ^^^^^^^^^^^^^^^^^^^^^^^^^^^^^^^^
web-1                               |   File "/usr/local/lib/python3.12/importlib/__init__.py", line 90, in import_module
web-1                               |     return _bootstrap._gcd_import(name[level:], package, level)
web-1                               |            ^^^^^^^^^^^^^^^^^^^^^^^^^^^^^^^^^^^^^^^^^^^^^^^^^^^^
web-1                               |   File "<frozen importlib._bootstrap>", line 1387, in _gcd_import
web-1                               |   File "<frozen importlib._bootstrap>", line 1360, in _find_and_load
web-1                               |   File "<frozen importlib._bootstrap>", line 1331, in _find_and_load_unlocked
web-1                               |   File "<frozen importlib._bootstrap>", line 935, in _load_unlocked
web-1                               |   File "<frozen importlib._bootstrap_external>", line 999, in exec_module
web-1                               |   File "<frozen importlib._bootstrap>", line 488, in _call_with_frames_removed
web-1                               |   File "/app/docspot/urls.py", line 33, in <module>
web-1                               |     path("", include("main_page.urls")),
web-1                               |              ^^^^^^^^^^^^^^^^^^^^^^^^^
web-1                               |   File "/usr/local/lib/python3.12/site-packages/django/urls/conf.py", line 39, in include
web-1                               |     urlconf_module = import_module(urlconf_module)
web-1                               |                      ^^^^^^^^^^^^^^^^^^^^^^^^^^^^^
web-1                               |   File "/usr/local/lib/python3.12/importlib/__init__.py", line 90, in import_module
web-1                               |     return _bootstrap._gcd_import(name[level:], package, level)
web-1                               |            ^^^^^^^^^^^^^^^^^^^^^^^^^^^^^^^^^^^^^^^^^^^^^^^^^^^^
web-1                               |   File "<frozen importlib._bootstrap>", line 1387, in _gcd_import
web-1                               |   File "<frozen importlib._bootstrap>", line 1360, in _find_and_load
web-1                               |   File "<frozen importlib._bootstrap>", line 1331, in _find_and_load_unlocked
web-1                               |   File "<frozen importlib._bootstrap>", line 935, in _load_unlocked
web-1                               |   File "<frozen importlib._bootstrap_external>", line 995, in exec_module
web-1                               |   File "<frozen importlib._bootstrap_external>", line 1133, in get_code
web-1                               |   File "<frozen importlib._bootstrap_external>", line 1063, in source_to_code
web-1                               |   File "<frozen importlib._bootstrap>", line 488, in _call_with_frames_removed
web-1                               |   File "/app/main_page/urls.py", line 26
web-1                               |     ),
web-1                               |     ^
web-1                               | SyntaxError: closing parenthesis ')' does not match opening parenthesis '[' on line 7
web-1                               | INFO /app/main_page/urls.py changed, reloading.
web-1                               | INFO Watching for file changes with StatReloader
web-1                               | Performing system checks...
web-1                               | 
web-1                               | Exception in thread django-main-thread:
web-1                               | Traceback (most recent call last):
web-1                               |   File "/usr/local/lib/python3.12/threading.py", line 1075, in _bootstrap_inner
web-1                               |     self.run()
web-1                               |   File "/usr/local/lib/python3.12/threading.py", line 1012, in run
web-1                               |     self._target(*self._args, **self._kwargs)
web-1                               |   File "/usr/local/lib/python3.12/site-packages/django/utils/autoreload.py", line 64, in wrapper
web-1                               |     fn(*args, **kwargs)
web-1                               |   File "/usr/local/lib/python3.12/site-packages/django/core/management/commands/runserver.py", line 134, in inner_run
web-1                               |     self.check(display_num_errors=True)
web-1                               |   File "/usr/local/lib/python3.12/site-packages/django/core/management/base.py", line 486, in check
web-1                               |     all_issues = checks.run_checks(
web-1                               |                  ^^^^^^^^^^^^^^^^^^
web-1                               |   File "/usr/local/lib/python3.12/site-packages/django/core/checks/registry.py", line 88, in run_checks
web-1                               |     new_errors = check(app_configs=app_configs, databases=databases)
web-1                               |                  ^^^^^^^^^^^^^^^^^^^^^^^^^^^^^^^^^^^^^^^^^^^^^^^^^^^
web-1                               |   File "/usr/local/lib/python3.12/site-packages/django/core/checks/urls.py", line 44, in check_url_namespaces_unique
web-1                               |     all_namespaces = _load_all_namespaces(resolver)
web-1                               |                      ^^^^^^^^^^^^^^^^^^^^^^^^^^^^^^
web-1                               |   File "/usr/local/lib/python3.12/site-packages/django/core/checks/urls.py", line 63, in _load_all_namespaces
web-1                               |     url_patterns = getattr(resolver, "url_patterns", [])
web-1                               |                    ^^^^^^^^^^^^^^^^^^^^^^^^^^^^^^^^^^^^^
web-1                               |   File "/usr/local/lib/python3.12/site-packages/django/utils/functional.py", line 47, in __get__
web-1                               |     res = instance.__dict__[self.name] = self.func(instance)
web-1                               |                                          ^^^^^^^^^^^^^^^^^^^
web-1                               |   File "/usr/local/lib/python3.12/site-packages/django/urls/resolvers.py", line 718, in url_patterns
web-1                               |     patterns = getattr(self.urlconf_module, "urlpatterns", self.urlconf_module)
web-1                               |                        ^^^^^^^^^^^^^^^^^^^
web-1                               |   File "/usr/local/lib/python3.12/site-packages/django/utils/functional.py", line 47, in __get__
web-1                               |     res = instance.__dict__[self.name] = self.func(instance)
web-1                               |                                          ^^^^^^^^^^^^^^^^^^^
web-1                               |   File "/usr/local/lib/python3.12/site-packages/django/urls/resolvers.py", line 711, in urlconf_module
web-1                               |     return import_module(self.urlconf_name)
web-1                               |            ^^^^^^^^^^^^^^^^^^^^^^^^^^^^^^^^
web-1                               |   File "/usr/local/lib/python3.12/importlib/__init__.py", line 90, in import_module
web-1                               |     return _bootstrap._gcd_import(name[level:], package, level)
web-1                               |            ^^^^^^^^^^^^^^^^^^^^^^^^^^^^^^^^^^^^^^^^^^^^^^^^^^^^
web-1                               |   File "<frozen importlib._bootstrap>", line 1387, in _gcd_import
web-1                               |   File "<frozen importlib._bootstrap>", line 1360, in _find_and_load
web-1                               |   File "<frozen importlib._bootstrap>", line 1331, in _find_and_load_unlocked
web-1                               |   File "<frozen importlib._bootstrap>", line 935, in _load_unlocked
web-1                               |   File "<frozen importlib._bootstrap_external>", line 999, in exec_module
web-1                               |   File "<frozen importlib._bootstrap>", line 488, in _call_with_frames_removed
web-1                               |   File "/app/docspot/urls.py", line 33, in <module>
web-1                               |     path("", include("main_page.urls")),
web-1                               |              ^^^^^^^^^^^^^^^^^^^^^^^^^
web-1                               |   File "/usr/local/lib/python3.12/site-packages/django/urls/conf.py", line 39, in include
web-1                               |     urlconf_module = import_module(urlconf_module)
web-1                               |                      ^^^^^^^^^^^^^^^^^^^^^^^^^^^^^
web-1                               |   File "/usr/local/lib/python3.12/importlib/__init__.py", line 90, in import_module
web-1                               |     return _bootstrap._gcd_import(name[level:], package, level)
web-1                               |            ^^^^^^^^^^^^^^^^^^^^^^^^^^^^^^^^^^^^^^^^^^^^^^^^^^^^
web-1                               |   File "<frozen importlib._bootstrap>", line 1387, in _gcd_import
web-1                               |   File "<frozen importlib._bootstrap>", line 1360, in _find_and_load
web-1                               |   File "<frozen importlib._bootstrap>", line 1331, in _find_and_load_unlocked
web-1                               |   File "<frozen importlib._bootstrap>", line 935, in _load_unlocked
web-1                               |   File "<frozen importlib._bootstrap_external>", line 995, in exec_module
web-1                               |   File "<frozen importlib._bootstrap_external>", line 1133, in get_code
web-1                               |   File "<frozen importlib._bootstrap_external>", line 1063, in source_to_code
web-1                               |   File "<frozen importlib._bootstrap>", line 488, in _call_with_frames_removed
web-1                               |   File "/app/main_page/urls.py", line 26
web-1                               |     ,
web-1                               |     ^
web-1                               | SyntaxError: invalid syntax
web-1                               | INFO /app/main_page/urls.py changed, reloading.
web-1                               | INFO Watching for file changes with StatReloader
web-1                               | Performing system checks...
web-1                               | 
web-1                               | WARNING:absl:Compiled the loaded model, but the compiled metrics have yet to be built. `model.compile_metrics` will be empty until you train or evaluate the model.
web-1                               | System check identified no issues (0 silenced).
web-1                               | August 13, 2026 - 04:26:52
web-1                               | Django version 5.1.2, using settings 'docspot.settings'
web-1                               | Starting development server at http://0.0.0.0:8000/
web-1                               | Quit the server with CONTROL-C.
web-1                               | 
web-1                               | INFO "GET /lung_cancer/predict/ HTTP/1.1" 200 7075
web-1                               | INFO:django.server:"GET /lung_cancer/predict/ HTTP/1.1" 200 7075
web-1                               | INFO "GET /static/css/production.css HTTP/1.1" 200 7851
web-1                               | INFO:django.server:"GET /static/css/production.css HTTP/1.1" 200 7851
web-1                               | INFO "GET /static/css/components/sidebar.css HTTP/1.1" 200 2031
web-1                               | INFO:django.server:"GET /static/css/components/sidebar.css HTTP/1.1" 200 2031
web-1                               | INFO "GET /static/css/components/topbar.css HTTP/1.1" 304 0
web-1                               | INFO:django.server:"GET /static/css/components/topbar.css HTTP/1.1" 304 0
web-1                               | INFO "GET /static/css/base.css HTTP/1.1" 304 0
web-1                               | INFO:django.server:"GET /static/css/base.css HTTP/1.1" 304 0
web-1                               | INFO "GET /static/css/pages/prediction.css HTTP/1.1" 200 10761
web-1                               | INFO:django.server:"GET /static/css/pages/prediction.css HTTP/1.1" 200 10761
web-1                               | INFO "GET /static/js/main.js HTTP/1.1" 200 175
web-1                               | INFO:django.server:"GET /static/js/main.js HTTP/1.1" 200 175
web-1                               | INFO "GET /static/css/variables.css HTTP/1.1" 304 0
web-1                               | INFO:django.server:"GET /static/css/variables.css HTTP/1.1" 304 0
web-1                               | INFO "GET /static/css/typography.css HTTP/1.1" 200 282
web-1                               | INFO:django.server:"GET /static/css/typography.css HTTP/1.1" 200 282
web-1                               | INFO "GET /static/css/components/forms.css HTTP/1.1" 200 0
web-1                               | INFO "GET /static/css/components/buttons.css HTTP/1.1" 200 1325
web-1                               | INFO "GET /static/css/components/page_header.css HTTP/1.1" 200 564
web-1                               | INFO:django.server:"GET /static/css/components/forms.css HTTP/1.1" 200 0
web-1                               | INFO "GET /static/css/components/cards.css HTTP/1.1" 200 7828
web-1                               | INFO:django.server:"GET /static/css/components/buttons.css HTTP/1.1" 200 1325
web-1                               | INFO:django.server:"GET /static/css/components/page_header.css HTTP/1.1" 200 564
web-1                               | INFO:django.server:"GET /static/css/components/cards.css HTTP/1.1" 200 7828
web-1                               | INFO "GET /static/css/components/navigation.css HTTP/1.1" 304 0
web-1                               | INFO:django.server:"GET /static/css/components/navigation.css HTTP/1.1" 304 0
web-1                               | INFO "GET /static/css/utilities.css HTTP/1.1" 304 0
web-1                               | INFO:django.server:"GET /static/css/utilities.css HTTP/1.1" 304 0
web-1                               | INFO "GET /static/css/components/footer.css HTTP/1.1" 304 0
web-1                               | INFO:django.server:"GET /static/css/components/footer.css HTTP/1.1" 304 0
web-1                               | INFO "GET /static/css/animation.css HTTP/1.1" 304 0
web-1                               | INFO:django.server:"GET /static/css/animation.css HTTP/1.1" 304 0
web-1                               | INFO "GET /static/css/components/charts.css HTTP/1.1" 304 0
web-1                               | INFO:django.server:"GET /static/css/components/charts.css HTTP/1.1" 304 0
web-1                               | INFO "GET / HTTP/1.1" 200 30480
web-1                               | INFO:django.server:"GET / HTTP/1.1" 200 30480
web-1                               | INFO "GET /static/css/landing/technology.css HTTP/1.1" 200 3493
web-1                               | INFO:django.server:"GET /static/css/landing/technology.css HTTP/1.1" 200 3493
web-1                               | INFO "GET /static/css/landing/analytics.css HTTP/1.1" 304 0
web-1                               | INFO:django.server:"GET /static/css/landing/analytics.css HTTP/1.1" 304 0
web-1                               | INFO "GET /static/css/landing/stats.css HTTP/1.1" 304 0
web-1                               | INFO:django.server:"GET /static/css/landing/stats.css HTTP/1.1" 304 0
web-1                               | INFO "GET /static/css/landing/dashboard-preview.css HTTP/1.1" 200 4219
web-1                               | INFO:django.server:"GET /static/css/landing/dashboard-preview.css HTTP/1.1" 200 4219
web-1                               | INFO "GET /static/css/landing/hero.css HTTP/1.1" 200 3057
web-1                               | INFO:django.server:"GET /static/css/landing/hero.css HTTP/1.1" 200 3057
web-1                               | INFO "GET /static/images/dashboard/dashboard-preview.png HTTP/1.1" 304 0
web-1                               | INFO:django.server:"GET /static/images/dashboard/dashboard-preview.png HTTP/1.1" 304 0
web-1                               | INFO "GET /static/css/landing/footer.css HTTP/1.1" 304 0
web-1                               | INFO:django.server:"GET /static/css/landing/footer.css HTTP/1.1" 304 0
web-1                               | INFO "GET /static/css/landing/modules.css HTTP/1.1" 200 6408
web-1                               | INFO:django.server:"GET /static/css/landing/modules.css HTTP/1.1" 200 6408
web-1                               | INFO "GET /static/images/hero/hero.png HTTP/1.1" 304 0
web-1                               | INFO:django.server:"GET /static/images/hero/hero.png HTTP/1.1" 304 0
web-1                               | INFO "GET //workspace/predictions/ HTTP/1.1" 200 106861
web-1                               | INFO:django.server:"GET //workspace/predictions/ HTTP/1.1" 200 106861
web-1                               | INFO "GET //workspace/predictions/ HTTP/1.1" 200 106862
web-1                               | INFO:django.server:"GET //workspace/predictions/ HTTP/1.1" 200 106862
web-1                               | INFO "GET //workspace/predictions/ HTTP/1.1" 200 154535
web-1                               | INFO:django.server:"GET //workspace/predictions/ HTTP/1.1" 200 154535
web-1                               | INFO "GET //workspace/predictions/ HTTP/1.1" 200 154535
web-1                               | INFO:django.server:"GET //workspace/predictions/ HTTP/1.1" 200 154535
web-1                               | INFO "GET /static/css/components/sidebar.css HTTP/1.1" 200 2031
web-1                               | INFO:django.server:"GET /static/css/components/sidebar.css HTTP/1.1" 200 2031
web-1                               | INFO "GET /static/css/components/topbar.css HTTP/1.1" 200 2215
web-1                               | INFO:django.server:"GET /static/css/components/topbar.css HTTP/1.1" 200 2215
web-1                               | INFO "GET /static/css/production.css HTTP/1.1" 200 7851
web-1                               | INFO:django.server:"GET /static/css/production.css HTTP/1.1" 200 7851
web-1                               | INFO "GET /static/css/base.css HTTP/1.1" 200 516
web-1                               | INFO:django.server:"GET /static/css/base.css HTTP/1.1" 200 516
web-1                               | INFO "GET /static/js/main.js HTTP/1.1" 200 175
web-1                               | INFO:django.server:"GET /static/js/main.js HTTP/1.1" 200 175
web-1                               | INFO "GET /static/css/utilities.css HTTP/1.1" 200 1179
web-1                               | INFO:django.server:"GET /static/css/utilities.css HTTP/1.1" 200 1179
web-1                               | INFO "GET /static/css/variables.css HTTP/1.1" 200 722
web-1                               | INFO:django.server:"GET /static/css/variables.css HTTP/1.1" 200 722
web-1                               | INFO "GET /static/css/pages/dashboard.css HTTP/1.1" 200 12002
web-1                               | INFO:django.server:"GET /static/css/pages/dashboard.css HTTP/1.1" 200 12002
web-1                               | INFO "GET /static/css/pages/prediction.css HTTP/1.1" 200 20107
web-1                               | INFO:django.server:"GET /static/css/pages/prediction.css HTTP/1.1" 200 20107
web-1                               | INFO "GET /static/css/animation.css HTTP/1.1" 200 532
web-1                               | INFO:django.server:"GET /static/css/animation.css HTTP/1.1" 200 532
web-1                               | INFO "GET /static/css/typography.css HTTP/1.1" 200 282
web-1                               | INFO:django.server:"GET /static/css/typography.css HTTP/1.1" 200 282
web-1                               | INFO "GET /static/css/components/buttons.css HTTP/1.1" 200 1325
web-1                               | INFO:django.server:"GET /static/css/components/buttons.css HTTP/1.1" 200 1325
web-1                               | INFO "GET /static/css/components/footer.css HTTP/1.1" 200 188
web-1                               | INFO:django.server:"GET /static/css/components/footer.css HTTP/1.1" 200 188
web-1                               | INFO "GET /static/css/components/forms.css HTTP/1.1" 200 0
web-1                               | INFO:django.server:"GET /static/css/components/forms.css HTTP/1.1" 200 0
web-1                               | INFO "GET /static/css/components/navigation.css HTTP/1.1" 200 0
web-1                               | INFO:django.server:"GET /static/css/components/navigation.css HTTP/1.1" 200 0
web-1                               | INFO "GET /static/css/components/charts.css HTTP/1.1" 200 1940
web-1                               | INFO:django.server:"GET /static/css/components/charts.css HTTP/1.1" 200 1940
web-1                               | INFO "GET /static/css/components/cards.css HTTP/1.1" 200 7828
web-1                               | INFO:django.server:"GET /static/css/components/cards.css HTTP/1.1" 200 7828
web-1                               | INFO "GET /static/css/components/page_header.css HTTP/1.1" 200 564
web-1                               | INFO:django.server:"GET /static/css/components/page_header.css HTTP/1.1" 200 564
web-1                               | WARNING Not Found: /favicon.ico
web-1                               | WARNING:django.request:Not Found: /favicon.ico
web-1                               | WARNING "GET /favicon.ico HTTP/1.1" 404 8183
web-1                               | WARNING:django.server:"GET /favicon.ico HTTP/1.1" 404 8183
